sample_id	barcode	fmx_droplet_type	fmx_sample	tech	consensus_cell_type
CNA_10xv2_1	CGAAACGGAATCAGCT	SNG	sampleB	10xv2	CD4+ T cell
CNA_10xv2_1	AAGTTTCCTGAGCTGA	SNG	sampleA	10xv2	CD14+ monocyte
CNA_10xv2_1	TCCCTGTGAACGTGCC	SNG	sampleA	10xv2	Natural killer cell
CNA_10xv2_1	TGGCATCCTCTTAGTG	SNG	sampleA	10xv2	Cytotoxic T cell
CNA_10xv2_1	CTGCACGGATGGCTGC	SNG	sampleB	10xv2	Cytotoxic T cell
CNA_10xv2_1	ATGACAAGATTTGTCT	SNG	sampleA	10xv2	Natural killer cell
CNA_10xv2_1	GGCGTTTCTGCACCCA	SNG	sampleB	10xv2	B cell
CNA_10xv2_1	GTCGGCTGAATCTGTG	SNG	sampleA	10xv2	Natural killer cell
CNA_10xv2_1	GATAGCGGATAGCGAG	SNG	sampleB	10xv2	B cell
CNA_10xv2_1	TTGTATCTGGGTTGAG	SNG	sampleB	10xv2	Natural killer cell
CNA_10xv2_1	AGTGAAATGTATCTGG	SNG	sampleB	10xv2	CD4+ T cell
CNA_10xv2_1	CTGAGCGTGTGAACAA	SNG	sampleB	10xv2	B cell
CNA_10xv2_1	CAGCGCATGTCCCGTT	SNG	sampleA	10xv2	CD14+ monocyte
CNA_10xv2_1	CTACAACGAGCGGTAA	SNG	sampleB	10xv2	CD4+ T cell
CNA_10xv2_1	TTCGTCGTGACACCGC	SNG	sampleA	10xv2	Cytotoxic T cell
CNA_10xv2_1	TAATAGGGATAGCGAG	SNG	sampleA	10xv2	CD4+ T cell
CNA_10xv2_1	CATTTCCCTCTCATCC	SNG	sampleB	10xv2	CD4+ T cell
CNA_10xv2_1	GGTAGCCTGGCCCTGA	SNG	sampleA	10xv2	B cell
CNA_10xv2_1	TTCTATGACCACTCAA	SNG	sampleA	10xv2	Natural killer cell
CNA_10xv2_1	GCGCAGTTGGCCACGT	SNG	sampleA	10xv2	Natural killer cell
CNA_10xv2_1	ACGAGGATGCATGATC	SNG	sampleA	10xv2	CD14+ monocyte
CNA_10xv2_1	GCGTCGATGTTCTCGC	SNG	sampleB	10xv2	CD14+ monocyte
CNA_10xv2_1	AGGTGTGGAGCCACGT	SNG	sampleA	10xv2	B cell
CNA_10xv2_1	GGTTGGAGAGCTAATC	SNG	sampleA	10xv2	Cytotoxic T cell
CNA_10xv2_1	ACCTGCTACCGTTATG	SNG	sampleA	10xv2	CD16+ monocyte
CNA_10xv2_1	CGCACACGAATCACAC	SNG	sampleA	10xv2	CD4+ T cell
CNA_10xv2_1	CCTGTTGACCGAATCT_GCGTTTAGATGAACAA	SNG	sampleB	10xv2	CD16+ monocyte
CNA_10xv2_1	CGGACGTTGGCCAGCT	SNG	sampleB	10xv2	CD16+ monocyte
CNA_10xv2_1	AGATATGGATAGGAGC	SNG	sampleB	10xv2	Natural killer cell
CNA_10xv2_1	GTGAGATCTTACACTG	SNG	sampleA	10xv2	Natural killer cell
CNA_10xv2_1	GGATGCCTGTCGCTAA	SNG	sampleB	10xv2	B cell
CNA_10xv2_1	CCAGCACGAAGGTGCA	SNG	sampleB	10xv2	B cell
CNA_10xv2_1	CTTCCACGAGTGGTGA	SNG	sampleA	10xv2	CD14+ monocyte
CNA_10xv2_1	AACACTCGAGCCGTTG	SNG	sampleB	10xv2	B cell
CNA_10xv2_1	TCGTTCGTGTACAGCT	SNG	sampleB	10xv2	CD16+ monocyte
CNA_10xv2_1	TCCGAGTCTCTACTCC	SNG	sampleA	10xv2	Cytotoxic T cell
CNA_10xv2_1	GAGAGAAGAATGAATG	SNG	sampleA	10xv2	Natural killer cell
CNA_10xv2_1	GTCCGAGTGACCAAGG	SNG	sampleA	10xv2	CD16+ monocyte
CNA_10xv2_1	TCGCCTCCTACGTGCC	SNG	sampleA	10xv2	Natural killer cell
CNA_10xv2_1	GGCAACGCTCCAGGCT	SNG	sampleA	10xv2	Dendritic cell
CNA_10xv2_1	GTTGATGACGGACAGT	SNG	sampleA	10xv2	CD4+ T cell
CNA_10xv2_1	TGAGGAGTGCGATGGA	SNG	sampleB	10xv2	CD4+ T cell
CNA_10xv2_1	TTGACAGTGAGGACAC	SNG	sampleA	10xv2	B cell
CNA_10xv2_1	CAAAGGGACAACTAGA	SNG	sampleA	10xv2	Natural killer cell
CNA_10xv2_1	TTGGCGCGAAGGTGAC	SNG	sampleB	10xv2	Cytotoxic T cell
CNA_10xv2_1	ACTGGAACTCAGCTGC	SNG	sampleB	10xv2	CD14+ monocyte
CNA_10xv2_1	GGAAGCCCTGCGGTTC	SNG	sampleB	10xv2	Dendritic cell
CNA_10xv2_1	TACGTGTGAACAACAA	SNG	sampleA	10xv2	CD14+ monocyte
CNA_10xv2_1	TAATTGCCTTCGACAT	SNG	sampleA	10xv2	CD14+ monocyte
CNA_10xv2_1	CCTTTCTACGAATTGA	SNG	sampleA	10xv2	CD4+ T cell
CNA_10xv2_1	TCCATTCCTGAATGTA	SNG	sampleB	10xv2	CD4+ T cell
CNA_10xv2_1	GAAATCCACTTGGTTG	SNG	sampleA	10xv2	CD4+ T cell
CNA_10xv2_1	GTTCCTGTGCGACACC	SNG	sampleB	10xv2	Natural killer cell
CNA_10xv2_1	TATCCATACGATCATC	SNG	sampleA	10xv2	Natural killer cell
CNA_10xv2_1	AGCACATTGCAGCTGC	SNG	sampleB	10xv2	B cell
CNA_10xv2_1	GTGGTAACTGCTCCTT	SNG	sampleB	10xv2	CD4+ T cell
CNA_10xv2_1	AAAGGGAGATTGCGCG	SNG	sampleA	10xv2	Natural killer cell
CNA_10xv2_1	CGACCTGGACCTGCGA	SNG	sampleA	10xv2	Natural killer cell
CNA_10xv2_1	CACTCTTCTAAACATG	SNG	sampleA	10xv2	CD4+ T cell
CNA_10xv2_1	TAGCGTAACCAATGAA	SNG	sampleB	10xv2	Cytotoxic T cell
CNA_10xv2_1	CCATGATGATACGTTG	SNG	sampleA	10xv2	Natural killer cell
CNA_10xv2_1	TCGCCGAGAAACCAAA	SNG	sampleA	10xv2	Natural killer cell
CNA_10xv2_1	GCTGACCGAGCCAGCT	SNG	sampleB	10xv2	CD4+ T cell
CNA_10xv2_1	ACACAGACTTAACGGG	SNG	sampleB	10xv2	CD4+ T cell
CNA_10xv2_1	CACAGCGTGCCGTTAA	SNG	sampleA	10xv2	CD14+ monocyte
CNA_10xv2_1	CCGCTATTGTAATCGC	SNG	sampleB	10xv2	Cytotoxic T cell
CNA_10xv2_1	GTAATCGTGGCGTATT	SNG	sampleB	10xv2	CD4+ T cell
CNA_10xv2_1	CATTACACTTTAGCTG_GCACGGACTTAGGAGC	SNG	sampleB	10xv2	B cell
CNA_10xv2_1	TTTGCGGCTTAGCGAG	SNG	sampleB	10xv2	CD4+ T cell
CNA_10xv2_1	TATGGGTACCCGGCTA	SNG	sampleB	10xv2	CD4+ T cell
CNA_10xv2_1	TAGGACTTGGAATGTA	SNG	sampleA	10xv2	CD4+ T cell
CNA_10xv2_1	AGCCCAGACCTTAAGC	SNG	sampleB	10xv2	Natural killer cell
CNA_10xv2_1	CCAAGGAGAGCTTCGG	SNG	sampleA	10xv2	B cell
CNA_10xv2_1	CGAACATACATGTCAC	SNG	sampleA	10xv2	Cytotoxic T cell
CNA_10xv2_1	TTCAGTTACTACGATC	SNG	sampleA	10xv2	Dendritic cell
CNA_10xv2_1	CGTGGGTACGTTGGTT	SNG	sampleA	10xv2	CD4+ T cell
CNA_10xv2_1	CTTGACGCTAATAGCA	SNG	sampleB	10xv2	CD16+ monocyte
CNA_10xv2_1	TTGTACTACCAGACCC	SNG	sampleB	10xv2	CD16+ monocyte
CNA_10xv2_1	CATCAGAACTCGTCAA	SNG	sampleA	10xv2	Cytotoxic T cell
CNA_10xv2_1	ATTCCAGGAGCGCAAA	SNG	sampleB	10xv2	Cytotoxic T cell
CNA_10xv2_1	TTAGTCTTGCCTGTGG	SNG	sampleB	10xv2	B cell
CNA_10xv2_1	AGATATGGATAATCGC	SNG	sampleB	10xv2	CD4+ T cell
CNA_10xv2_1	ACTTCCTCTGAATCTC	SNG	sampleB	10xv2	Cytotoxic T cell
CNA_10xv2_1	GTGGCTGTGTGCTTGA	SNG	sampleA	10xv2	CD4+ T cell
CNA_10xv2_1	AGTGTGACTATTGGTC	SNG	sampleA	10xv2	Natural killer cell
CNA_10xv2_1	AAAGTCAGACGCTCGA	SNG	sampleA	10xv2	Natural killer cell
CNA_10xv2_1	CCTTACTCTACCTGCG	SNG	sampleA	10xv2	Natural killer cell
CNA_10xv2_1	TAGCGTAACGCAGGAT	SNG	sampleB	10xv2	Dendritic cell
CNA_10xv2_1	AACACACACAGTTGAA	SNG	sampleB	10xv2	Natural killer cell
CNA_10xv2_1	TGGTAAGCTGCTTACA	SNG	sampleB	10xv2	Cytotoxic T cell
CNA_10xv2_1	ATCGTCCACGAGAGGG	SNG	sampleB	10xv2	Cytotoxic T cell
CNA_10xv2_1	TACGCCTTGAAAGCTA	SNG	sampleA	10xv2	Cytotoxic T cell
CNA_10xv2_1	GTAATCGACACCGTTA	SNG	sampleB	10xv2	Natural killer cell
CNA_10xv2_1	TACCTCGACCACAGTT	SNG	sampleB	10xv2	Natural killer cell
CNA_10xv2_1	GGGAACCCTGTCTTGA	SNG	sampleA	10xv2	Natural killer cell
CNA_10xv2_1	CGTAGCTCTGCCACGT	SNG	sampleA	10xv2	CD4+ T cell
CNA_10xv2_1	CCCGGAAACAGTCTAC	SNG	sampleA	10xv2	CD4+ T cell
CNA_10xv2_1	CCGAGTCGACGAGGAT	SNG	sampleA	10xv2	CD4+ T cell
CNA_10xv2_1	TCCTAATTGCAGCAAG	SNG	sampleB	10xv2	CD16+ monocyte
CNA_10xv2_1	TTGGAGACTAAGGCTG	SNG	sampleB	10xv2	Cytotoxic T cell
CNA_10xv2_1	TGCTTGCACCGGTTGC	SNG	sampleA	10xv2	CD4+ T cell
CNA_10xv2_1	CGGATGAGATTGGCGC	SNG	sampleA	10xv2	B cell
CNA_10xv2_1	GGTACGCTGACAGGTG	SNG	sampleB	10xv2	CD14+ monocyte
CNA_10xv2_1	TAATTGCCTTTGGTTG	SNG	sampleB	10xv2	CD14+ monocyte
CNA_10xv2_1	CCCACCTCTGCCGTTG	SNG	sampleA	10xv2	Natural killer cell
CNA_10xv2_1	ATGGGAGTGCAGGGAT	SNG	sampleA	10xv2	Cytotoxic T cell
CNA_10xv2_1	CATTCCCGATCTATCT	SNG	sampleA	10xv2	Cytotoxic T cell
CNA_10xv2_1	AATCAGCTGCGCAAAG	SNG	sampleB	10xv2	Natural killer cell
CNA_10xv2_1	ATCTATCACATCCGTA	SNG	sampleB	10xv2	Cytotoxic T cell
CNA_10xv2_1	CTCCGTAACGCGTATT	SNG	sampleB	10xv2	Cytotoxic T cell
CNA_10xv2_1	ATTCCAGGACTCTGGG	SNG	sampleA	10xv2	CD4+ T cell
CNA_10xv2_1	CAGGCCATGTACTTTC	SNG	sampleB	10xv2	Natural killer cell
CNA_10xv2_1	TGGCCTTTGACGTGCC	SNG	sampleB	10xv2	B cell
CNA_10xv2_1	CATTGCGCTGAGCCTC	SNG	sampleB	10xv2	CD4+ T cell
CNA_10xv2_1	GGCTTGCGACTGGGTC	SNG	sampleA	10xv2	Cytotoxic T cell
CNA_10xv2_1	CCATCCATGCAAGGTG	SNG	sampleB	10xv2	Natural killer cell
CNA_10xv2_1	CCCGACAGATCCCGTT	SNG	sampleA	10xv2	Natural killer cell
CNA_10xv2_1	CTGTTGCACCTGTACA	SNG	sampleB	10xv2	Cytotoxic T cell
CNA_10xv2_1	GGATTAAGATCAATGC	SNG	sampleB	10xv2	B cell
CNA_10xv2_1	AACTAGCACACCAAGG	SNG	sampleB	10xv2	Natural killer cell
CNA_10xv2_1	AGGTATAGAAGCCATT	SNG	sampleB	10xv2	Natural killer cell
CNA_10xv2_1	TCGTTGCTGGAATGTA	SNG	sampleA	10xv2	CD4+ T cell
CNA_10xv2_1	GGGTATACTACAGATA	SNG	sampleA	10xv2	B cell
CNA_10xv2_1	TGCTTCTCTATCAGGG	SNG	sampleB	10xv2	Cytotoxic T cell
CNA_10xv2_1	GGTTGGAGAATTGCCA	SNG	sampleB	10xv2	Cytotoxic T cell
CNA_10xv2_1	GCACTTCTGGGCCAAA	SNG	sampleA	10xv2	Dendritic cell
CNA_10xv2_1	TTACCATTGTGTGGGA	SNG	sampleA	10xv2	Natural killer cell
CNA_10xv2_1	ATGTACGTGTGAGGCA	SNG	sampleA	10xv2	Natural killer cell
CNA_10xv2_1	CGACCAGACTGCATCA	SNG	sampleB	10xv2	Cytotoxic T cell
CNA_10xv2_1	AACTAGCACGTACTAC	SNG	sampleB	10xv2	Natural killer cell
CNA_10xv2_1	GGAACTACTAGGCGTA	SNG	sampleA	10xv2	CD14+ monocyte
CNA_10xv2_1	GATACCATGTCGTAGT	SNG	sampleB	10xv2	CD4+ T cell
CNA_10xv2_1	AAGCCTAACTCTGGGC	SNG	sampleA	10xv2	Natural killer cell
CNA_10xv2_1	GCGACGTTGAACGTTC	SNG	sampleA	10xv2	Natural killer cell
CNA_10xv2_1	AGATACGCTTTCGTTT	SNG	sampleB	10xv2	Dendritic cell
CNA_10xv2_1	AGGGCGTCTCCGGACT	SNG	sampleA	10xv2	CD14+ monocyte
CNA_10xv2_1	TAGACCTGATCATTTC	SNG	sampleB	10xv2	Cytotoxic T cell
CNA_10xv2_1	TCTTGGCACCCTAGCG	SNG	sampleA	10xv2	Cytotoxic T cell
CNA_10xv2_1	TGATATCCTCTTAAGC	SNG	sampleA	10xv2	CD16+ monocyte
CNA_10xv2_1	ATTAGCGTGCCTCCTA	SNG	sampleB	10xv2	Cytotoxic T cell
CNA_10xv2_1	CTATTCAACCATTCAG	SNG	sampleB	10xv2	Natural killer cell
CNA_10xv2_1	TAACGCATGCAAGGTG	SNG	sampleA	10xv2	Natural killer cell
CNA_10xv2_1	GAGACTTACCCAACGC	SNG	sampleB	10xv2	Natural killer cell
CNA_10xv2_1	GATACGGGAGTTGACT	SNG	sampleA	10xv2	CD14+ monocyte
CNA_10xv2_1	CATCGCGGACTATCTT	SNG	sampleA	10xv2	CD4+ T cell
CNA_10xv2_1	CAATGCCCTCATGATC	SNG	sampleB	10xv2	Cytotoxic T cell
CNA_10xv2_1	CGCTTCCCTTGAGTAA	SNG	sampleA	10xv2	Dendritic cell
CNA_10xv2_1	GTGGTAACTCATCTTT	SNG	sampleB	10xv2	Natural killer cell
CNA_10xv2_1	CCTTTCTACGATCCAT	SNG	sampleA	10xv2	Cytotoxic T cell
CNA_10xv2_1	CGACGACACCGGTTGC	SNG	sampleB	10xv2	Cytotoxic T cell
CNA_10xv2_1	AGAACAATGAGCGCTC	SNG	sampleB	10xv2	Cytotoxic T cell
CNA_10xv2_1	CTATAGCGACGGTACC	SNG	sampleA	10xv2	Dendritic cell
CNA_10xv2_1	TTCCCGAACCCAGCAC	SNG	sampleA	10xv2	CD4+ T cell
CNA_10xv2_1	CAAGATAGACCTAGCG	SNG	sampleA	10xv2	CD14+ monocyte
CNA_10xv2_1	TGGCATCCTTCATTTC	SNG	sampleB	10xv2	Cytotoxic T cell
CNA_10xv2_1	GGTTCAATGACAGGTG	SNG	sampleB	10xv2	Cytotoxic T cell
CNA_10xv2_1	CATTCTATGGCTCAGC	SNG	sampleB	10xv2	CD14+ monocyte
CNA_10xv2_1	AGAACCTTGCAATAGA	SNG	sampleB	10xv2	Cytotoxic T cell
CNA_10xv2_1	CTACAACGAATGTCCA	SNG	sampleA	10xv2	Natural killer cell
CNA_10xv2_1	CACTTAGGAAACGTGG	SNG	sampleA	10xv2	B cell
CNA_10xv2_1	TTCACGAGAAAGGTGC	SNG	sampleB	10xv2	Natural killer cell
CNA_10xv2_1	CTTCTAAACAGAGGCT	SNG	sampleB	10xv2	Cytotoxic T cell
CNA_10xv2_1	ACCTATGGACGGTTTA	SNG	sampleA	10xv2	CD4+ T cell
CNA_10xv2_1	AAGTACCACACTCGAT	SNG	sampleA	10xv2	Dendritic cell
CNA_10xv2_1	GCAGACCTGGCTAATC	SNG	sampleB	10xv2	Cytotoxic T cell
CNA_10xv2_1	TCTTCCTTGTTACGAC	SNG	sampleB	10xv2	Cytotoxic T cell
CNA_10xv2_1	CAGATGACTCCTAACA	SNG	sampleB	10xv2	Natural killer cell
CNA_10xv2_1	TCGATGATGATGTCCA	SNG	sampleB	10xv2	CD16+ monocyte
CNA_10xv2_1	GAACGTTTGATAACCC	SNG	sampleA	10xv2	CD4+ T cell
CNA_10xv2_1	GTCAACTGACCGGCTA	SNG	sampleA	10xv2	Natural killer cell
CNA_10xv2_1	ATCAATCCTTATTGCG	SNG	sampleB	10xv2	B cell
CNA_10xv2_1	CCCTGATTGTCCAGCG	SNG	sampleB	10xv2	B cell
CNA_10xv2_1	TTTGACGGAGCGGTTC	SNG	sampleA	10xv2	Cytotoxic T cell
CNA_10xv2_1	CCATTGCTGCGAGGAT	SNG	sampleA	10xv2	CD4+ T cell
CNA_10xv2_1	GCACGACACTACACTG	SNG	sampleA	10xv2	Cytotoxic T cell
CNA_10xv2_1	GGTTGGAGATGAGCAG	SNG	sampleB	10xv2	Cytotoxic T cell
CNA_10xv2_1	AGTGGAGTGGTTCTCC	SNG	sampleB	10xv2	CD14+ monocyte
CNA_10xv2_1	CACGGAAGAGCTTCGG	SNG	sampleB	10xv2	Cytotoxic T cell
CNA_10xv2_1	AAACCGTACAAACTGA	SNG	sampleB	10xv2	CD16+ monocyte
CNA_10xv2_1	TCTTGAACTTAATCGC	SNG	sampleB	10xv2	CD14+ monocyte
CNA_10xv2_1	AGCCAGCACTCCTACC	SNG	sampleB	10xv2	CD14+ monocyte
CNA_10xv2_1	CTTACATTGCTGGGTC	SNG	sampleB	10xv2	Natural killer cell
CNA_10xv2_1	GAATCGGGACGAACAG	SNG	sampleB	10xv2	CD16+ monocyte
CNA_10xv2_1	GCTACGGACAGCCCTG	SNG	sampleA	10xv2	CD4+ T cell
CNA_10xv2_1	GGTTTAGTGGGCCAAA	SNG	sampleB	10xv2	Cytotoxic T cell
CNA_10xv2_1	ATCAATCCTTCCAATG	SNG	sampleB	10xv2	B cell
CNA_10xv2_1	CTATGCCACCCTAGCG	SNG	sampleB	10xv2	CD4+ T cell
CNA_10xv2_1	TCTCAGAGAAACGTTC	SNG	sampleA	10xv2	CD4+ T cell
CNA_10xv2_1	ATAGGAAACTTCTGGA	SNG	sampleA	10xv2	CD4+ T cell
CNA_10xv2_1	TCCCTGTGAATTCTGG	SNG	sampleA	10xv2	B cell
CNA_10xv2_1	AGGGTTTACCGATGGA	SNG	sampleB	10xv2	B cell
CNA_10xv2_1	TATGGTTCTAAACTGA	SNG	sampleA	10xv2	B cell
CNA_10xv2_1	GCCCATACTAGTCTGT	SNG	sampleA	10xv2	CD14+ monocyte
CNA_10xv2_1	GTTTCATTGCATGCTA	SNG	sampleA	10xv2	CD14+ monocyte
CNA_10xv2_1	GTCGACCGATAAGCAA	SNG	sampleB	10xv2	Natural killer cell
CNA_10xv2_1	GTTGACTGAAGTACGG	SNG	sampleA	10xv2	CD4+ T cell
CNA_10xv2_1	CCGTTACTGGAAGTTA	SNG	sampleB	10xv2	Cytotoxic T cell
CNA_10xv2_1	ACCGGAGCTAATAGCA	SNG	sampleA	10xv2	Natural killer cell
CNA_10xv2_1	TCCATATACCGACATT	SNG	sampleA	10xv2	CD14+ monocyte
CNA_10xv2_1	CAGACTCCTAAGGCTG	SNG	sampleB	10xv2	CD16+ monocyte
CNA_10xv2_1	ACACGTTGAAGACAAT	SNG	sampleA	10xv2	CD14+ monocyte
CNA_10xv2_1	AGGTAGCGAAGTTGAA	SNG	sampleB	10xv2	Natural killer cell
CNA_10xv2_1	GCTCGTGGATCTGTGA	SNG	sampleB	10xv2	B cell
CNA_10xv2_1	AAAGGATACTCTGTAG	SNG	sampleB	10xv2	Natural killer cell
CNA_10xv2_1	CCGAACTCTTCGTCAA	SNG	sampleB	10xv2	B cell
CNA_10xv2_1	AAGAAACACCAGCACC_TCCGGGTGAGAAGTTA	SNG	sampleB	10xv2	CD4+ T cell
CNA_10xv2_1	AGCTTCCACAGCCTAT	SNG	sampleB	10xv2	Natural killer cell
CNA_10xv2_1	CTCAGCACTTTCGCCT	SNG	sampleB	10xv2	Cytotoxic T cell
CNA_10xv2_1	TTAGCGATGCATGATC	SNG	sampleA	10xv2	Natural killer cell
CNA_10xv2_1	AGGTATAGAGTTAGAA	SNG	sampleB	10xv2	CD14+ monocyte
CNA_10xv2_1	GGGATGTGACTGGGTC	SNG	sampleA	10xv2	Cytotoxic T cell
CNA_10xv2_1	TCGACTCTGGGACCAA	SNG	sampleB	10xv2	Cytotoxic T cell
CNA_10xv2_1	TTGCGATGAAACGTTC	SNG	sampleB	10xv2	Natural killer cell
CNA_10xv2_1	GTCACGCGACACAGTT	SNG	sampleA	10xv2	Natural killer cell
CNA_10xv2_1	CGTTATGGATTCTGAG	SNG	sampleA	10xv2	Cytotoxic T cell
CNA_10xv2_1	TGGCGTTCTTACCAAC	SNG	sampleB	10xv2	CD4+ T cell
CNA_10xv2_1	GTTGACTGACATGATC	SNG	sampleA	10xv2	CD14+ monocyte
CNA_10xv2_1	TCGGTGCGACGGAATG	SNG	sampleB	10xv2	CD4+ T cell
CNA_10xv2_1	CCTTCCAGAGCTAATC	SNG	sampleA	10xv2	CD4+ T cell
CNA_10xv2_1	CAAACCTGAGCGTATT	SNG	sampleA	10xv2	B cell
CNA_10xv2_1	TTTGCGGCTAGCTTGT	SNG	sampleA	10xv2	CD14+ monocyte
CNA_10xv2_1	GCGTTTAGAGAAGGTC	SNG	sampleB	10xv2	Natural killer cell
CNA_10xv2_1	ATTAGCGTGTACTTTC	SNG	sampleB	10xv2	Natural killer cell
CNA_10xv2_1	CGAAACGGATCTTTGT	SNG	sampleA	10xv2	CD14+ monocyte
CNA_10xv2_1	CAAGGGATGTAATGCC	SNG	sampleB	10xv2	B cell
CNA_10xv2_1	GCTTCGGGAAGCAGGT	SNG	sampleA	10xv2	CD14+ monocyte
CNA_10xv2_1	CATGCAAACTACAGAA	SNG	sampleA	10xv2	CD4+ T cell
CNA_10xv2_1	GCCTAAATGCTCGAGC	SNG	sampleA	10xv2	CD4+ T cell
CNA_10xv2_1	CGACGACACAGCGCTC	SNG	sampleB	10xv2	Natural killer cell
CNA_10xv2_1	ATCCCGACTTGATGAA	SNG	sampleA	10xv2	Natural killer cell
CNA_10xv2_1	GAATTCTCTAGGACAC	SNG	sampleB	10xv2	CD4+ T cell
CNA_10xv2_1	TCGTATGGAAAAGTAC	SNG	sampleA	10xv2	Natural killer cell
CNA_10xv2_1	AAGACGGTGACCGTGC	SNG	sampleA	10xv2	Natural killer cell
CNA_10xv2_1	GTCCCAGGACCTTCCA	SNG	sampleA	10xv2	CD16+ monocyte
CNA_10xv2_1	TGCGTCTACCAATGAA	SNG	sampleA	10xv2	CD14+ monocyte
CNA_10xv2_1	CCAGGCAACCTGATCA	SNG	sampleA	10xv2	Natural killer cell
CNA_10xv2_1	CAGACTCCTTGAAAGT	SNG	sampleA	10xv2	Natural killer cell
CNA_10xv2_1	CTCAATTTGTACGATC	SNG	sampleB	10xv2	Dendritic cell
CNA_10xv2_1	TAGTACCGAGAGAGGG	SNG	sampleA	10xv2	CD4+ T cell
CNA_10xv2_1	TGGACCCGATTGGTTG	SNG	sampleB	10xv2	CD4+ T cell
CNA_10xv2_1	CCGTACGGACCAACGC	SNG	sampleB	10xv2	B cell
CNA_10xv2_1	TGTTCTCCTAGGTGCA	SNG	sampleA	10xv2	CD4+ T cell
CNA_10xv2_1	AGCTTGTGAGCTGTTA	SNG	sampleB	10xv2	CD16+ monocyte
CNA_10xv2_1	GTAAGAAACTCGTCAA	SNG	sampleB	10xv2	Dendritic cell
CNA_10xv2_1	ACGTGGCTGCCATGTA	SNG	sampleA	10xv2	Natural killer cell
CNA_10xv2_1	GACCCATCTGCGCTGT	SNG	sampleB	10xv2	CD14+ monocyte
CNA_10xv2_1	TTTAGGGACTTTCGCC	SNG	sampleB	10xv2	CD14+ monocyte
CNA_10xv2_1	TGTTACTTGCCGCTAG	SNG	sampleA	10xv2	CD4+ T cell
CNA_10xv2_1	AACCGCTCTGAATTGA	SNG	sampleB	10xv2	CD16+ monocyte
CNA_10xv2_1	TCGCCTATGGGTTGAG	SNG	sampleA	10xv2	CD4+ T cell
CNA_10xv2_1	TTGCATTACCTCGAGC	SNG	sampleA	10xv2	Cytotoxic T cell
CNA_10xv2_1	ATTGTGCGAAACGTAA	SNG	sampleB	10xv2	CD4+ T cell
CNA_10xv2_1	AGGAGTTCTCATGCTA	SNG	sampleA	10xv2	CD14+ monocyte
CNA_10xv2_1	TTCTAGACTATTGGTC	SNG	sampleB	10xv2	CD16+ monocyte
CNA_10xv2_1	AGTGTTCGAAAGTCTC	SNG	sampleA	10xv2	CD4+ T cell
CNA_10xv2_1	GTTCTTCCTGCTGGCT	SNG	sampleA	10xv2	Natural killer cell
CNA_10xv2_1	ATCGCCGGAATCACAC	SNG	sampleA	10xv2	Cytotoxic T cell
CNA_10xv2_1	ACACACTGAGGTGTCC	SNG	sampleA	10xv2	Natural killer cell
CNA_10xv2_1	GATATCGTGAGGTAAT	SNG	sampleB	10xv2	CD14+ monocyte
CNA_10xv2_1	ACGCAGAGATTTCTGT	SNG	sampleB	10xv2	B cell
CNA_10xv2_1	TTCTATGACCCTCCTA	SNG	sampleA	10xv2	Cytotoxic T cell
CNA_10xv2_1	ATATGCCGATTGCGTA	SNG	sampleA	10xv2	CD4+ T cell
CNA_10xv2_1	TATGGGTACCCTCAAA	SNG	sampleB	10xv2	Cytotoxic T cell
CNA_10xv2_1	GACCTTAGAACACCTA	SNG	sampleB	10xv2	Natural killer cell
CNA_10xv2_1	TCTGAGCCTTAGCGAG	SNG	sampleA	10xv2	B cell
CNA_10xv2_1	TAACTCACTTAGGAGC	SNG	sampleA	10xv2	CD4+ T cell
CNA_10xv2_1	CTGCACGGATGTCACA	SNG	sampleB	10xv2	CD16+ monocyte
CNA_10xv2_1	GTTCTGGCTAACGCAG	SNG	sampleA	10xv2	Natural killer cell
CNA_10xv2_1	CCTGCCTCTGGCCATC	SNG	sampleB	10xv2	CD16+ monocyte
CNA_10xv2_1	AGTTCACGATTGCGTA	SNG	sampleA	10xv2	Natural killer cell
CNA_10xv2_1	AGGGCAAACTTAGCTG	SNG	sampleA	10xv2	CD14+ monocyte
CNA_10xv2_1	GAAGCTTTGCGTGCAC	SNG	sampleA	10xv2	Natural killer cell
CNA_10xv2_1	TTACACACTGTACACT	SNG	sampleB	10xv2	CD14+ monocyte
CNA_10xv2_1	ACTGCTAGATGAGTAA	SNG	sampleB	10xv2	Natural killer cell
CNA_10xv2_1	CTCCTAGTGCAGCTGC	SNG	sampleB	10xv2	Natural killer cell
CNA_10xv2_1	TGTAAGCACTGTTGTG	SNG	sampleA	10xv2	Cytotoxic T cell
CNA_10xv2_1	AGACGCAGACAATAGA	SNG	sampleB	10xv2	Cytotoxic T cell
CNA_10xv2_1	GATCTGCCTCGCACTG	SNG	sampleB	10xv2	B cell
CNA_10xv2_1	TCGTAGAACCAGTCTA	SNG	sampleB	10xv2	Natural killer cell
CNA_10xv2_1	GACCCGTGAGACAAAT	SNG	sampleA	10xv2	Natural killer cell
CNA_10xv2_1	GATGGTTACAGTACGG	SNG	sampleB	10xv2	B cell
CNA_10xv2_1	TGTTGACGAAGACAAT	SNG	sampleA	10xv2	Natural killer cell
CNA_10xv2_1	ATGCATCGATCGTCCT	SNG	sampleA	10xv2	B cell
CNA_10xv2_1	GTTCCCATGACCGTGC	SNG	sampleB	10xv2	Cytotoxic T cell
CNA_10xv2_1	CTGCCTTGACTAACGT	SNG	sampleA	10xv2	CD4+ T cell
CNA_10xv2_1	CCTATCGACTGACTCA	SNG	sampleB	10xv2	Cytotoxic T cell
CNA_10xv2_1	GTTGAAGCTGACATAA	SNG	sampleB	10xv2	CD4+ T cell
CNA_10xv2_1	GCGCGAACTGGAATAT	SNG	sampleB	10xv2	Natural killer cell
CNA_10xv2_1	AAGCATCACGGACCAA	SNG	sampleB	10xv2	CD16+ monocyte
CNA_10xv2_1	GCGTTCTACGCACGCT	SNG	sampleB	10xv2	Natural killer cell
CNA_10xv2_1	TTCCCGAACTTGGGAG	SNG	sampleA	10xv2	Natural killer cell
CNA_10xv2_1	GGGTAGTGAGGGACTA	SNG	sampleB	10xv2	CD4+ T cell
CNA_10xv2_1	AATTACCCTCCTAGCG	SNG	sampleB	10xv2	Cytotoxic T cell
CNA_10xv2_1	CAAAGAATGACCGTTA	SNG	sampleA	10xv2	CD14+ monocyte
CNA_10xv2_1	GCTAGATACTATTGCG	SNG	sampleA	10xv2	Natural killer cell
CNA_10xv2_1	TAGGATAGAAGGTAAT	SNG	sampleB	10xv2	B cell
CNA_10xv2_1	AGCTTGCCTCCAGGCT	SNG	sampleB	10xv2	CD4+ T cell
CNA_10xv2_1	CAACTGAACTTCAGTG	SNG	sampleB	10xv2	CD4+ T cell
CNA_10xv2_1	AAGCCATTGTACGTTG	SNG	sampleB	10xv2	Natural killer cell
CNA_10xv2_1	GCCAGTCGATGATGAA	SNG	sampleB	10xv2	CD4+ T cell
CNA_10xv2_1	ACTGATTCTATGTCCA	SNG	sampleA	10xv2	CD14+ monocyte
CNA_10xv2_1	TCACACAGACAGTCCG	SNG	sampleA	10xv2	CD4+ T cell
CNA_10xv2_1	GTAGTGGGATGATCAC	SNG	sampleB	10xv2	Natural killer cell
CNA_10xv2_1	CCCTCCTTGTTACGCA	SNG	sampleA	10xv2	Natural killer cell
CNA_10xv2_1	AACACACACCCCGAGT	SNG	sampleB	10xv2	Cytotoxic T cell
CNA_10xv2_1	GGTTCACCTACCTGCG	SNG	sampleB	10xv2	CD4+ T cell
CNA_10xv2_1	GAGAGTGACTCGCAGC	SNG	sampleB	10xv2	B cell
CNA_10xv2_1	ATAGGAAACCTTCACC	SNG	sampleA	10xv2	CD14+ monocyte
CNA_10xv2_1	TGCGGGACTTTTCCGC	SNG	sampleB	10xv2	CD4+ T cell
CNA_10xv2_1	GGCAGTAGAGGAATAT	SNG	sampleA	10xv2	CD4+ T cell
CNA_10xv2_1	GGTGCGTTGAATCCAC	SNG	sampleA	10xv2	Cytotoxic T cell
CNA_10xv2_1	TGGTTTGGAAAATGCA	SNG	sampleA	10xv2	CD16+ monocyte
CNA_10xv2_1	AACGCGAGAACCGTTA	SNG	sampleB	10xv2	B cell
CNA_10xv2_1	ATTGCTACTGCCCTGA	SNG	sampleA	10xv2	Natural killer cell
CNA_10xv2_1	ATTGCTACTCTGCGGT	SNG	sampleB	10xv2	Natural killer cell
CNA_10xv2_1	ATTACCTACGCACCCA	SNG	sampleA	10xv2	CD4+ T cell
CNA_10xv2_1	GCGTCGATGCTTCAAG	SNG	sampleB	10xv2	CD16+ monocyte
CNA_10xv2_1	GCGCTACGAGAAGGCT	SNG	sampleA	10xv2	Natural killer cell
CNA_10xv2_1	GTTGAGTTGAGGTAAT	SNG	sampleB	10xv2	CD16+ monocyte
CNA_10xv2_1	GTGCATAACAATCGAA	SNG	sampleB	10xv2	CD4+ T cell
CNA_10xv2_1	TAGGACTTGACTAGTC	SNG	sampleA	10xv2	Natural killer cell
CNA_10xv2_1	CTAGCTCACTTCTCGC	SNG	sampleA	10xv2	CD4+ T cell
CNA_10xv2_1	ACCTCACACCTTAAGC	SNG	sampleB	10xv2	Natural killer cell
CNA_10xv2_1	CATTGGCCTAGGCGTA	SNG	sampleA	10xv2	Cytotoxic T cell
CNA_10xv2_1	CAATGTGACAGATTCC	SNG	sampleB	10xv2	Cytotoxic T cell
CNA_10xv2_1	CTGCTAGCTCTCGAGC	SNG	sampleB	10xv2	B cell
CNA_10xv2_1	CATTAGTCTCATGCTA	SNG	sampleA	10xv2	CD14+ monocyte
CNA_10xv2_1	CGTGGGTACTGTGGGA	SNG	sampleB	10xv2	Cytotoxic T cell
CNA_10xv2_1	GGCTGACTGTTCCATT	SNG	sampleA	10xv2	CD14+ monocyte
CNA_10xv2_1	CCACGGATGGGACCAA	SNG	sampleB	10xv2	B cell
CNA_10xv2_1	TGTCAATCTGAATGTA	SNG	sampleA	10xv2	B cell
CNA_10xv2_1	GTTCGGCGAGAATTGA	SNG	sampleA	10xv2	CD14+ monocyte
CNA_10xv2_1	CTCTTGGACTACGTTG	SNG	sampleB	10xv2	Cytotoxic T cell
CNA_10xv2_1	TAGGGTTTGGACACCC	SNG	sampleA	10xv2	Cytotoxic T cell
CNA_10xv2_1	CAGATGACTTAAGTAG	SNG	sampleA	10xv2	CD14+ monocyte
CNA_10xv2_1	AACGCGCTGACCTGCG	SNG	sampleA	10xv2	Natural killer cell
CNA_10xv2_1	AGCGTATACACGTGCC	SNG	sampleA	10xv2	CD14+ monocyte
CNA_10xv2_1	CGCAAATACCAGGCCT	SNG	sampleB	10xv2	B cell
CNA_10xv2_1	CTATGCCACGAACAGC	SNG	sampleB	10xv2	CD4+ T cell
CNA_10xv2_1	GTAGTGGGACAGGTGA	SNG	sampleB	10xv2	Cytotoxic T cell
CNA_10xv2_1	CACTATACTGAAGTTA	SNG	sampleA	10xv2	CD16+ monocyte
CNA_10xv2_1	ATTGAGAGAGCACTTA	SNG	sampleA	10xv2	Cytotoxic T cell
CNA_10xv2_1	ACGTCCACTCCTATCC	SNG	sampleB	10xv2	CD16+ monocyte
CNA_10xv2_1	GCTGAATTGGTCGGTC	SNG	sampleB	10xv2	Natural killer cell
CNA_10xv2_1	TTCTAGTACTTGACCA	SNG	sampleA	10xv2	B cell
CNA_10xv2_1	TCGCGGTGAAAAGCTA	SNG	sampleB	10xv2	CD16+ monocyte
CNA_10xv2_1	TGGCAATTGACAACAA	SNG	sampleB	10xv2	CD16+ monocyte
CNA_10xv2_1	TCCCAGACTTGAGTAA	SNG	sampleB	10xv2	CD16+ monocyte
CNA_10xv2_1	CGGATAGGAATCACAC	SNG	sampleB	10xv2	Natural killer cell
CNA_10xv2_1	CCCACCTCTTTACGAC	SNG	sampleB	10xv2	Cytotoxic T cell
CNA_10xv2_1	ATCGGGCACCAGGGAT	SNG	sampleA	10xv2	CD4+ T cell
CNA_10xv2_1	CAGCGCATGAGCCTAT	SNG	sampleB	10xv2	Dendritic cell
CNA_10xv2_1	ACACGTTGAGAATGTA	SNG	sampleB	10xv2	CD4+ T cell
CNA_10xv2_1	TGGTCCTTGAACGTGG	SNG	sampleB	10xv2	Natural killer cell
CNA_10xv2_1	CCAAGTTGAGTCCCGA	SNG	sampleA	10xv2	CD4+ T cell
CNA_10xv2_1	GCTTCTGACATTGGTC	SNG	sampleA	10xv2	Natural killer cell
CNA_10xv2_1	ATGCGCGTGTCGTAAC	SNG	sampleB	10xv2	Natural killer cell
CNA_10xv2_1	TGCTACGCTTTCGCCT	SNG	sampleA	10xv2	Natural killer cell
CNA_10xv2_1	ACTCGGGACGCTTTGA	SNG	sampleB	10xv2	Cytotoxic T cell
CNA_10xv2_1	AGTCACAACATGTCCA	SNG	sampleB	10xv2	Natural killer cell
CNA_10xv2_1	ATGACAAGACTTAGTG	SNG	sampleB	10xv2	CD14+ monocyte
CNA_10xv2_1	CTCTATATGGCAGGAT	SNG	sampleA	10xv2	Natural killer cell
CNA_10xv2_1	GGAAGGACTTTATGGC	SNG	sampleA	10xv2	CD4+ T cell
CNA_10xv2_1	GGTTCAATGATCCTTT	SNG	sampleB	10xv2	B cell
CNA_10xv2_1	TACCACCACGCAGTTT	SNG	sampleA	10xv2	B cell
CNA_10xv2_1	AGCTTGCCTATAACCC	SNG	sampleA	10xv2	B cell
CNA_10xv2_1	CAGTCCGGAGCTTACA	SNG	sampleA	10xv2	B cell
CNA_10xv2_1	ATATGCCGACAGGGAT	SNG	sampleB	10xv2	CD16+ monocyte
CNA_10xv2_1	GAGTTACTGCTGTACA	SNG	sampleB	10xv2	Cytotoxic T cell
CNA_10xv2_1	AGCGTATACCCTTTGC	SNG	sampleB	10xv2	Dendritic cell
CNA_10xv2_1	TCCGAGTCTCGACATT	SNG	sampleB	10xv2	CD16+ monocyte
CNA_10xv2_1	TTGTTTGACTTCTCGC	SNG	sampleB	10xv2	CD14+ monocyte
CNA_10xv2_1	ACCTCACACTCGTCCT	SNG	sampleB	10xv2	CD4+ T cell
CNA_10xv2_1	GGCGTACACCCACTTC	SNG	sampleB	10xv2	Natural killer cell
CNA_10xv2_1	CTCTGGACTCTCACTC	SNG	sampleA	10xv2	CD4+ T cell
CNA_10xv2_1	TCAAATCCTAGGCATG	SNG	sampleB	10xv2	Cytotoxic T cell
CNA_10xv2_1	TCCGACACTTGCGCCA	SNG	sampleB	10xv2	Cytotoxic T cell
CNA_10xv2_1	AAAGACTGACATGCTA	SNG	sampleA	10xv2	CD4+ T cell
CNA_10xv2_1	GATTCTGGAACAGGCA	SNG	sampleA	10xv2	CD16+ monocyte
CNA_10xv2_1	GCTATGATGTGCTGTA	SNG	sampleB	10xv2	B cell
CNA_10xv2_1	CCCTGATTGAACCCGC	SNG	sampleA	10xv2	CD14+ monocyte
CNA_10xv2_1	TGTACTGGAAACCAAA	SNG	sampleA	10xv2	CD14+ monocyte
CNA_10xv2_1	AGCACATTGCTGGAAG	SNG	sampleB	10xv2	CD14+ monocyte
CNA_10xv2_1	TGCGGGACTAGGGCTA	SNG	sampleA	10xv2	Cytotoxic T cell
CNA_10xv2_1	GACCACTCTTGCACCG	SNG	sampleA	10xv2	CD4+ T cell
CNA_10xv2_1	CGCAATCCTTAGGAGC	SNG	sampleA	10xv2	CD4+ T cell
CNA_10xv2_1	CCTGCTATGTGTTGTG	SNG	sampleA	10xv2	CD14+ monocyte
CNA_10xv2_1	AGAGCAGTGAGCTTTG	SNG	sampleA	10xv2	CD4+ T cell
CNA_10xv2_1	TGCCTACTGGCTCAGC	SNG	sampleA	10xv2	CD4+ T cell
CNA_10xv2_1	GTTGATGACAAAGTAC	SNG	sampleA	10xv2	Natural killer cell
CNA_10xv2_1	CTTGCTGACGAGCTGA	SNG	sampleA	10xv2	CD4+ T cell
CNA_10xv2_1	CCCAGAGACAAAGCTA	SNG	sampleA	10xv2	CD4+ T cell
CNA_10xv2_1	GGGCTGACTATCACAC	SNG	sampleA	10xv2	B cell
CNA_10xv2_1	GTTGAGTTGTTGTACG	SNG	sampleA	10xv2	B cell
CNA_10xv2_1	ATAGGAAACACAGATA	SNG	sampleA	10xv2	CD4+ T cell
CNA_10xv2_1	TACCAGTGATACTTTC	SNG	sampleB	10xv2	CD14+ monocyte
CNA_10xv2_1	CCTTCTTTGCCTAGTA	SNG	sampleA	10xv2	B cell
CNA_10xv2_1	AAAGCATGACGTTAGT	SNG	sampleA	10xv2	B cell
CNA_10xv2_1	TGGCATCCTATTAAGG	SNG	sampleA	10xv2	Natural killer cell
CNA_10xv2_1	GCTATGATGGTTAGGG	SNG	sampleB	10xv2	Cytotoxic T cell
CNA_10xv2_1	TGGAAGTCTTCCAGCG	SNG	sampleA	10xv2	CD14+ monocyte
CNA_10xv2_1	CACTCTTCTCGCAAAG	SNG	sampleB	10xv2	Cytotoxic T cell
CNA_10xv2_1	CCTCCTGCTCCGCTAG	SNG	sampleB	10xv2	CD14+ monocyte
CNA_10xv2_1	TGTTCTCCTAGATTCC	SNG	sampleB	10xv2	CD4+ T cell
CNA_10xv2_1	TTGTCGAGATGAACAA	SNG	sampleB	10xv2	CD4+ T cell
CNA_10xv2_1	CAACTGAACTTTCGCC	SNG	sampleA	10xv2	CD4+ T cell
CNA_10xv2_1	CGAGCACTGCCTCAAA	SNG	sampleB	10xv2	B cell
CNA_10xv2_1	ATGTACGTGCTTCACC	SNG	sampleB	10xv2	B cell
CNA_10xv2_1	CCTAACGCTTTGGCGC	SNG	sampleA	10xv2	B cell
CNA_10xv2_1	GTTGAGTTGCAGCTGC	SNG	sampleB	10xv2	CD14+ monocyte
CNA_10xv2_1	TTCTTAGACTGGAACG	SNG	sampleA	10xv2	CD16+ monocyte
CNA_10xv2_1	AGATACGCTTAGACAA	SNG	sampleB	10xv2	Cytotoxic T cell
CNA_10xv2_1	CAGGGCTTGCGAATCT	SNG	sampleA	10xv2	Natural killer cell
CNA_10xv2_1	GAGTCTCCTGTCAATC	SNG	sampleA	10xv2	CD4+ T cell
CNA_10xv2_1	AACTCACGAAGGACCA	SNG	sampleB	10xv2	Natural killer cell
CNA_10xv2_1	AATGTGCTGACAGGTG	SNG	sampleA	10xv2	CD4+ T cell
CNA_10xv2_1	TCGTATACTCGCTCGA	SNG	sampleB	10xv2	B cell
CNA_10xv2_1	TACTGGAACACCTAGT	SNG	sampleB	10xv2	Cytotoxic T cell
CNA_10xv2_1	AAACGCTACAACGTAA	SNG	sampleB	10xv2	Cytotoxic T cell
CNA_10xv2_1	TCGGTGCGAGCGCAAA	SNG	sampleA	10xv2	Cytotoxic T cell
CNA_10xv2_1	CCCAGGATGAATCGAA	SNG	sampleB	10xv2	Dendritic cell
CNA_10xv2_1	ATGGGTACTGATCATC	SNG	sampleA	10xv2	Dendritic cell
CNA_10xv2_1	TCGACACCTGCTACGC	SNG	sampleB	10xv2	Cytotoxic T cell
CNA_10xv2_1	GTTGTGATGCGGTACC	SNG	sampleB	10xv2	CD4+ T cell
CNA_10xv2_1	AAGGCGATGTGCGTGC	SNG	sampleA	10xv2	CD4+ T cell
CNA_10xv2_1	CGGTCGATGCAGTCCG	SNG	sampleB	10xv2	Cytotoxic T cell
CNA_10xv2_1	TGTACGATGCCGCAGT	SNG	sampleB	10xv2	Cytotoxic T cell
CNA_10xv2_1	TGTAAGCTGGCTCAGC	SNG	sampleA	10xv2	CD4+ T cell
CNA_10xv2_1	ATCCTCGACCGTTATG	SNG	sampleA	10xv2	CD4+ T cell
CNA_10xv2_1	CGCAAATACTAGCAGG	SNG	sampleB	10xv2	CD4+ T cell
CNA_10xv2_1	TGGTTAGACTCGACAT	SNG	sampleA	10xv2	CD4+ T cell
CNA_10xv2_1	GTAGCATACAGTCTAC	SNG	sampleA	10xv2	CD4+ T cell
CNA_10xv2_1	CAGGGCTTGTACAGCT	SNG	sampleA	10xv2	CD4+ T cell
CNA_10xv2_1	CAAAGTAGAGATGGAC	SNG	sampleA	10xv2	CD14+ monocyte
CNA_10xv2_1	TAAGCTGACAATCGAA	SNG	sampleB	10xv2	Natural killer cell
CNA_10xv2_1	CAGGGCACTAATCCAC	SNG	sampleA	10xv2	Cytotoxic T cell
CNA_10xv2_1	CGTATCGCTTTCTGAG	SNG	sampleA	10xv2	B cell
CNA_10xv2_1	TTCGATGGACGAAAGC	SNG	sampleA	10xv2	CD4+ T cell
CNA_10xv2_1	GCGTGCTGACAGACCC	SNG	sampleA	10xv2	Natural killer cell
CNA_10xv2_1	GCCATAATGTAAAGCA	SNG	sampleA	10xv2	Natural killer cell
CNA_10xv2_1	AGGAGTTCTCAATGAA	SNG	sampleB	10xv2	Cytotoxic T cell
CNA_10xv2_1	CAAAGGGACACACCTA	SNG	sampleB	10xv2	Cytotoxic T cell
CNA_10xv2_1	AATGTGCACGACCGAA	SNG	sampleA	10xv2	CD4+ T cell
CNA_10xv2_1	GCAGGTCTGCCCGCAA	SNG	sampleA	10xv2	B cell
CNA_10xv2_1	GTTTCATTGAATCCTG	SNG	sampleB	10xv2	Cytotoxic T cell
CNA_10xv2_1	TCCGGGATGTGTTCCC	SNG	sampleB	10xv2	Natural killer cell
CNA_10xv2_1	TTTGCGGCTAGGTCCC	SNG	sampleA	10xv2	CD4+ T cell
CNA_10xv2_1	CGCAAATACCCGGACT	SNG	sampleA	10xv2	Natural killer cell
CNA_10xv2_1	CATTCCTCTTTACGCA	SNG	sampleB	10xv2	CD14+ monocyte
CNA_10xv2_1	AAAGCATGATTGGGAG	SNG	sampleB	10xv2	Cytotoxic T cell
CNA_10xv2_1	GCTGAATTGATCTGTG	SNG	sampleB	10xv2	Natural killer cell
CNA_10xv2_1	GCTCATAGACGGTTGC	SNG	sampleB	10xv2	CD4+ T cell
CNA_10xv2_1	CTGCTGGGATCGTCCT	SNG	sampleA	10xv2	B cell
CNA_10xv2_1	GAGACTTACCACAGTT	SNG	sampleB	10xv2	CD14+ monocyte
CNA_10xv2_1	GGCTTCTACTAACGGG	SNG	sampleB	10xv2	Dendritic cell
CNA_10xv2_1	AGCGCAAGACAAGTTC	SNG	sampleB	10xv2	CD14+ monocyte
CNA_10xv2_1	ACAATGCACGCGCACT	SNG	sampleA	10xv2	CD4+ T cell
CNA_10xv2_1	AATGATGGAAATCCTG	SNG	sampleB	10xv2	Natural killer cell
CNA_10xv2_1	ATAAGACGAACCGTGC	SNG	sampleA	10xv2	CD14+ monocyte
CNA_10xv2_1	CACAGCGTGCCTATCC	SNG	sampleB	10xv2	CD4+ T cell
CNA_10xv2_1	GGATGCCTGCACAGTT	SNG	sampleB	10xv2	B cell
CNA_10xv2_1	GTCAACTGAGAATAAC	SNG	sampleB	10xv2	Natural killer cell
CNA_10xv2_1	AAGCGTGGAGTCTTGA	SNG	sampleB	10xv2	CD14+ monocyte
CNA_10xv2_1	TTATCGACTTGGTGAG	SNG	sampleA	10xv2	Natural killer cell
CNA_10xv2_1	AGCTATGACAAGGCTG	SNG	sampleA	10xv2	CD14+ monocyte
CNA_10xv2_1	TACCTTCCTCGATTCA	SNG	sampleA	10xv2	CD4+ T cell
CNA_10xv2_1	TGGACAACTTTCGGGC	SNG	sampleA	10xv2	CD4+ T cell
CNA_10xv2_1	ACGCCCAGAGAATGTA	SNG	sampleB	10xv2	CD16+ monocyte
CNA_10xv2_1	CCTGTTGACGAACGTG	SNG	sampleA	10xv2	Cytotoxic T cell
CNA_10xv2_1	CGCATCGGAGAAGGCT	SNG	sampleA	10xv2	CD14+ monocyte
CNA_10xv2_1	GGCGTACACGCGCTGT	SNG	sampleA	10xv2	CD4+ T cell
CNA_10xv2_1	CTAATCTTGGAGTAAT_TCATTGGGACCTGTGG_TCCCACATGCCACATA_TTGCGGTCTGGTATGG	SNG	sampleA	10xv2	CD14+ monocyte
CNA_10xv2_1	CGTAGCTCTTCTGGGC	SNG	sampleA	10xv2	CD4+ T cell
CNA_10xv2_1	GTTTGAGACCCTGTGG	SNG	sampleA	10xv2	CD4+ T cell
CNA_10xv2_1	AAGCCATTGGCCAGCT	SNG	sampleA	10xv2	CD4+ T cell
CNA_10xv2_1	AGGGCGTCTAGGTGCA	SNG	sampleA	10xv2	CD4+ T cell
CNA_10xv2_1	GGGAGCTCTCAGCACC	SNG	sampleB	10xv2	CD4+ T cell
CNA_10xv2_1	TTGGTATCTCGGTTTA	SNG	sampleA	10xv2	CD4+ T cell
CNA_10xv2_1	CATTCTATGATTGGTC	SNG	sampleB	10xv2	B cell
CNA_10xv2_1	GGTTGGAGATCTATCT	SNG	sampleB	10xv2	B cell
CNA_10xv2_1	CTAATCTTGTGCCACG	SNG	sampleB	10xv2	Natural killer cell
CNA_10xv2_1	TCTACGCTGCTCATTT	SNG	sampleB	10xv2	CD14+ monocyte
CNA_10xv2_1	TCACCTGACGAAACAT	SNG	sampleA	10xv2	Natural killer cell
CNA_10xv2_1	TCCCACATGTTACGCA	SNG	sampleA	10xv2	CD14+ monocyte
CNA_10xv2_1	CTACTTTGAATCGGTT	SNG	sampleA	10xv2	CD4+ T cell
CNA_10xv2_1	GAGACTTACGTTGTCA	SNG	sampleB	10xv2	Cytotoxic T cell
CNA_10xv2_1	TCCCACATGGCACCCA	SNG	sampleB	10xv2	Cytotoxic T cell
CNA_10xv2_1	CGAATTTCTTGTTCCC	SNG	sampleB	10xv2	Cytotoxic T cell
CNA_10xv2_1	CCTATCGACTCGCTAA	SNG	sampleB	10xv2	CD4+ T cell
CNA_10xv2_1	GCTTACCACGAAGTTA	SNG	sampleA	10xv2	CD4+ T cell
CNA_10xv2_1	TTCCACTCTCCGGCTA	SNG	sampleA	10xv2	CD4+ T cell
CNA_10xv2_1	CTGAGCGTGTTCAGTG	SNG	sampleA	10xv2	CD14+ monocyte
CNA_10xv2_1	GCGTGCTGAATAACCC	SNG	sampleB	10xv2	CD4+ T cell
CNA_10xv2_1	GGGTTGCTGTTGCGCG	SNG	sampleB	10xv2	Natural killer cell
CNA_10xv2_1	TGTAAGCTGCCTACGG	SNG	sampleA	10xv2	CD14+ monocyte
CNA_10xv2_1	ACCCGAGACAAATGCA	SNG	sampleA	10xv2	CD4+ T cell
CNA_10xv2_1	ATGCCCGGAGTTGACT	SNG	sampleB	10xv2	B cell
CNA_10xv2_1	GGGTCGTACGCTGTTA	SNG	sampleA	10xv2	CD14+ monocyte
CNA_10xv2_1	TGCCGTTACAGAGGCT	SNG	sampleB	10xv2	Natural killer cell
CNA_10xv2_1	CCGACAGTGCGTGCAC	SNG	sampleB	10xv2	B cell
CNA_10xv2_1	TATTCCTGATTGGGAG	SNG	sampleB	10xv2	CD4+ T cell
CNA_10xv2_1	CGTGTCTACTTCCATT	SNG	sampleA	10xv2	B cell
CNA_10xv2_1	CTGATTACTAACGTTC	SNG	sampleA	10xv2	Natural killer cell
CNA_10xv2_1	AACGTCCCTTCGCAGC	SNG	sampleB	10xv2	Natural killer cell
CNA_10xv2_1	GTGATAAGACAATGAA	SNG	sampleB	10xv2	Cytotoxic T cell
CNA_10xv2_1	ATTCAGGTGGCGCAAA	SNG	sampleA	10xv2	Natural killer cell
CNA_10xv2_1	CGAGGACCTTGTGCTA	SNG	sampleB	10xv2	B cell
CNA_10xv2_1	TTCAGTTACCCACAAT	SNG	sampleA	10xv2	Cytotoxic T cell
CNA_10xv2_1	AGCCAGCACGTCTGGC	SNG	sampleB	10xv2	CD4+ T cell
CNA_10xv2_1	AAAGGGAGAGCCCTAG	SNG	sampleA	10xv2	CD4+ T cell
CNA_10xv2_1	AGGTAGCGATCTGTAG	SNG	sampleB	10xv2	B cell
CNA_10xv2_1	ATTCCAACTCGGTTTA	SNG	sampleB	10xv2	Cytotoxic T cell
CNA_10xv2_1	CCTACGTTGATCAGGG	SNG	sampleB	10xv2	CD4+ T cell
CNA_10xv2_1	AAAGCCTTGAGCTTTG	SNG	sampleB	10xv2	Cytotoxic T cell
CNA_10xv2_1	GGGTATACTGACACCC	SNG	sampleA	10xv2	Cytotoxic T cell
CNA_10xv2_1	GCGAGAATGGAATTGA	SNG	sampleA	10xv2	CD4+ T cell
CNA_10xv2_1	CTCTATAACAGTCGGA	SNG	sampleB	10xv2	CD4+ T cell
CNA_10xv2_1	TCGTAATCTTAACGAA	SNG	sampleB	10xv2	B cell
CNA_10xv2_1	ATTTCAGCTGAAGTTA	SNG	sampleA	10xv2	CD4+ T cell
CNA_10xv2_1	TCGGACCGACATGCTA	SNG	sampleA	10xv2	Natural killer cell
CNA_10xv2_1	GGGCTTCGATGCCACG	SNG	sampleB	10xv2	CD4+ T cell
CNA_10xv2_1	AAACACGCTGAACGTG	SNG	sampleB	10xv2	Cytotoxic T cell
CNA_10xv2_1	CCAGGACTGAGAGGCT	SNG	sampleB	10xv2	B cell
CNA_10xv2_1	TACTGGAACCCGTGAC	SNG	sampleB	10xv2	CD14+ monocyte
CNA_10xv2_1	TAGGTAAGAGCCAGCT	SNG	sampleA	10xv2	CD14+ monocyte
CNA_10xv2_1	TCATTGGGAAAGGCTG	SNG	sampleB	10xv2	Natural killer cell
CNA_10xv2_1	CCTTGGTACCTCACTC	SNG	sampleB	10xv2	CD4+ T cell
CNA_10xv2_1	ATGCCCGGATGCTACA	SNG	sampleB	10xv2	CD4+ T cell
CNA_10xv2_1	GAAGTTCTGTGATGAA	SNG	sampleA	10xv2	Natural killer cell
CNA_10xv2_1	TCAGTCCTGAGACTTC	SNG	sampleA	10xv2	CD14+ monocyte
CNA_10xv2_1	ACAGCCGACCAGGGTA	SNG	sampleB	10xv2	CD14+ monocyte
CNA_10xv2_1	ACGGTTCCTTAGGCGA	SNG	sampleA	10xv2	Natural killer cell
CNA_10xv2_1	GCTGACCGATGAGTAA	SNG	sampleA	10xv2	CD4+ T cell
CNA_10xv2_1	TCTTGAACTTGCATCA	SNG	sampleA	10xv2	B cell
CNA_10xv2_1	GTAATCGTGCTGCCAG	SNG	sampleA	10xv2	Natural killer cell
CNA_10xv2_1	TGTTGACGATAATAGG	SNG	sampleB	10xv2	Cytotoxic T cell
CNA_10xv2_1	ACTTATCACTGCACCG	SNG	sampleB	10xv2	Cytotoxic T cell
CNA_10xv2_1	CGGTCGATGGATCCAT	SNG	sampleB	10xv2	CD4+ T cell
CNA_10xv2_1	ACCCTTGTGCGAGTTT	SNG	sampleB	10xv2	Natural killer cell
CNA_10xv2_1	CTTTATGTGATTGGTC	SNG	sampleA	10xv2	Natural killer cell
CNA_10xv2_1	AAGTGCTTGGTGGTGA	SNG	sampleA	10xv2	B cell
CNA_10xv2_1	TGTCATGGACGAGTTT	SNG	sampleA	10xv2	CD14+ monocyte
CNA_10xv2_1	AAATAGCGAGCGAGTA	SNG	sampleA	10xv2	CD4+ T cell
CNA_10xv2_1	AAATAGGACTGCTGGC	SNG	sampleA	10xv2	CD14+ monocyte
CNA_10xv2_1	AAGTACCACTTCCATT	SNG	sampleB	10xv2	Cytotoxic T cell
CNA_10xv2_1	AGCAACTTGTACAGCT	SNG	sampleA	10xv2	Natural killer cell
CNA_10xv2_1	TCGTCCAACAACGCAG	SNG	sampleB	10xv2	CD4+ T cell
CNA_10xv2_1	CGACATCCTTCCTACC	SNG	sampleA	10xv2	Natural killer cell
CNA_10xv2_1	CAAACCATGGTTGTCA	SNG	sampleB	10xv2	CD16+ monocyte
CNA_10xv2_1	CCCTGAACTGAACCTT	SNG	sampleB	10xv2	CD14+ monocyte
CNA_10xv2_1	TAGCAGACTCCCGAGT	SNG	sampleB	10xv2	CD4+ T cell
CNA_10xv2_1	TCGTTGCTGCGCACTG	SNG	sampleA	10xv2	CD4+ T cell
CNA_10xv2_1	AAGACGGTGCAGACCC	SNG	sampleA	10xv2	CD16+ monocyte
CNA_10xv2_1	CCTCACAACCATGCTA	SNG	sampleA	10xv2	Natural killer cell
CNA_10xv2_1	CTTTCGTCTAAAGGTT	SNG	sampleB	10xv2	CD14+ monocyte
CNA_10xv2_1	AAACACGCTTAGCGAG	SNG	sampleB	10xv2	CD14+ monocyte
CNA_10xv2_1	AGCTGATACTAGCGAG	SNG	sampleA	10xv2	CD4+ T cell
CNA_10xv2_1	TCACTATTGTGAACAA	SNG	sampleA	10xv2	Natural killer cell
CNA_10xv2_1	TGCCACTTGCGATTGT	SNG	sampleB	10xv2	CD16+ monocyte
CNA_10xv2_1	GCTATTGGAGTTGTCA	SNG	sampleB	10xv2	CD14+ monocyte
CNA_10xv2_1	GGTGCGTTGTAGGAGC	SNG	sampleB	10xv2	Cytotoxic T cell
CNA_10xv2_1	GAGGGATACGAACATA	SNG	sampleA	10xv2	CD4+ T cell
CNA_10xv2_1	AGCCGGTACAGGTGCA	SNG	sampleB	10xv2	CD16+ monocyte
CNA_10xv2_1	TTATGGTCTTCGTAAC	SNG	sampleA	10xv2	B cell
CNA_10xv2_1	CAGGGCTTGTCAGGTT	SNG	sampleA	10xv2	CD16+ monocyte
CNA_10xv2_1	GGATGCCTGGTACGTT	SNG	sampleB	10xv2	Cytotoxic T cell
CNA_10xv2_1	TACCCGTTGACGTGCC	SNG	sampleB	10xv2	CD4+ T cell
CNA_10xv2_1	TCGCTGGGACTTAGTG	SNG	sampleB	10xv2	CD14+ monocyte
CNA_10xv2_1	CGTAGTAACAATCCTG	SNG	sampleA	10xv2	CD4+ T cell
CNA_10xv2_1	GGTAAGCGATTACGAC	SNG	sampleB	10xv2	CD4+ T cell
CNA_10xv2_1	GTTGAGTTGGTCAATC	SNG	sampleB	10xv2	Natural killer cell
CNA_10xv2_1	CGATCAAACTACCTGA	SNG	sampleA	10xv2	Natural killer cell
CNA_10xv2_1	TCTTTCCACACCAAGG	SNG	sampleA	10xv2	CD4+ T cell
CNA_10xv2_1	TTGTTAGCTAAGACAT	SNG	sampleB	10xv2	Cytotoxic T cell
CNA_10xv2_1	ACACATCGAAGGGCTA	SNG	sampleB	10xv2	CD4+ T cell
CNA_10xv2_1	ATGGCCGTGTTTGGGT	SNG	sampleB	10xv2	B cell
CNA_10xv2_1	CAATAGAGATGGTCCG	SNG	sampleB	10xv2	B cell
CNA_10xv2_1	GTATAGCTGGACACCC	SNG	sampleB	10xv2	CD16+ monocyte
CNA_10xv2_1	CCCTATCGAGCATGAG	SNG	sampleA	10xv2	CD4+ T cell
CNA_10xv2_1	GTTGCTAGAACGCCAC	SNG	sampleB	10xv2	Cytotoxic T cell
CNA_10xv2_1	TGCGCAGACTTTCGCC	SNG	sampleB	10xv2	B cell
CNA_10xv2_1	GCTAGCGACGTACGTT	SNG	sampleB	10xv2	B cell
CNA_10xv2_1	GGGTTCTCTTAGCTTG	SNG	sampleB	10xv2	B cell
CNA_10xv2_1	TCCTTAATGTCGCTAA	SNG	sampleB	10xv2	Natural killer cell
CNA_10xv2_1	TGTAAGCTGCTACTCC	SNG	sampleA	10xv2	CD14+ monocyte
CNA_10xv2_1	CTTTATGTGGTGGTGA	SNG	sampleB	10xv2	CD4+ T cell
CNA_10xv2_1	AGGTCGAGACCGCAGT	SNG	sampleB	10xv2	Natural killer cell
CNA_10xv2_1	CAGATGACTGAGAGGG	SNG	sampleB	10xv2	Natural killer cell
CNA_10xv2_1	TTGCATTACGCGGTAA	SNG	sampleB	10xv2	B cell
CNA_10xv2_1	CGAAACGGAAACGAAT	SNG	sampleA	10xv2	B cell
CNA_10xv2_1	AGTAGAAACTAGGAGC	SNG	sampleB	10xv2	Cytotoxic T cell
CNA_10xv2_1	CTCCTAGTGCCAAACT	SNG	sampleA	10xv2	CD14+ monocyte
CNA_10xv2_1	GAGCCTCGAGAAATCA	SNG	sampleB	10xv2	Cytotoxic T cell
CNA_10xv2_1	ATCATCTACTGCTGTA	SNG	sampleB	10xv2	Cytotoxic T cell
CNA_10xv2_1	TGGACATACGGTGCAA	SNG	sampleB	10xv2	CD4+ T cell
CNA_10xv2_1	CAAGAAATGCCTTCCA	SNG	sampleA	10xv2	CD14+ monocyte
CNA_10xv2_1	AGTTTGCGACCTAACA	SNG	sampleA	10xv2	Natural killer cell
CNA_10xv2_1	CGACGACACCACAGTT	SNG	sampleB	10xv2	CD4+ T cell
CNA_10xv2_1	TGCAATGTGAAAGCTA	SNG	sampleB	10xv2	Cytotoxic T cell
CNA_10xv2_1	ACGAGGATGCGTGCAC	SNG	sampleB	10xv2	CD16+ monocyte
CNA_10xv2_1	GTGTAACTGAACGTTC	SNG	sampleA	10xv2	CD14+ monocyte
CNA_10xv2_1	GCCTAGTCTCTGCCAG	SNG	sampleA	10xv2	CD14+ monocyte
CNA_10xv2_1	TTTACGTACCCAGGCT	SNG	sampleB	10xv2	B cell
CNA_10xv2_1	TCATTCTGAAGATTCC	SNG	sampleB	10xv2	Natural killer cell
CNA_10xv2_1	GCTTCTCGAGGACACA	SNG	sampleA	10xv2	Cytotoxic T cell
CNA_10xv2_1	GCAATCATGATAGGTA	SNG	sampleA	10xv2	Natural killer cell
CNA_10xv2_1	TAGAGCGGAGATAGCG	SNG	sampleA	10xv2	Cytotoxic T cell
CNA_10xv2_1	TCGTCTGACATCGGTT	SNG	sampleA	10xv2	Natural killer cell
CNA_10xv2_1	ACTTGCCTGCCTACGG	SNG	sampleA	10xv2	Cytotoxic T cell
CNA_10xv2_1	GCGATCCGACCGCTAG	SNG	sampleA	10xv2	Cytotoxic T cell
CNA_10xv2_1	AGCCCAGTGCAGGTGA	SNG	sampleB	10xv2	Cytotoxic T cell
CNA_10xv2_1	CGTCGTACTTGTTGTG	SNG	sampleB	10xv2	Cytotoxic T cell
CNA_10xv2_1	GCGTTGTCTGCCAGCT	SNG	sampleA	10xv2	CD4+ T cell
CNA_10xv2_1	CACTCTTCTACACCTA	SNG	sampleA	10xv2	B cell
CNA_10xv2_1	ATAGAACGAACCAGTT	SNG	sampleB	10xv2	Dendritic cell
CNA_10xv2_1	GGCAACGCTAACCAAA	SNG	sampleA	10xv2	Cytotoxic T cell
CNA_10xv2_1	AGTAAGTGATGCTGTA	SNG	sampleB	10xv2	CD16+ monocyte
CNA_10xv2_1	AGGTAGGTGGTCTTGA	SNG	sampleA	10xv2	Natural killer cell
CNA_10xv2_1	ATCGCAATGGCCCTGA	SNG	sampleB	10xv2	B cell
CNA_10xv2_1	GGATACTACCCTAGCG	SNG	sampleA	10xv2	CD14+ monocyte
CNA_10xv2_1	ATTCAGGTGTGATGAA	SNG	sampleA	10xv2	CD4+ T cell
CNA_10xv2_1	ATTACTCACGAATAGT	SNG	sampleB	10xv2	Cytotoxic T cell
CNA_10xv2_1	TTTGGGATGTCCTACC	SNG	sampleB	10xv2	B cell
CNA_10xv2_1	TAAGCTGTGTAAGCAA	SNG	sampleB	10xv2	Cytotoxic T cell
CNA_10xv2_1	TTCCCAGACAGGGCTA	SNG	sampleB	10xv2	CD4+ T cell
CNA_10xv2_1	AGATCCTGAGACTCGC	SNG	sampleB	10xv2	Cytotoxic T cell
CNA_10xv2_1	GCATGATACGGACTGA	SNG	sampleB	10xv2	CD4+ T cell
CNA_10xv2_1	ATGTGTGTGTCGCTAA	SNG	sampleB	10xv2	B cell
CNA_10xv2_1	AAGGCTTACTGCTGTA	SNG	sampleB	10xv2	B cell
CNA_10xv2_1	GTAGGTTTGGGTTTGT	SNG	sampleA	10xv2	Natural killer cell
CNA_10xv2_1	AAGAATGTGAACGAAT	SNG	sampleB	10xv2	Cytotoxic T cell
CNA_10xv2_1	GCTTCGGGAAGTGGTG	SNG	sampleA	10xv2	CD4+ T cell
CNA_10xv2_1	GCTCCTAACGATCATC	SNG	sampleA	10xv2	B cell
CNA_10xv2_1	TCGCCTATGCCATAAC	SNG	sampleB	10xv2	B cell
CNA_10xv2_1	ATCGCCGGAAGGCGTA	SNG	sampleA	10xv2	CD16+ monocyte
CNA_10xv2_1	CCGACTACTAAATCGA	SNG	sampleA	10xv2	Natural killer cell
CNA_10xv2_1	TGTGTTACTAAAGGTT	SNG	sampleA	10xv2	CD14+ monocyte
CNA_10xv2_1	ATGATGCACGGAATTA	SNG	sampleB	10xv2	CD4+ T cell
CNA_10xv2_1	ACCTCGTTGTGTTGTG	SNG	sampleB	10xv2	CD16+ monocyte
CNA_10xv2_1	AAGTGGCGACCACATA	SNG	sampleB	10xv2	Cytotoxic T cell
CNA_10xv2_1	AGAGGGACTAATGCGG	SNG	sampleA	10xv2	CD16+ monocyte
CNA_10xv2_1	ATCGCAAACGGGTTCC	SNG	sampleB	10xv2	Cytotoxic T cell
CNA_10xv2_1	CAGGGCTTGGAACCTT	SNG	sampleA	10xv2	CD4+ T cell
CNA_10xv2_1	GCTTCTCGAACTAGTC	SNG	sampleA	10xv2	CD4+ T cell
CNA_10xv2_1	TCCATATACATCAGGG	SNG	sampleA	10xv2	CD4+ T cell
CNA_10xv2_1	AGAACAATGAGCTTTG_AGTCGCGTGGCTACGC	SNG	sampleB	10xv2	Natural killer cell
CNA_10xv2_1	CCTAACGCTAGGCATG	SNG	sampleA	10xv2	Natural killer cell
CNA_10xv2_1	TCTACTAACACAGATA	SNG	sampleA	10xv2	Cytotoxic T cell
CNA_10xv2_1	TCACCCATGCATGATC	SNG	sampleB	10xv2	Cytotoxic T cell
CNA_10xv2_1	CTTAGATCTCCTATCC	SNG	sampleB	10xv2	Natural killer cell
CNA_10xv2_1	TGTACCCTGGTCTTGA	SNG	sampleB	10xv2	CD16+ monocyte
CNA_10xv2_1	GTAGTTGACCCTGAGC	SNG	sampleB	10xv2	Cytotoxic T cell
CNA_10xv2_1	ATACATCCTAGGGAGG	SNG	sampleB	10xv2	B cell
CNA_10xv2_1	CGCCCTTCTCACTCAA	SNG	sampleA	10xv2	Natural killer cell
CNA_10xv2_1	TACTGGAACAATCGAA	SNG	sampleB	10xv2	CD4+ T cell
CNA_10xv2_1	CCCAGAGACTCCTACC	SNG	sampleA	10xv2	Natural killer cell
CNA_10xv2_1	GAAGGCATGTTTCTTG	SNG	sampleB	10xv2	B cell
CNA_10xv2_1	TCCCAGACTAGTCTAC	SNG	sampleB	10xv2	Cytotoxic T cell
CNA_10xv2_1	AACCCTCACCCTACGG	SNG	sampleB	10xv2	Cytotoxic T cell
CNA_10xv2_1	AGAGACCGATGCGGCT	SNG	sampleA	10xv2	Natural killer cell
CNA_10xv2_1	ATGGGAGTGTTATGGC	SNG	sampleA	10xv2	Cytotoxic T cell
CNA_10xv2_1	CTCTCTTTGGCGAGTA	SNG	sampleA	10xv2	B cell
CNA_10xv2_1	GCGGCAACTGTGGTGA	SNG	sampleB	10xv2	CD4+ T cell
CNA_10xv2_1	TCTGGCTTGATGGCCC	SNG	sampleA	10xv2	CD4+ T cell
CNA_10xv2_1	CGATATGTGCATTCAG	SNG	sampleB	10xv2	B cell
CNA_10xv2_1	GATAACCTGATCCTCC	SNG	sampleB	10xv2	B cell
CNA_10xv2_1	TGACTCAGAACGAGCA	SNG	sampleB	10xv2	CD4+ T cell
CNA_10xv2_1	GACTACCCTACCGTTA	SNG	sampleA	10xv2	CD4+ T cell
CNA_10xv2_1	TCCCTGTGATGAGGCA	SNG	sampleA	10xv2	CD4+ T cell
CNA_10xv2_1	GAGTTACTGGGACAGT	SNG	sampleA	10xv2	Cytotoxic T cell
CNA_10xv2_1	ACAGACTACTACCTGA	SNG	sampleA	10xv2	CD14+ monocyte
CNA_10xv2_1	CATCTGAGACAGCTGC	SNG	sampleA	10xv2	CD4+ T cell
CNA_10xv2_1	ACTACGCCTCGTGCAC	SNG	sampleA	10xv2	CD14+ monocyte
CNA_10xv2_1	AGCTCTGCTCATCCTC	SNG	sampleA	10xv2	CD4+ T cell
CNA_10xv2_1	CCAACGGTGGTTTACG	SNG	sampleA	10xv2	Cytotoxic T cell
CNA_10xv2_1	TGAGGGATGGAGAGGG	SNG	sampleA	10xv2	B cell
CNA_10xv2_1	AATGTGCACGCAGGAT	SNG	sampleA	10xv2	CD16+ monocyte
CNA_10xv2_1	AAGGCGATGGACTCGC	SNG	sampleA	10xv2	Natural killer cell
CNA_10xv2_1	CACTATACTAGACTTC	SNG	sampleB	10xv2	Natural killer cell
CNA_10xv2_1	TTCCTAAACCGATTCA	SNG	sampleB	10xv2	Natural killer cell
CNA_10xv2_1	CACCGTTACCAGGCCT	SNG	sampleA	10xv2	CD4+ T cell
CNA_10xv2_1	TAACAGAGAGGTTGAG	SNG	sampleB	10xv2	Cytotoxic T cell
CNA_10xv2_1	AAGTTTCCTGGGTAGT	SNG	sampleB	10xv2	CD4+ T cell
CNA_10xv2_1	CCACGAGTGTTGCGTA	SNG	sampleA	10xv2	Natural killer cell
CNA_10xv2_1	CCGTACGGAACAGATA	SNG	sampleA	10xv2	CD4+ T cell
CNA_10xv2_1	CTGAGCGTGAACGTGG	SNG	sampleB	10xv2	CD14+ monocyte
CNA_10xv2_1	CATGGATTGCTACTCC	SNG	sampleA	10xv2	CD4+ T cell
CNA_10xv2_1	GGCAGTAGAGATCATC	SNG	sampleA	10xv2	CD4+ T cell
CNA_10xv2_1	GTACTCAGAAGACTTC	SNG	sampleA	10xv2	Cytotoxic T cell
CNA_10xv2_1	TGAACTGTGTGAACAA	SNG	sampleB	10xv2	Cytotoxic T cell
CNA_10xv2_1	CTAACTGGATTCAGTG	SNG	sampleA	10xv2	CD4+ T cell
CNA_10xv2_1	TGCATGCCTTACCTGA	SNG	sampleA	10xv2	CD4+ T cell
CNA_10xv2_1	ATGGACTACTTACGAC	SNG	sampleB	10xv2	Dendritic cell
CNA_10xv2_1	AGGTAGGTGGCCACGT	SNG	sampleA	10xv2	B cell
CNA_10xv2_1	GATCCAAACCCTAGTA	SNG	sampleA	10xv2	CD4+ T cell
CNA_10xv2_1	GGTTCAATGATTGCCA	SNG	sampleA	10xv2	Dendritic cell
CNA_10xv2_1	GCGTAAACTAACGTTC	SNG	sampleA	10xv2	Cytotoxic T cell
CNA_10xv2_1	GAAATGAACGTTCTCC	SNG	sampleA	10xv2	CD4+ T cell
CNA_10xv2_1	CTGCCTTGAACGTGCC	SNG	sampleA	10xv2	CD4+ T cell
CNA_10xv2_1	GATGCATTGTCGAGAG	SNG	sampleA	10xv2	CD4+ T cell
CNA_10xv2_1	ACTTGCCTGGAAGGTC	SNG	sampleB	10xv2	B cell
CNA_10xv2_1	TCTGAGCCTTTCTGGA	SNG	sampleB	10xv2	CD4+ T cell
CNA_10xv2_1	CGACGTTCTCAGTCTA	SNG	sampleA	10xv2	Cytotoxic T cell
CNA_10xv2_1	CTACCTCGATTGGCGC	SNG	sampleA	10xv2	CD14+ monocyte
CNA_10xv2_1	AGGTAGCGAAATCCAC	SNG	sampleA	10xv2	CD4+ T cell
CNA_10xv2_1	GAACTACTGACTAGTC	SNG	sampleA	10xv2	CD4+ T cell
CNA_10xv2_1	TTTGGGATGCAGTCCG	SNG	sampleB	10xv2	Natural killer cell
CNA_10xv2_1	CACCAAATGATCATCG	SNG	sampleB	10xv2	B cell
CNA_10xv2_1	ACAGCGGCTTTGTGAC	SNG	sampleB	10xv2	B cell
CNA_10xv2_1	CCAAGGAGAGCAGTTT	SNG	sampleA	10xv2	CD4+ T cell
CNA_10xv2_1	TCGCACGGAGGGATTG	SNG	sampleA	10xv2	CD4+ T cell
CNA_10xv2_1	AGTAAGTGAGATCATC	SNG	sampleA	10xv2	CD14+ monocyte
CNA_10xv2_1	TGAGCCCGATTTCTGT	SNG	sampleA	10xv2	CD4+ T cell
CNA_10xv2_1	TGGAATCACCCTTCCA	SNG	sampleA	10xv2	CD4+ T cell
CNA_10xv2_1	CTGCGACGAATAGCAA	SNG	sampleB	10xv2	CD4+ T cell
CNA_10xv2_1	CTTGCGTTGTGGCAAG	SNG	sampleA	10xv2	Natural killer cell
CNA_10xv2_1	AAGACCTACCTCACGG	SNG	sampleA	10xv2	B cell
CNA_10xv2_1	ATCACGATGTCTGGAT	SNG	sampleA	10xv2	Cytotoxic T cell
CNA_10xv2_1	CCGTTGTACAGCAAGC	SNG	sampleA	10xv2	B cell
CNA_10xv2_1	CGCTTAAGAAATCCTG	SNG	sampleB	10xv2	Cytotoxic T cell
CNA_10xv2_1	TTGCAGATGAATAGCA	SNG	sampleB	10xv2	B cell
CNA_10xv2_1	TGGGTTTGAGATTAAG	SNG	sampleB	10xv2	CD14+ monocyte
CNA_10xv2_1	ACTTATCTGCAGGTGA	SNG	sampleA	10xv2	Cytotoxic T cell
CNA_10xv2_1	TCTGGTCACCGGGTAA	SNG	sampleA	10xv2	B cell
CNA_10xv2_1	ATGTCCAGACGGTTTA	SNG	sampleB	10xv2	B cell
CNA_10xv2_1	CCGAGTCGAAGTGAGC_GGTAGTTTGGAGAGGG	SNG	sampleA	10xv2	Natural killer cell
CNA_10xv2_1	GAAGCGCCTCGAGGAT	SNG	sampleA	10xv2	Natural killer cell
CNA_10xv2_1	CCTATCGACCTGCGGT	SNG	sampleA	10xv2	B cell
CNA_10xv2_1	AATAAGGACCGCAACC	SNG	sampleB	10xv2	B cell
CNA_10xv2_1	GGTAAGCGAGGAATTA	SNG	sampleA	10xv2	Cytotoxic T cell
CNA_10xv2_1	CAAACCTGAAGGTGCA	SNG	sampleB	10xv2	CD4+ T cell
CNA_10xv2_1	TCGAAGTACACTAGTC	SNG	sampleB	10xv2	CD4+ T cell
CNA_10xv2_1	CTGCTAGCTTTGTACG	SNG	sampleA	10xv2	Natural killer cell
CNA_10xv2_1	CGTATCGCTCCTAGTA	SNG	sampleA	10xv2	Natural killer cell
CNA_10xv2_1	AGGTTACTGAACCAAA	SNG	sampleB	10xv2	Cytotoxic T cell
CNA_10xv2_1	TGTCTTCCTGTTCTCC	SNG	sampleA	10xv2	Cytotoxic T cell
CNA_10xv2_1	TATCTCCCTGGCCTTG	SNG	sampleA	10xv2	Cytotoxic T cell
CNA_10xv2_1	GACCCGTGAGAGCTGA	SNG	sampleB	10xv2	CD4+ T cell
CNA_10xv2_1	GCATCCTTGTCATTGG	SNG	sampleA	10xv2	CD4+ T cell
CNA_10xv2_1	ATAGATGGACGGAAGT	SNG	sampleA	10xv2	B cell
CNA_10xv2_1	CTCAATGGAATCGGTT	SNG	sampleB	10xv2	B cell
CNA_10xv2_1	GAAAGTCCTCAGGGAT	SNG	sampleA	10xv2	B cell
CNA_10xv2_1	GGTTCATGAACCCGGT	SNG	sampleB	10xv2	CD4+ T cell
CNA_10xv2_1	TATCCATACCTGTGCG	SNG	sampleA	10xv2	CD4+ T cell
CNA_10xv2_1	AGTTTCTTGTGAGGCA	SNG	sampleA	10xv2	B cell
CNA_10xv2_1	ATATTCGCTCTGAGAG	SNG	sampleA	10xv2	CD14+ monocyte
CNA_10xv2_1	GAACAAATGGAATAAC	SNG	sampleA	10xv2	CD4+ T cell
CNA_10xv2_1	TCAAACTCTACCTGCG	SNG	sampleA	10xv2	Cytotoxic T cell
CNA_10xv2_1	AGGGACCCTGGGTTCC	SNG	sampleA	10xv2	CD4+ T cell
CNA_10xv2_1	GAAATCCACATCCTAG	SNG	sampleB	10xv2	CD4+ T cell
CNA_10xv2_1	GCATCCTTGCCTTTGC	SNG	sampleA	10xv2	CD4+ T cell
CNA_10xv2_1	TCCTTGGTGACACCGC	SNG	sampleB	10xv2	CD14+ monocyte
CNA_10xv2_1	CTATGGATGTGGTCCG	SNG	sampleA	10xv2	CD4+ T cell
CNA_10xv2_1	ATCGGCGTGATCCTTT	SNG	sampleB	10xv2	B cell
CNA_10xv2_1	TCGTGAATGCTTAGTG	SNG	sampleA	10xv2	Cytotoxic T cell
CNA_10xv2_1	CAGTCGTCTGGGTTCC	SNG	sampleA	10xv2	CD4+ T cell
CNA_10xv2_1	TGCCGTTACTTAGCTG	SNG	sampleA	10xv2	CD4+ T cell
CNA_10xv2_1	GCAAATCTGTAATGCC	SNG	sampleB	10xv2	CD4+ T cell
CNA_10xv2_1	GGCAACAGAGCGGTAA	SNG	sampleA	10xv2	CD4+ T cell
CNA_10xv2_1	TCAGCCGGATATCTGG	SNG	sampleA	10xv2	B cell
CNA_10xv2_1	TCTACGCACCATACTG	SNG	sampleB	10xv2	Dendritic cell
CNA_10xv2_1	ATGCATCGAACCATGT	SNG	sampleB	10xv2	Dendritic cell
CNA_10xv2_1	CTGAGCGTGTGTGCTA	SNG	sampleA	10xv2	CD16+ monocyte
CNA_10xv2_1	ACAGCGGCTTTCTCGC	SNG	sampleB	10xv2	Cytotoxic T cell
CNA_10xv2_1	TGCTACCTGGCCGCTA	SNG	sampleB	10xv2	CD4+ T cell
CNA_10xv2_1	CCTACGTTGGAATAGT	SNG	sampleB	10xv2	CD4+ T cell
CNA_10xv2_1	TCCGAGTCTACTAGGG	SNG	sampleA	10xv2	CD4+ T cell
CNA_10xv2_1	GTCGATAACTCTATCT	SNG	sampleB	10xv2	Cytotoxic T cell
CNA_10xv2_1	GAAGTCTTGAACGTTC	SNG	sampleB	10xv2	CD4+ T cell
CNA_10xv2_1	TAGCTTTACTGGTCCG	SNG	sampleA	10xv2	Cytotoxic T cell
CNA_10xv2_1	CAAAGCTTGAGCCTAT	SNG	sampleB	10xv2	Cytotoxic T cell
CNA_10xv2_1	CAGAAACCTCTCGAGC	SNG	sampleA	10xv2	Natural killer cell
CNA_10xv2_1	CTGTTGCTGTACAGCT_GTGGTAACTTGCGTGC	SNG	sampleB	10xv2	B cell
CNA_10xv2_1	GGATTTGACTAAGCAA	SNG	sampleA	10xv2	CD14+ monocyte
CNA_10xv2_1	TTCCCAGACAGGACAC	SNG	sampleB	10xv2	CD4+ T cell
CNA_10xv2_1	TGTATGCGACTGATCA	SNG	sampleA	10xv2	CD4+ T cell
CNA_10xv2_1	CTTTAGGGAGTTGTCA	SNG	sampleA	10xv2	CD4+ T cell
CNA_10xv2_1	TGTCTTCCTCAAGTTC	SNG	sampleA	10xv2	CD4+ T cell
CNA_10xv2_1	TGAATGGCTGTTAGGG	SNG	sampleB	10xv2	Dendritic cell
CNA_10xv2_1	TGGTTAGACAAAGTAC	SNG	sampleA	10xv2	Natural killer cell
CNA_10xv2_1	TTTGGGATGAGCCTAT	SNG	sampleB	10xv2	CD4+ T cell
CNA_10xv2_1	TTGTACTACTCTGCAA	SNG	sampleB	10xv2	CD4+ T cell
CNA_10xv2_1	AGGTCAGGAGGTATGG	SNG	sampleA	10xv2	CD4+ T cell
CNA_10xv2_1	CTCTATATGTCTTTGT	SNG	sampleA	10xv2	Cytotoxic T cell
CNA_10xv2_1	TCAAAGCACAGTGGTG	SNG	sampleA	10xv2	CD4+ T cell
CNA_10xv2_1	AAGTGCTTGGGTATGG	SNG	sampleA	10xv2	CD14+ monocyte
CNA_10xv2_1	TTGGTCCACATGTCCA	SNG	sampleB	10xv2	B cell
CNA_10xv2_1	CTAATCTACCCGATTA	SNG	sampleA	10xv2	B cell
CNA_10xv2_1	TCAAAGGCTTGCTACA	SNG	sampleB	10xv2	B cell
CNA_10xv2_1	TGACTTGGAGGCCTGT	SNG	sampleA	10xv2	CD4+ T cell
CNA_10xv2_1	TGGTCCTTGCGTTCTC	SNG	sampleA	10xv2	CD4+ T cell
CNA_10xv2_1	GTTATTGCTAGGTGAC	SNG	sampleA	10xv2	CD4+ T cell
CNA_10xv2_1	GGGTAGAACCTTAAGC	SNG	sampleA	10xv2	Natural killer cell
CNA_10xv2_1	CAACACCCTTGCTTGA	SNG	sampleA	10xv2	CD4+ T cell
CNA_10xv2_1	TGACTCAGACCTGCGA	SNG	sampleB	10xv2	B cell
CNA_10xv2_1	TTCCAAACTTGAGCAG	SNG	sampleB	10xv2	B cell
CNA_10xv2_1	CTATGGATGAAGTCTC	SNG	sampleA	10xv2	Dendritic cell
CNA_10xv2_1	GTCGTTCTGTGATCAC	SNG	sampleA	10xv2	B cell
CNA_10xv2_1	ATCACGATGTAACGGG	SNG	sampleA	10xv2	CD16+ monocyte
CNA_10xv2_1	GCATCACCTCCCGAGT	SNG	sampleB	10xv2	Cytotoxic T cell
CNA_10xv2_1	ACCAAGTTGAGTAGGC	SNG	sampleA	10xv2	Cytotoxic T cell
CNA_10xv2_1	CTGCGAGTGCTGTACA	SNG	sampleB	10xv2	CD4+ T cell
CNA_10xv2_1	CACTCTTCTCGAAGCA	SNG	sampleA	10xv2	CD4+ T cell
CNA_10xv2_1	GATATCGTGTGCTGTA	SNG	sampleB	10xv2	CD4+ T cell
CNA_10xv2_1	ACCAAGTTGGTCTGGC	SNG	sampleA	10xv2	Cytotoxic T cell
CNA_10xv2_1	CTGCTAGCTCCTACGG	SNG	sampleA	10xv2	CD4+ T cell
CNA_10xv2_1	ACTGTCCACAATCGCT	SNG	sampleA	10xv2	B cell
CNA_10xv2_1	ACCAATGACTCCAATG	SNG	sampleB	10xv2	CD4+ T cell
CNA_10xv2_1	GCGTTTAGATTGGGAG	SNG	sampleA	10xv2	Cytotoxic T cell
CNA_10xv2_1	GAGAGAAGAGACATAA	SNG	sampleB	10xv2	CD16+ monocyte
CNA_10xv2_1	GAAGTTCTGTCCCAGG	SNG	sampleB	10xv2	CD4+ T cell
CNA_10xv2_1	TTGCGGTCTTTGGTTG	SNG	sampleB	10xv2	Natural killer cell
CNA_10xv2_1	GTCGAATACGGACACA	SNG	sampleB	10xv2	CD4+ T cell
CNA_10xv2_1	GCAATCATGTCTATCT	SNG	sampleB	10xv2	B cell
CNA_10xv2_1	GGTTGTATGCGAGTTT	SNG	sampleA	10xv2	Natural killer cell
CNA_10xv2_1	TTCGCACTGCTCATCC	SNG	sampleA	10xv2	CD4+ T cell
CNA_10xv2_1	GTAATCTCTTCGTAGT	SNG	sampleB	10xv2	Cytotoxic T cell
CNA_10xv2_1	TTATGGTCTTTTCCGC	SNG	sampleB	10xv2	Cytotoxic T cell
CNA_10xv2_1	AGCGCTCGAGAATGTA	SNG	sampleA	10xv2	CD14+ monocyte
CNA_10xv2_1	GCTTCTCGATATCTGG	SNG	sampleA	10xv2	CD4+ T cell
CNA_10xv2_1	CTCTGACTGACTCGAT	SNG	sampleB	10xv2	CD16+ monocyte
CNA_10xv2_1	ACCTCGTTGAAGTCTC	SNG	sampleB	10xv2	CD4+ T cell
CNA_10xv2_1	ATCGCAAACAGTCTAC	SNG	sampleB	10xv2	Natural killer cell
CNA_10xv2_1	CAATAGAGACCATGTA	SNG	sampleB	10xv2	Cytotoxic T cell
CNA_10xv2_1	TGAGGGATGCTTCAAG	SNG	sampleB	10xv2	Cytotoxic T cell
CNA_10xv2_1	ATCGAAAGACAGCAAG	SNG	sampleA	10xv2	CD4+ T cell
CNA_10xv2_1	GGGCCTTGAGTCCCAG	SNG	sampleA	10xv2	CD4+ T cell
CNA_10xv2_1	ACTGGAGGATCCAATG	SNG	sampleB	10xv2	Natural killer cell
CNA_10xv2_1	CCTATCCGAGATAGCG	SNG	sampleA	10xv2	B cell
CNA_10xv2_1	TCCTTCACTTGGCTGC	SNG	sampleA	10xv2	CD4+ T cell
CNA_10xv2_1	TAGACCTGACCAGCAC	SNG	sampleB	10xv2	Cytotoxic T cell
CNA_10xv2_1	GCGTAAGGAGGCCTGT	SNG	sampleA	10xv2	B cell
CNA_10xv2_1	GTATGAAGATACTTTC	SNG	sampleA	10xv2	Dendritic cell
CNA_10xv2_1	GAAGCGCCTAGGTGCA	SNG	sampleB	10xv2	CD4+ T cell
CNA_10xv2_1	GGACATTTGGGGACTA	SNG	sampleB	10xv2	CD4+ T cell
CNA_10xv2_1	GATGCGCACGCACTTA	SNG	sampleA	10xv2	Natural killer cell
CNA_10xv2_1	AAGACAAACAGCCTAT	SNG	sampleA	10xv2	B cell
CNA_10xv2_1	AGTCGCGTGGGTGCAA	SNG	sampleA	10xv2	CD4+ T cell
CNA_10xv2_1	CATGCAAACTTTCCGC	SNG	sampleA	10xv2	CD4+ T cell
CNA_10xv2_1	ATTGTGCGAGGCAGTA	SNG	sampleB	10xv2	CD4+ T cell
CNA_10xv2_1	GGCTCAGACCATGATC	SNG	sampleB	10xv2	Natural killer cell
CNA_10xv2_1	TTGCATTACTACGATC	SNG	sampleB	10xv2	B cell
CNA_10xv2_1	ACACTCCACGGACACA	SNG	sampleB	10xv2	CD16+ monocyte
CNA_10xv2_1	TAACGCATGAAACATG	SNG	sampleA	10xv2	B cell
CNA_10xv2_1	CATGTTACTGACTCGC	SNG	sampleB	10xv2	CD4+ T cell
CNA_10xv2_1	CAATCGCCTTCCCGTT	SNG	sampleA	10xv2	Natural killer cell
CNA_10xv2_1	AGCTCGGACTGACTCA	SNG	sampleA	10xv2	Cytotoxic T cell
CNA_10xv2_1	GAAGGACACATCTGTG	SNG	sampleB	10xv2	B cell
CNA_10xv2_1	TTCACGCTGACTCGAT	SNG	sampleB	10xv2	Cytotoxic T cell
CNA_10xv2_1	CAACACCCTCTCATTT	SNG	sampleA	10xv2	Natural killer cell
CNA_10xv2_1	GCTAAGACTGGGTTCC	SNG	sampleA	10xv2	Natural killer cell
CNA_10xv2_1	TCTACGAGAGGCCAAA	SNG	sampleA	10xv2	Dendritic cell
CNA_10xv2_1	TGCGAATACGTTTGGT	SNG	sampleA	10xv2	CD14+ monocyte
CNA_10xv2_1	TTTATCCGAGCGCACT	SNG	sampleA	10xv2	CD14+ monocyte
CNA_10xv2_1	TGTGTTACTAGGCGTA	SNG	sampleB	10xv2	CD4+ T cell
CNA_10xv2_1	TATTGCTTGTTAGAAG	SNG	sampleA	10xv2	CD14+ monocyte
CNA_10xv2_1	TACCACCTGTCGAGAG	SNG	sampleA	10xv2	CD4+ T cell
CNA_10xv2_1	TATCCATACTGCTCAA	SNG	sampleA	10xv2	CD4+ T cell
CNA_10xv2_1	GGATCCCGATTGCGCG	SNG	sampleB	10xv2	B cell
CNA_10xv2_1	TGAGGGATGCAGCACC	SNG	sampleB	10xv2	Cytotoxic T cell
CNA_10xv2_1	ATCGGTCCTCCTCGTT	SNG	sampleB	10xv2	CD16+ monocyte
CNA_10xv2_1	GCGAGCACTTGCTGTA	SNG	sampleA	10xv2	B cell
CNA_10xv2_1	TCGCGGAACCTCATTT	SNG	sampleA	10xv2	B cell
CNA_10xv2_1	AAGTGCTTGACCTTGA	SNG	sampleA	10xv2	Natural killer cell
CNA_10xv2_1	AGGTTACTGCCGATTA	SNG	sampleA	10xv2	CD4+ T cell
CNA_10xv2_1	CCTATCGACAAGGCTG	SNG	sampleB	10xv2	B cell
CNA_10xv2_1	TGCGTCTACCTTTAGG	SNG	sampleB	10xv2	Dendritic cell
CNA_10xv2_1	TGCTAAGACTAGGCGA	SNG	sampleA	10xv2	B cell
CNA_10xv2_1	AAGGCGATGAACCCGC	SNG	sampleB	10xv2	Dendritic cell
CNA_10xv2_1	ACAATGCACAGACTTC	SNG	sampleA	10xv2	Natural killer cell
CNA_10xv2_1	ATATGCCGATTCCATT	SNG	sampleA	10xv2	Cytotoxic T cell
CNA_10xv2_1	CACTTAGGAGCCGCTA	SNG	sampleB	10xv2	B cell
CNA_10xv2_1	TCATTGGGAGAATAGT	SNG	sampleA	10xv2	CD14+ monocyte
CNA_10xv2_1	TATTGGTCTCCGATTA	SNG	sampleB	10xv2	CD4+ T cell
CNA_10xv2_1	GGTAGCAGAGGGTTCC	SNG	sampleA	10xv2	Cytotoxic T cell
CNA_10xv2_1	GAGGTTGGATTCTGAG	SNG	sampleB	10xv2	CD16+ monocyte
CNA_10xv2_1	GTAACTGTGACGTAAA	SNG	sampleB	10xv2	Cytotoxic T cell
CNA_10xv2_1	CCGTACGGAGGCCTTG	SNG	sampleA	10xv2	Cytotoxic T cell
CNA_10xv2_1	GTTATCACTGGTATGG	SNG	sampleB	10xv2	Dendritic cell
CNA_10xv2_1	TACCGCTTGACCATGT	SNG	sampleB	10xv2	CD4+ T cell
CNA_10xv2_1	GAACAACCTCCTAGTA	SNG	sampleB	10xv2	Cytotoxic T cell
CNA_10xv2_1	TCTACTAACTAGACAA	SNG	sampleB	10xv2	Cytotoxic T cell
CNA_10xv2_1	GTGGCTGTGCGGTACC	SNG	sampleA	10xv2	CD16+ monocyte
CNA_10xv2_1	AAGGCGATGTAATGCC	SNG	sampleB	10xv2	Cytotoxic T cell
CNA_10xv2_1	CGACCTTTGTTACGCA	SNG	sampleA	10xv2	CD4+ T cell
CNA_10xv2_1	CCGTACGGAGCGAGTA	SNG	sampleB	10xv2	CD14+ monocyte
CNA_10xv2_1	TGCGAATACAATGCGG	SNG	sampleB	10xv2	CD4+ T cell
CNA_10xv2_1	TCCTGTTCTTACAGCT	SNG	sampleB	10xv2	CD14+ monocyte
CNA_10xv2_1	ACCGGCTGATTGCGCG	SNG	sampleA	10xv2	CD4+ T cell
CNA_10xv2_1	AGGTCGCACTCATGTG	SNG	sampleA	10xv2	CD4+ T cell
CNA_10xv2_1	GGTATGACTGGACCAA	SNG	sampleA	10xv2	Cytotoxic T cell
CNA_10xv2_1	CCTTGGTACGATGGAC	SNG	sampleA	10xv2	CD14+ monocyte
CNA_10xv2_1	CCTGCCTCTAACGCAG	SNG	sampleB	10xv2	Cytotoxic T cell
CNA_10xv2_1	GTATTCACTCGATCGC	SNG	sampleB	10xv2	CD4+ T cell
CNA_10xv2_1	GGTTTAGTGGAACAGC	SNG	sampleB	10xv2	B cell
CNA_10xv2_1	TACTAACCTGCTCAGC	SNG	sampleB	10xv2	B cell
CNA_10xv2_1	CAACTGAACCTTGAAC	SNG	sampleB	10xv2	CD4+ T cell
CNA_10xv2_1	TGAGCTAACCATACTG	SNG	sampleB	10xv2	CD16+ monocyte
CNA_10xv2_1	TACCACCTGTACGATC	SNG	sampleA	10xv2	Cytotoxic T cell
CNA_10xv2_1	TGCCAAATGCTTAAGC	SNG	sampleB	10xv2	CD4+ T cell
CNA_10xv2_1	AGAATGTGATTCTGGA	SNG	sampleA	10xv2	Natural killer cell
CNA_10xv2_1	GAAGCCCTGCGGAAGT	SNG	sampleB	10xv2	CD16+ monocyte
CNA_10xv2_1	GTTACAGTGTTACGCA	SNG	sampleA	10xv2	B cell
CNA_10xv2_1	CGGAATTTGCGACATT	SNG	sampleB	10xv2	B cell
CNA_10xv2_1	AGAGCAGTGCTGGAAG	SNG	sampleB	10xv2	CD4+ T cell
CNA_10xv2_1	AGTCGCGTGCGGGTAA	SNG	sampleA	10xv2	CD4+ T cell
CNA_10xv2_1	GCACTCACTTTAGCTG	SNG	sampleB	10xv2	Natural killer cell
CNA_10xv2_1	TGTCCGTTGGGGTTCC	SNG	sampleA	10xv2	CD4+ T cell
CNA_10xv2_1	CGCCCTTCTCAGGTGA	SNG	sampleA	10xv2	CD14+ monocyte
CNA_10xv2_1	CAAGAAATGCGTAACT	SNG	sampleA	10xv2	CD4+ T cell
CNA_10xv2_1	ACACATCGAGAGTGAC	SNG	sampleB	10xv2	Cytotoxic T cell
CNA_10xv2_1	CATAGGTACCGGTTTA	SNG	sampleA	10xv2	CD4+ T cell
CNA_10xv2_1	ATCGTTTACGAATAAC	SNG	sampleB	10xv2	Cytotoxic T cell
CNA_10xv2_1	TTCTAGTACAGCTTGT	SNG	sampleB	10xv2	Natural killer cell
CNA_10xv2_1	CAGCTCACTCTTCAAG	SNG	sampleB	10xv2	Cytotoxic T cell
CNA_10xv2_1	CCCACCTCTATCAGGG	SNG	sampleB	10xv2	CD4+ T cell
CNA_10xv2_1	AGAGGGACTAAACATG	SNG	sampleA	10xv2	B cell
CNA_10xv2_1	TTCTATGACTGCGGCT	SNG	sampleB	10xv2	Cytotoxic T cell
CNA_10xv2_1	AATGGCTACAATGCTC	SNG	sampleB	10xv2	CD16+ monocyte
CNA_10xv2_1	GACTATCGAGCTCTTC	SNG	sampleB	10xv2	CD4+ T cell
CNA_10xv2_1	TCGCCTATGGGATGGT	SNG	sampleB	10xv2	CD16+ monocyte
CNA_10xv2_1	TCAGACCCTCCTATCC	SNG	sampleB	10xv2	CD4+ T cell
CNA_10xv2_1	TGTATTCACTTCGGGC	SNG	sampleB	10xv2	B cell
CNA_10xv2_1	TTGTTTGACAGTCGGA	SNG	sampleA	10xv2	CD4+ T cell
CNA_10xv2_1	CTAACTGGACGTTCTC	SNG	sampleB	10xv2	B cell
CNA_10xv2_1	TATTGGTCTCTTGAAC	SNG	sampleB	10xv2	Natural killer cell
CNA_10xv2_1	TGCAATGACAATCGAA	SNG	sampleB	10xv2	CD16+ monocyte
CNA_10xv2_1	ACGCCCAGAGCGTATT	SNG	sampleA	10xv2	CD14+ monocyte
CNA_10xv2_1	ATGGGTTACCAAGTAA	SNG	sampleA	10xv2	B cell
CNA_10xv2_1	GGTTCAATGCTGTGCG	SNG	sampleA	10xv2	Natural killer cell
CNA_10xv2_1	CACGAATTGATCCTAG	SNG	sampleA	10xv2	CD16+ monocyte
CNA_10xv2_1	AAGCGTGGATAACTCG	SNG	sampleB	10xv2	B cell
CNA_10xv2_1	AGCCAGCACTACGATC	SNG	sampleA	10xv2	CD4+ T cell
CNA_10xv2_1	CCTGTTGACTTGCGTA	SNG	sampleA	10xv2	Natural killer cell
CNA_10xv2_1	TGGTTTGGAAAGTAAC	SNG	sampleB	10xv2	CD14+ monocyte
CNA_10xv2_1	ATGGGTACTCATCTTT	SNG	sampleB	10xv2	Natural killer cell
CNA_10xv2_1	ACGGTTCCTATCCTTT	SNG	sampleA	10xv2	CD4+ T cell
CNA_10xv2_1	TGCTGAAACTACAGAA	SNG	sampleA	10xv2	Dendritic cell
CNA_10xv2_1	AGGACGCCTTAATGCC	SNG	sampleA	10xv2	CD14+ monocyte
CNA_10xv2_1	AAGCCTAACCGAACAG	SNG	sampleB	10xv2	Cytotoxic T cell
CNA_10xv2_1	TCTGGTCACTCGTACA	SNG	sampleB	10xv2	CD14+ monocyte
CNA_10xv2_1	CCTTCCAGAATTCGGT	SNG	sampleA	10xv2	CD4+ T cell
CNA_10xv2_1	TAATTGCCTTGCTCAA	SNG	sampleA	10xv2	CD4+ T cell
CNA_10xv2_1	GCTTTGCACAGTGAGC	SNG	sampleB	10xv2	B cell
CNA_10xv2_1	AAATGCGCTCATCTTT	SNG	sampleA	10xv2	Cytotoxic T cell
CNA_10xv2_1	CCGACTACTTACCTGA	SNG	sampleA	10xv2	CD4+ T cell
CNA_10xv2_1	CAAACCATGTATCTGG	SNG	sampleA	10xv2	Cytotoxic T cell
CNA_10xv2_1	AGCCGGTACCCGCTAG	SNG	sampleB	10xv2	B cell
CNA_10xv2_1	TCGACGGACTTGTACG	SNG	sampleB	10xv2	Dendritic cell
CNA_10xv2_1	ACATGTGTGAGCAATA	SNG	sampleA	10xv2	CD4+ T cell
CNA_10xv2_1	TCAGACCCTTTGCAGT	SNG	sampleB	10xv2	CD16+ monocyte
CNA_10xv2_1	CAGGAGCCTAGCCATT	SNG	sampleB	10xv2	CD14+ monocyte
CNA_10xv2_1	GGTAGCCTGTGCGCCA	SNG	sampleA	10xv2	CD14+ monocyte
CNA_10xv2_1	GCCATAATGCAGGTGA	SNG	sampleA	10xv2	CD14+ monocyte
CNA_10xv2_1	TAGCGCGACCTAACGT	SNG	sampleB	10xv2	Dendritic cell
CNA_10xv2_1	TACACGTGAAGCCCTG	SNG	sampleB	10xv2	Cytotoxic T cell
CNA_10xv2_1	TTGCGTCACAGCAAGC	SNG	sampleA	10xv2	Cytotoxic T cell
CNA_10xv2_1	GGGCCTTGAAGCTGAG	SNG	sampleA	10xv2	Cytotoxic T cell
CNA_10xv2_1	CAGGACCTGGGCCTTG	SNG	sampleB	10xv2	Natural killer cell
CNA_10xv2_1	TTGTGCGCTGACATAA	SNG	sampleB	10xv2	Natural killer cell
CNA_10xv2_1	TTCTTAGACCCTATCC	SNG	sampleA	10xv2	CD4+ T cell
CNA_10xv2_1	GCAGATACTTGCTGGC	SNG	sampleA	10xv2	Dendritic cell
CNA_10xv2_1	CGTGCCAGATGCACCG	SNG	sampleB	10xv2	CD16+ monocyte
CNA_10xv2_1	GGGTATGGACGAGTGA	SNG	sampleA	10xv2	Dendritic cell
CNA_10xv2_1	GTCATATCTTCGTAAC	SNG	sampleA	10xv2	CD4+ T cell
CNA_10xv2_1	ATGGGAGTGCATGCTA	SNG	sampleB	10xv2	CD4+ T cell
CNA_10xv2_1	TCGTGAATGTTCAGTG	SNG	sampleB	10xv2	Cytotoxic T cell
CNA_10xv2_1	AAACTCTCTACACAAA	SNG	sampleB	10xv2	Cytotoxic T cell
CNA_10xv2_1	CAGGGCTTGGAACATA	SNG	sampleB	10xv2	CD4+ T cell
CNA_10xv2_1	GCCTATAGACGGTTGC	SNG	sampleB	10xv2	CD4+ T cell
CNA_10xv2_1	CATCCGTACCGTGCAC	SNG	sampleA	10xv2	CD14+ monocyte
CNA_10xv2_1	TACTGGCCTGCATGAG	SNG	sampleB	10xv2	B cell
CNA_10xv2_1	AGGAATTGACGAGTGA	SNG	sampleB	10xv2	CD14+ monocyte
CNA_10xv2_1	GCAGACCTGACACAAA	SNG	sampleB	10xv2	Natural killer cell
CNA_10xv2_1	AGTACGACTCATGCGC	SNG	sampleB	10xv2	Cytotoxic T cell
CNA_10xv2_1	CCTGCCTCTGGCCAAA	SNG	sampleA	10xv2	CD16+ monocyte
CNA_10xv2_1	GCATATCGAGTCCCGA	SNG	sampleA	10xv2	Natural killer cell
CNA_10xv2_1	TCCCACATGGTACACT	SNG	sampleB	10xv2	CD4+ T cell
CNA_10xv2_1	GGACGCTTGGGTGTCC	SNG	sampleB	10xv2	CD14+ monocyte
CNA_10xv2_1	TAGCTTTACTTGGCGC	SNG	sampleB	10xv2	CD4+ T cell
CNA_10xv2_1	GCATCGCGATCGTAGT	SNG	sampleB	10xv2	Cytotoxic T cell
CNA_10xv2_1	ATTGAGAGATCGTACA	SNG	sampleA	10xv2	CD14+ monocyte
CNA_10xv2_1	GTCTACAGACGCCACA	SNG	sampleB	10xv2	Cytotoxic T cell
CNA_10xv2_1	TCGTAGAACTGCTTGA	SNG	sampleB	10xv2	CD4+ T cell
CNA_10xv2_1	AATGGGTCTTCGGGCT	SNG	sampleA	10xv2	CD4+ T cell
CNA_10xv2_1	CCCATTTCTGTTGTCA	SNG	sampleB	10xv2	CD4+ T cell
CNA_10xv2_1	CATGGAGGAATCATGC	SNG	sampleA	10xv2	CD4+ T cell
CNA_10xv2_1	AAGACCTACGCTCCTT	SNG	sampleA	10xv2	Natural killer cell
CNA_10xv2_1	ATCTCTAACGCCGCTA	SNG	sampleB	10xv2	CD14+ monocyte
CNA_10xv2_1	TAAGGGCGACGATTAC	SNG	sampleA	10xv2	Natural killer cell
CNA_10xv2_1	CCGAACTCTCGGAAGT	SNG	sampleA	10xv2	Cytotoxic T cell
CNA_10xv2_1	GCCTAGTCTCCTGCGA	SNG	sampleB	10xv2	CD14+ monocyte
CNA_10xv2_1	TTGGCGCGAGTTAGGG	SNG	sampleB	10xv2	Cytotoxic T cell
CNA_10xv2_1	GTGCATTGAACGCCAC	SNG	sampleB	10xv2	Natural killer cell
CNA_10xv2_1	GAAGTTCTGCGGAAGT	SNG	sampleA	10xv2	CD14+ monocyte
CNA_10xv2_1	TAGTGCATGTCCCAGG	SNG	sampleB	10xv2	CD14+ monocyte
CNA_10xv2_1	GGGAAAGCTTCATGCA	SNG	sampleB	10xv2	B cell
CNA_10xv2_1	GAAGTTCTGGACATAA	SNG	sampleB	10xv2	B cell
CNA_10xv2_1	TATCAGCGAGACAAAT	SNG	sampleB	10xv2	CD16+ monocyte
CNA_10xv2_1	CTCGGATCTTGTGGGA	SNG	sampleA	10xv2	CD16+ monocyte
CNA_10xv2_1	TACCAGTGAGACCGAA	SNG	sampleA	10xv2	CD14+ monocyte
CNA_10xv2_1	AGCTCTGCTCATGCGC	SNG	sampleB	10xv2	Dendritic cell
CNA_10xv2_1	GAGATCACTGCTCAGC	SNG	sampleB	10xv2	CD14+ monocyte
CNA_10xv2_1	ACTCGCTACCCGTTAA	SNG	sampleB	10xv2	CD14+ monocyte
CNA_10xv2_1	GCGCAGTTGGTACACT	SNG	sampleA	10xv2	CD14+ monocyte
CNA_10xv2_1	TCTTATGACTCATTTC	SNG	sampleA	10xv2	CD16+ monocyte
CNA_10xv2_1	GCACAATTGTTAGCTG	SNG	sampleA	10xv2	CD14+ monocyte
CNA_10xv2_1	CGCGTTGGAAGTGAGC	SNG	sampleA	10xv2	CD14+ monocyte
CNA_10xv2_1	CCTTGGTACCCAGCTG	SNG	sampleB	10xv2	CD14+ monocyte
CNA_10xv2_1	ACGATAGCTATACGCT	SNG	sampleA	10xv2	CD14+ monocyte
CNA_10xv2_1	TAATAGGGATCAGGTT	SNG	sampleB	10xv2	CD14+ monocyte
CNA_10xv2_1	CAGTGTAACCAAGTTC	SNG	sampleA	10xv2	CD4+ T cell
CNA_10xv2_1	GACCCGTGAGCAGTTT	SNG	sampleA	10xv2	CD14+ monocyte
CNA_10xv2_1	TGAGCTAACAATCCGT	SNG	sampleA	10xv2	CD16+ monocyte
CNA_10xv2_1	GTGGCTGTGGGACACA	SNG	sampleB	10xv2	Dendritic cell
CNA_10xv2_1	AACACACACAGTGGTG	SNG	sampleA	10xv2	CD4+ T cell
CNA_10xv2_1	GAACTAGCTTGAGGCA	SNG	sampleA	10xv2	CD14+ monocyte
CNA_10xv2_1	GGTATTGACGAGAGGG	SNG	sampleB	10xv2	CD14+ monocyte
CNA_10xv2_1	TTCAAGTCTATTGGTC	SNG	sampleB	10xv2	Dendritic cell
CNA_10xv2_1	CGGTCGATGTTTGGGT	SNG	sampleB	10xv2	Dendritic cell
CNA_10xv2_1	GCGATCCGACCGATTA	SNG	sampleB	10xv2	CD14+ monocyte
CNA_10xv2_1	GTTCCCATGCGCTCGA	SNG	sampleA	10xv2	CD14+ monocyte
CNA_10xv2_1	GTGGCTGTGCGACTAT	SNG	sampleA	10xv2	CD16+ monocyte
CNA_10xv2_1	AGTCGAACTGGGATTG	SNG	sampleB	10xv2	B cell
CNA_10xv2_1	CACTCTTCTTTAGAAG	SNG	sampleB	10xv2	CD14+ monocyte
CNA_10xv2_1	TTGGCGTCTGGGACTA	SNG	sampleB	10xv2	CD16+ monocyte
CNA_10xv2_1	GTAGAGCGATTGTACG	SNG	sampleA	10xv2	CD14+ monocyte
CNA_10xv2_1	GGTATACTGGAACCTT	SNG	sampleB	10xv2	CD14+ monocyte
CNA_10xv2_1	GGAACTACTTGGGCAA	SNG	sampleA	10xv2	CD16+ monocyte
CNA_10xv2_1	TAAGCTGTGGCTCCTT	SNG	sampleA	10xv2	CD14+ monocyte
CNA_10xv2_1	GGTTGAACTTCCCGTT	SNG	sampleA	10xv2	CD16+ monocyte
CNA_10xv2_1	GCTAAGACTAGCTTGT	SNG	sampleB	10xv2	Cytotoxic T cell
CNA_10xv2_1	CCTCACAACTGCACCG	SNG	sampleA	10xv2	CD14+ monocyte
CNA_10xv2_1	TCGTTCGTGTCGGGCT	SNG	sampleB	10xv2	CD16+ monocyte
CNA_10xv2_1	AGGTATAGAAAGTAAC	SNG	sampleA	10xv2	CD16+ monocyte
CNA_10xv2_1	TGTGCAATGGCTGAGA	SNG	sampleB	10xv2	Dendritic cell
CNA_10xv2_1	CGTAATCGAGTTAGGG	SNG	sampleB	10xv2	B cell
CNA_10xv2_1	GGTTCACCTCATGATC	SNG	sampleA	10xv2	B cell
CNA_10xv2_1	ACTCCAGCTAGTCTAC	SNG	sampleB	10xv2	CD16+ monocyte
CNA_10xv2_1	CCTTCCAGACTTGTGA	SNG	sampleA	10xv2	CD16+ monocyte
CNA_10xv2_1	GGGATCAGACTCATTT	SNG	sampleB	10xv2	CD14+ monocyte
CNA_10xv2_1	CTCTATAACGACTGTT	SNG	sampleA	10xv2	CD16+ monocyte
CNA_10xv2_1	TGAGCCCGAGCCCTGA	SNG	sampleB	10xv2	CD14+ monocyte
CNA_10xv2_1	AACCGCTCTTCTGTAG	SNG	sampleB	10xv2	Dendritic cell
CNA_10xv2_1	TACGTTTACCATAGCT	SNG	sampleA	10xv2	CD16+ monocyte
CNA_10xv2_1	GTATTCTACTAACCCA	SNG	sampleA	10xv2	CD14+ monocyte
CNA_10xv2_1	AGCGTATACGAATTGA	SNG	sampleB	10xv2	CD16+ monocyte
CNA_10xv2_1	GGGTTGCTGAATCCTG	SNG	sampleA	10xv2	B cell
CNA_10xv2_1	GCTATACGACATGCAT	SNG	sampleB	10xv2	CD14+ monocyte
CNA_10xv2_1	TGTTATCACGCCCTGA	SNG	sampleB	10xv2	CD16+ monocyte
CNA_10xv2_1	CAAAGGGACCGTTCTC	SNG	sampleB	10xv2	B cell
CNA_10xv2_1	CGAGGACCTCACAGTT	SNG	sampleB	10xv2	B cell
CNA_10xv2_1	CTCTATAACGCCCTGA	SNG	sampleB	10xv2	CD14+ monocyte
CNA_10xv2_1	GGACACAGACGACACC	SNG	sampleB	10xv2	CD14+ monocyte
CNA_10xv2_1	GCACGACACGACAAAT	SNG	sampleB	10xv2	CD14+ monocyte
CNA_10xv2_1	GCGAGAATGGACACCC	SNG	sampleB	10xv2	CD14+ monocyte
CNA_10xv2_1	TTGTAACCTGGTGCAA	SNG	sampleB	10xv2	CD16+ monocyte
CNA_10xv2_1	TTGACGTGACATCCTC	SNG	sampleB	10xv2	Dendritic cell
CNA_10xv2_1	AGGTTACTGGGGTTCC	SNG	sampleB	10xv2	B cell
CNA_10xv2_1	CCTTCTTTGCAGACCC	SNG	sampleB	10xv2	CD14+ monocyte
CNA_10xv2_1	CATGGATTGGGCCATC	SNG	sampleB	10xv2	CD14+ monocyte
CNA_10xv2_1	CTTCCTTTGTTCTCGC	SNG	sampleA	10xv2	CD14+ monocyte
CNA_10xv2_1	TGTTACTACCCTCCTA	SNG	sampleB	10xv2	CD14+ monocyte
CNA_10xv2_1	AGGACAGACTACGTTG	SNG	sampleA	10xv2	CD4+ T cell
CNA_10xv2_1	CCTAACGCTATCGGTT	SNG	sampleA	10xv2	CD16+ monocyte
CNA_10xv2_1	CAAAGAATGCTCGAGC	SNG	sampleB	10xv2	CD16+ monocyte
CNA_10xv2_1	AACACACACAGGACCA	SNG	sampleB	10xv2	CD14+ monocyte
CNA_10xv2_1	ACTTGCCTGTACGATC	SNG	sampleB	10xv2	CD16+ monocyte
CNA_10xv2_1	CAGAGGCCTGCGCTGT	SNG	sampleA	10xv2	CD14+ monocyte
CNA_10xv2_1	GAGAGGTTGCCCGCAA	SNG	sampleA	10xv2	CD14+ monocyte
CNA_10xv2_1	ACTGGGCACGGCATTT	SNG	sampleA	10xv2	CD14+ monocyte
CNA_10xv2_1	TGCCGGAACCCTCGTT	SNG	sampleA	10xv2	Dendritic cell
CNA_10xv2_1	AGGTATAGATTCCATT	SNG	sampleB	10xv2	CD16+ monocyte
CNA_10xv2_1	AGGTCGCACCGGAAGT	SNG	sampleA	10xv2	CD14+ monocyte
CNA_10xv2_1	GGTTCACCTTTCTGGA	SNG	sampleB	10xv2	CD14+ monocyte
CNA_10xv2_1	TTAGACCGATTCTCGC	SNG	sampleB	10xv2	B cell
CNA_10xv2_1	TACGATGACGGACCTC	SNG	sampleB	10xv2	Dendritic cell
CNA_10xv2_1	GGGAAAGCTTAAGCAA	SNG	sampleA	10xv2	CD16+ monocyte
CNA_10xv2_1	TCACATTACTCCCGTT	SNG	sampleB	10xv2	CD16+ monocyte
CNA_10xv2_1	AGCGCCTGAACCGTTA_ATTCAGGTGTTGCGCG	SNG	sampleA	10xv2	Dendritic cell
CNA_10xv2_1	AAACGACCTGCTCAGC	SNG	sampleB	10xv2	CD14+ monocyte
CNA_10xv2_1	GCGACAAGACGAGGAT	SNG	sampleB	10xv2	B cell
CNA_10xv2_1	GTTCGGCGATGATGAA	SNG	sampleA	10xv2	B cell
CNA_10xv2_1	ACTGCTAGAAGTTGAA	SNG	sampleB	10xv2	B cell
CNA_10xv2_1	CGCTTACTGGGTATGG	SNG	sampleA	10xv2	B cell
CNA_10xv2_1	ACTGTCCACAACCCGC	SNG	sampleB	10xv2	CD16+ monocyte
CNA_10xv2_1	TCGCCTCCTCCTTTGC	SNG	sampleA	10xv2	CD16+ monocyte
CNA_10xv2_1	CGAACATACTGAACAA	SNG	sampleB	10xv2	CD16+ monocyte
CNA_10xv2_1	GGTGGAAACTAACCCA	SNG	sampleB	10xv2	Dendritic cell
CNA_10xv2_1	CCACAGGTGGACTCGC	SNG	sampleA	10xv2	CD16+ monocyte
CNA_10xv2_1	ACTAGTGTGGCTTTGA	SNG	sampleB	10xv2	CD16+ monocyte
CNA_10xv2_1	GTCACCTACTGGTCCG	SNG	sampleA	10xv2	CD14+ monocyte
CNA_10xv2_1	GTGGCTGTGGACATAA	SNG	sampleA	10xv2	Dendritic cell
CNA_10xv2_1	GGGCTTCGAGGACTGA	SNG	sampleA	10xv2	CD14+ monocyte
CNA_10xv2_1	GTTCCCAACAATCGAA	SNG	sampleA	10xv2	Natural killer cell
CNA_10xv2_1	TAACGAAGAAGCCCTG	SNG	sampleA	10xv2	Dendritic cell
CNA_10xv2_1	GAGGGATACACCTAGT	SNG	sampleB	10xv2	Dendritic cell
CNA_10xv2_1	TGGAATGCTACACCTA	SNG	sampleA	10xv2	CD4+ T cell
CNA_10xv2_1	CAATGTGTGACACAAA	SNG	sampleB	10xv2	Natural killer cell
CNA_10xv2_1	TTCTTAGACCGATTAC	SNG	sampleA	10xv2	CD4+ T cell
CNA_10xv2_1	TTCTAGACTGCTTTGA	SNG	sampleB	10xv2	CD14+ monocyte
CNA_10xv2_1	TTATCGACTCTTGAAC	SNG	sampleB	10xv2	CD4+ T cell
CNA_10xv2_1	TTGTACTACGTGGTGA	SNG	sampleA	10xv2	Dendritic cell
CNA_10xv2_1	CGCAAAGGAAAATGCA	SNG	sampleA	10xv2	CD16+ monocyte
CNA_10xv2_1	ATTTCAGCTGCGCACT	SNG	sampleB	10xv2	CD4+ T cell
CNA_10xv2_1	CGTTCTCGACTCACGG	SNG	sampleA	10xv2	B cell
CNA_10xv2_1	CATGTTACTGAACAGC	SNG	sampleB	10xv2	CD4+ T cell
CNA_10xv2_1	CCATCCATGGCTGAGA	SNG	sampleA	10xv2	CD4+ T cell
CNA_10xv2_1	TCAGCGCGAGCAGTTT	SNG	sampleB	10xv2	Cytotoxic T cell
CNA_10xv2_1	TTTCTGATGGAACAGC	SNG	sampleA	10xv2	Natural killer cell
CNA_10xv2_1	CGACAATACCCGTTAA	SNG	sampleB	10xv2	Cytotoxic T cell
CNA_10xv2_1	GTATAGGCTCATGCAT	SNG	sampleB	10xv2	CD4+ T cell
CNA_10xv2_1	CATTCAACTCACTCAA	SNG	sampleB	10xv2	CD14+ monocyte
CNA_10xv2_1	GTCTCGTACACACCGC	SNG	sampleB	10xv2	CD4+ T cell
CNA_10xv2_1	CTCTCTGGAGCGGTAA	SNG	sampleB	10xv2	Cytotoxic T cell
CNA_10xv2_1	TCCGTAAGAAGCTGAG	SNG	sampleB	10xv2	CD4+ T cell
CNA_10xv2_1	CATAGCATGGACACCC	SNG	sampleA	10xv2	CD4+ T cell
CNA_10xv2_1	ACACACTGACCAGCTG	SNG	sampleA	10xv2	CD4+ T cell
CNA_10xv2_1	CGCAATCCTGTGAGCA	SNG	sampleB	10xv2	CD4+ T cell
CNA_10xv2_1	GTCCGTTACCTATCTT	SNG	sampleB	10xv2	B cell
CNA_10xv2_1	AGTCGCGTGATTCTGG	SNG	sampleB	10xv2	Cytotoxic T cell
CNA_10xv2_1	TTCTTAGACGAGCCTC	SNG	sampleB	10xv2	Cytotoxic T cell
CNA_10xv2_1	CTGCGACGACGAGGTA	SNG	sampleB	10xv2	Cytotoxic T cell
CNA_10xv2_1	TTTCTGAACCGATCGC	SNG	sampleA	10xv2	Cytotoxic T cell
CNA_10xv2_1	CAAGGGAACTAGCGAG	SNG	sampleA	10xv2	CD4+ T cell
CNA_10xv2_1	TGCTTCTCTGCGGTTC	SNG	sampleB	10xv2	Natural killer cell
CNA_10xv2_1	GGCACTGACCCTGAGC	SNG	sampleA	10xv2	CD4+ T cell
CNA_10xv2_1	GTCACGCGATCCCGTT	SNG	sampleB	10xv2	Cytotoxic T cell
CNA_10xv2_1	AGTACGTTGCCAAACT	SNG	sampleB	10xv2	B cell
CNA_10xv2_1	AAAGGATACTGGCAAG	SNG	sampleB	10xv2	Cytotoxic T cell
CNA_10xv2_1	ATGGGTTACGAAGGCT	SNG	sampleA	10xv2	CD4+ T cell
CNA_10xv2_1	GTAGATAGATTGGTTG	SNG	sampleB	10xv2	Cytotoxic T cell
CNA_10xv2_1	TGCAATGTGAATCCAC	SNG	sampleB	10xv2	Cytotoxic T cell
CNA_10xv2_1	GACACATTGTGCCACG	SNG	sampleB	10xv2	Cytotoxic T cell
CNA_10xv2_1	ACTTGAGTGATAACCC	SNG	sampleB	10xv2	B cell
CNA_10xv2_1	GGACACAGACGACAAG	SNG	sampleA	10xv2	B cell
CNA_10xv2_1	GCGTATATGCATGCAT	SNG	sampleA	10xv2	B cell
CNA_10xv2_1	GACTCTCACAGATTCC	SNG	sampleB	10xv2	Dendritic cell
CNA_10xv2_1	CATATCACTTGGCTGC	SNG	sampleA	10xv2	Cytotoxic T cell
CNA_10xv2_1	CTTCTAAACCCAGAGA	SNG	sampleB	10xv2	Cytotoxic T cell
CNA_10xv2_1	TTTAAGCCTACCTTGA	SNG	sampleA	10xv2	CD14+ monocyte
CNA_10xv2_1	CGACGACACCTCGAGC	SNG	sampleB	10xv2	CD14+ monocyte
CNA_10xv2_1	ATTTCAGCTGGGTTCC	SNG	sampleB	10xv2	Dendritic cell
CNA_10xv2_1	AAGGTAATGCCGCTAG	SNG	sampleB	10xv2	B cell
CNA_10xv2_1	TCCCACATGTAACGAA	SNG	sampleB	10xv2	CD16+ monocyte
CNA_10xv2_1	ATGTTTCACCTTCAAG	SNG	sampleA	10xv2	CD14+ monocyte
CNA_10xv2_1	ACGCAGAGACAGGGAT	SNG	sampleB	10xv2	Dendritic cell
CNA_10xv2_1	TATAGCCGACGACACC	SNG	sampleA	10xv2	CD4+ T cell
CNA_10xv2_1	AACTCGATGGAATTGA	SNG	sampleA	10xv2	CD14+ monocyte
CNA_10xv2_1	CCTACGGGATGCCACG	SNG	sampleB	10xv2	Cytotoxic T cell
CNA_10xv2_1	GAACAAATGAGCCTAT	SNG	sampleB	10xv2	Natural killer cell
CNA_10xv2_1	GGAGTTACTTGCATGT	SNG	sampleA	10xv2	Dendritic cell
CNA_10xv2_1	CATGATGTGACCAAGG	SNG	sampleA	10xv2	CD14+ monocyte
CNA_10xv2_1	ACTGTCCACTTTGGGT	SNG	sampleA	10xv2	Cytotoxic T cell
CNA_10xv2_1	ACTGTCCACTAACGAA	SNG	sampleA	10xv2	CD14+ monocyte
CNA_10xv2_1	GGTTGAACTGAACAGC	SNG	sampleB	10xv2	B cell
CNA_10xv2_1	CTTTAACTGGTTAGAA	SNG	sampleA	10xv2	CD4+ T cell
CNA_10xv2_1	CGTTTGCTGACAGATA	SNG	sampleB	10xv2	CD4+ T cell
CNA_10xv2_1	AAAGATCGACATCTTT	SNG	sampleB	10xv2	Natural killer cell
CNA_10xv2_1	CCTCACAACAACCAAA	SNG	sampleA	10xv2	Natural killer cell
CNA_10xv2_1	AGGACGCCTGGGATTG	SNG	sampleA	10xv2	B cell
CNA_10xv2_1	GATGCGCACAGGACAC	SNG	sampleA	10xv2	Cytotoxic T cell
CNA_10xv2_1	AAGGCGATGTCCTACC	SNG	sampleA	10xv2	B cell
CNA_10xv2_1	CGCAAATACGCAGTTT	SNG	sampleA	10xv2	CD14+ monocyte
CNA_10xv2_1	GAGTGTTACCTGTGCG	SNG	sampleB	10xv2	CD16+ monocyte
CNA_10xv2_1	TGAGAATGAACCGTGC	SNG	sampleB	10xv2	Natural killer cell
CNA_10xv2_1	ATTGTGTCTCGAGTTT	SNG	sampleA	10xv2	B cell
CNA_10xv2_1	CACTCTGACCGATTCA	SNG	sampleB	10xv2	Natural killer cell
CNA_10xv2_1	TCCTGTGACGTACGTT	SNG	sampleA	10xv2	Natural killer cell
CNA_10xv2_1	AAGTGCTTGTCCCGTT	SNG	sampleB	10xv2	Cytotoxic T cell
CNA_10xv2_1	CACTTTATGGTTTGGT	SNG	sampleA	10xv2	B cell
CNA_10xv2_1	TACTGTACTAATCGAA	SNG	sampleA	10xv2	Natural killer cell
CNA_10xv2_1	ATAGCCAACTGAACAA	SNG	sampleA	10xv2	CD4+ T cell
CNA_10xv2_1	ATCTATCACTCCAATG	SNG	sampleB	10xv2	Natural killer cell
CNA_10xv2_1	GAGAAGAGAAGCTTGT	SNG	sampleB	10xv2	Natural killer cell
CNA_10xv2_1	GAGGTCCTGACCTGCG	SNG	sampleB	10xv2	CD16+ monocyte
CNA_10xv2_1	GTAATCGTGACCGTTA	SNG	sampleB	10xv2	Natural killer cell
CNA_10xv2_1	TCCATTCCTCCTAGGC	SNG	sampleA	10xv2	CD14+ monocyte
CNA_10xv2_1	TGAATGCACTTGCAGT	SNG	sampleB	10xv2	Cytotoxic T cell
CNA_10xv2_1	TTCCGGACTGCCCTTT	SNG	sampleB	10xv2	Cytotoxic T cell
CNA_10xv2_1	AAGTCTTCTCGGCACT	SNG	sampleB	10xv2	Cytotoxic T cell
CNA_10xv2_1	AGATATGGAAAGTTCC	SNG	sampleA	10xv2	B cell
CNA_10xv2_1	TACTGGCCTCCGTGAC	SNG	sampleA	10xv2	Cytotoxic T cell
CNA_10xv2_1	TGATAGAGACAATAGA	SNG	sampleA	10xv2	CD14+ monocyte
CNA_10xv2_1	ACGTGGCTGTCTGTAG	SNG	sampleA	10xv2	Natural killer cell
CNA_10xv2_1	GAGGTTGGAGGACTGA	SNG	sampleB	10xv2	Dendritic cell
CNA_10xv2_1	CGGACGTTGACAGATA	SNG	sampleB	10xv2	B cell
CNA_10xv2_1	AGATATGGAAAGTAAC	SNG	sampleA	10xv2	Natural killer cell
CNA_10xv2_1	TAGTGAAGACAGTCTA	SNG	sampleB	10xv2	CD4+ T cell
CNA_10xv2_1	TCAACAGACCATGCTA	SNG	sampleB	10xv2	Cytotoxic T cell
CNA_10xv2_1	AGAACCTTGATAACCC	SNG	sampleA	10xv2	CD4+ T cell
CNA_10xv2_1	TCCTCATCTGTCGGTC	SNG	sampleA	10xv2	CD4+ T cell
CNA_10xv2_1	GAACTACTGATCGGTT	SNG	sampleA	10xv2	Dendritic cell
CNA_10xv2_1	GTTTCATTGCGAAGCA	SNG	sampleB	10xv2	B cell
CNA_10xv2_1	GACCGTGTGCGACAAG	SNG	sampleB	10xv2	Natural killer cell
CNA_10xv2_1	GTATAGGCTGAGAGGG	SNG	sampleA	10xv2	CD14+ monocyte
CNA_10xv2_1	AACCCTCACAGCGCTC	SNG	sampleA	10xv2	Natural killer cell
CNA_10xv2_1	AAACATGGAGTACACT	SNG	sampleB	10xv2	B cell
CNA_10xv2_1	GCTAGATACAGCAAGC	SNG	sampleA	10xv2	Natural killer cell
CNA_10xv2_1	AGATACGCTTTGACAC	SNG	sampleB	10xv2	CD16+ monocyte
CNA_10xv2_1	GAGAAGAGAACAGATA	SNG	sampleA	10xv2	Cytotoxic T cell
CNA_10xv2_1	CTTCACGTGGTGGTGA	SNG	sampleB	10xv2	CD4+ T cell
CNA_10xv2_1	GAGTTGACTCTTTAGG	SNG	sampleB	10xv2	Cytotoxic T cell
CNA_10xv2_1	TGGCGTTCTAGCTTGT	SNG	sampleB	10xv2	B cell
CNA_10xv2_1	CTGACGTCTTGTGGGA	SNG	sampleB	10xv2	CD4+ T cell
CNA_10xv2_1	GATAACCTGATCATGC	SNG	sampleA	10xv2	CD4+ T cell
CNA_10xv2_1	GGGATGTGAAGGTAAT_TGTATGCGAAGGTAAT	SNG	sampleB	10xv2	Cytotoxic T cell
CNA_10xv2_1	TACGAGTTGGAATAAC	SNG	sampleA	10xv2	CD14+ monocyte
CNA_10xv2_1	TGCCATCTGCTCATTT	SNG	sampleB	10xv2	CD4+ T cell
CNA_10xv2_1	CTCTATATGGTTAGGG	SNG	sampleA	10xv2	Cytotoxic T cell
CNA_10xv2_1	GAAAGTAACGCTACGC	SNG	sampleB	10xv2	CD4+ T cell
CNA_10xv2_1	ATTGTGTCTTTGGGAG	SNG	sampleB	10xv2	Cytotoxic T cell
CNA_10xv2_1	AAGAAACACTGGTGAG	SNG	sampleB	10xv2	Natural killer cell
CNA_10xv2_1	ATAAGACGATGGCTTA	SNG	sampleB	10xv2	CD4+ T cell
CNA_10xv2_1	AAGCGTGGAATCCTAG	SNG	sampleB	10xv2	Cytotoxic T cell
CNA_10xv2_1	AAGTGACCTCTAACGT	SNG	sampleA	10xv2	CD4+ T cell
CNA_10xv2_1	GCTATCCTGGCTCCTT	SNG	sampleB	10xv2	CD4+ T cell
CNA_10xv2_1	TACGTGTGACTGGAAG	SNG	sampleA	10xv2	CD4+ T cell
CNA_10xv2_1	ACCCTTGTGGTTTACG	SNG	sampleB	10xv2	B cell
CNA_10xv2_1	GTAGGTTTGTAGACAA	SNG	sampleB	10xv2	CD4+ T cell
CNA_10xv2_1	GCACTGTCTAGGACCA	SNG	sampleA	10xv2	CD4+ T cell
CNA_10xv2_1	CCCAGAGACTGACCTA	SNG	sampleA	10xv2	CD4+ T cell
CNA_10xv2_1	TAGGATAGAGGCCTGT	SNG	sampleA	10xv2	CD14+ monocyte
CNA_10xv2_1	TATTGGTCTCGTACAT	SNG	sampleA	10xv2	B cell
CNA_10xv2_1	TCTTCCTTGAGTCTAC	SNG	sampleA	10xv2	CD4+ T cell
CNA_10xv2_1	TCACCCATGCGCTCGA	SNG	sampleA	10xv2	Natural killer cell
CNA_10xv2_1	CTTTAACTGCCAAACT	SNG	sampleA	10xv2	CD16+ monocyte
CNA_10xv2_1	AGTTTCACTGGACCAA	SNG	sampleB	10xv2	CD4+ T cell
CNA_10xv2_1	TGCTTGCACATGTCCA	SNG	sampleA	10xv2	Cytotoxic T cell
CNA_10xv2_1	AAGAGAGGAACCGTGC	SNG	sampleB	10xv2	CD14+ monocyte
CNA_10xv2_1	GTCTGGCGATCGCAGC	SNG	sampleB	10xv2	Cytotoxic T cell
CNA_10xv2_1	GCTATCCTGCTGTACA	SNG	sampleA	10xv2	CD4+ T cell
CNA_10xv2_1	CATAGCATGGCTCAGC	SNG	sampleA	10xv2	CD14+ monocyte
CNA_10xv2_1	GCGCAGTTGACCGTTA	SNG	sampleB	10xv2	CD16+ monocyte
CNA_10xv2_1	ATGTGTGTGAACGTTC	SNG	sampleA	10xv2	CD4+ T cell
CNA_10xv2_1	TGAGGCCACCGACAAG	SNG	sampleB	10xv2	CD14+ monocyte
CNA_10xv2_1	TGCTAGTGACCAAGTT	SNG	sampleB	10xv2	B cell
CNA_10xv2_1	GCGAGCACTTTCGGGC	SNG	sampleA	10xv2	CD4+ T cell
CNA_10xv2_1	GCGAGCACTCTGGAAG	SNG	sampleB	10xv2	Cytotoxic T cell
CNA_10xv2_1	AACGTCCCTGGCCTGT	SNG	sampleA	10xv2	CD4+ T cell
CNA_10xv2_1	CAGTATTCTCGATGTT	SNG	sampleB	10xv2	CD4+ T cell
CNA_10xv2_1	ACCCTTGTGATTCGGT	SNG	sampleB	10xv2	B cell
CNA_10xv2_1	ATGCCCGGAGACTGTT	SNG	sampleB	10xv2	CD4+ T cell
CNA_10xv2_1	GTAACTGTGATGTCAC	SNG	sampleA	10xv2	CD14+ monocyte
CNA_10xv2_1	ACTGGAACTACACAAA	SNG	sampleB	10xv2	CD4+ T cell
CNA_10xv2_1	GCGTTAATGCCCGAGT	SNG	sampleB	10xv2	CD16+ monocyte
CNA_10xv2_1	GGATATAGAGGGTTCC	SNG	sampleA	10xv2	Cytotoxic T cell
CNA_10xv2_1	TCCAAAGTGAATCGCT	SNG	sampleA	10xv2	CD4+ T cell
CNA_10xv2_1	AACGTCCCTCCCGAGT	SNG	sampleA	10xv2	CD14+ monocyte
CNA_10xv2_1	AGTGAAATGGAATTGA	SNG	sampleB	10xv2	B cell
CNA_10xv2_1	TCGACTAGATGCGTGC	SNG	sampleB	10xv2	Cytotoxic T cell
CNA_10xv2_1	GCAGATACTGACTGTT	SNG	sampleB	10xv2	CD4+ T cell
CNA_10xv2_1	AGGGCGTCTTGCCACG	SNG	sampleA	10xv2	Natural killer cell
CNA_10xv2_1	AGGAGGTTGGTGAGCA	SNG	sampleA	10xv2	Cytotoxic T cell
CNA_10xv2_1	CACCCATACAGCTGAG	SNG	sampleA	10xv2	Cytotoxic T cell
CNA_10xv2_1	GTTCCCATGAACCAAA	SNG	sampleB	10xv2	Dendritic cell
CNA_10xv2_1	TCGCATCACAATCCTG	SNG	sampleB	10xv2	CD14+ monocyte
CNA_10xv2_1	TGAGCGCACTGCTGGC	SNG	sampleB	10xv2	CD4+ T cell
CNA_10xv2_1	GGTAAGCGATACAGCT	SNG	sampleA	10xv2	CD14+ monocyte
CNA_10xv2_1	AATTCTGCTCTCATCC	SNG	sampleA	10xv2	Cytotoxic T cell
CNA_10xv2_1	CGATCGGTGAGCGCTC	SNG	sampleA	10xv2	CD14+ monocyte
CNA_10xv2_1	GCTGGAAGATTGGGAG	SNG	sampleA	10xv2	CD4+ T cell
CNA_10xv2_1	ATCAAGCACTTGCGCG	SNG	sampleB	10xv2	CD16+ monocyte
CNA_10xv2_1	CATTACACTTGCACCG	SNG	sampleB	10xv2	CD4+ T cell
CNA_10xv2_1	ATTAGCGTGAACGTTC	SNG	sampleA	10xv2	Cytotoxic T cell
CNA_10xv2_1	GCCAATTGAAGCTTGT	SNG	sampleA	10xv2	CD14+ monocyte
CNA_10xv2_1	TGCTTGCACGACCGAA	SNG	sampleB	10xv2	CD4+ T cell
CNA_10xv2_1	AAGCATCACCCAGCAC	SNG	sampleA	10xv2	B cell
CNA_10xv2_1	CCAGGACTGACTAGGG	SNG	sampleA	10xv2	CD4+ T cell
CNA_10xv2_1	CGCGTTGGAATGAATG	SNG	sampleA	10xv2	Natural killer cell
CNA_10xv2_1	TCGACGGACCAAGTAA	SNG	sampleA	10xv2	CD4+ T cell
CNA_10xv2_1	TGGTTTGGATAATGCC	SNG	sampleA	10xv2	CD4+ T cell
CNA_10xv2_1	TTCTATGACACCCGGT	SNG	sampleA	10xv2	CD4+ T cell
CNA_10xv2_1	ACCGTTGCTACTAGGG	SNG	sampleB	10xv2	Cytotoxic T cell
CNA_10xv2_1	TACATTCACGGTTTGT	SNG	sampleB	10xv2	CD4+ T cell
CNA_10xv2_1	TGAGACTTGCCTGCGA	SNG	sampleA	10xv2	CD14+ monocyte
CNA_10xv2_1	CTACCTCGATCTGTGA	SNG	sampleB	10xv2	CD14+ monocyte
CNA_10xv2_1	TCAAATCCTTCCAGCG	SNG	sampleB	10xv2	Cytotoxic T cell
CNA_10xv2_1	CCTGATCACAAGTCTC	SNG	sampleA	10xv2	B cell
CNA_10xv2_1	TCCGTTGACTACGATC	SNG	sampleB	10xv2	CD4+ T cell
CNA_10xv2_1	GGTTGGAGATAACTCG	SNG	sampleB	10xv2	CD4+ T cell
CNA_10xv2_1	TCGCTGGGATAGCAGG	SNG	sampleB	10xv2	Dendritic cell
CNA_10xv2_1	CTTAATCTGGCAGTTT	SNG	sampleB	10xv2	Cytotoxic T cell
CNA_10xv2_1	CTTAGATCTTTAGCTG	SNG	sampleB	10xv2	Dendritic cell
CNA_10xv2_1	TGATAGAGATTGACCA	SNG	sampleA	10xv2	CD4+ T cell
CNA_10xv2_1	CTGTCGTTGGGGTAGT	SNG	sampleB	10xv2	CD4+ T cell
CNA_10xv2_1	GACAATAGAACCAAGG	SNG	sampleA	10xv2	CD4+ T cell
CNA_10xv2_1	AATGGCTACACAACAA	SNG	sampleB	10xv2	CD16+ monocyte
CNA_10xv2_1	AGCCAGCACCGTACAT	SNG	sampleB	10xv2	CD16+ monocyte
CNA_10xv2_1	CCAGAATACCAGATTC	SNG	sampleB	10xv2	CD16+ monocyte
CNA_10xv2_1	AGAACGCGATTTGGGT	SNG	sampleB	10xv2	CD4+ T cell
CNA_10xv2_1	GTACACTGAGATCCAT	SNG	sampleA	10xv2	Cytotoxic T cell
CNA_10xv2_1	ATGTGTGTGTCTATCT	SNG	sampleB	10xv2	B cell
CNA_10xv2_1	CATTTGTACCAACGCC	SNG	sampleA	10xv2	Dendritic cell
CNA_10xv2_1	CGATACATGTTGTGAC	SNG	sampleB	10xv2	CD16+ monocyte
CNA_10xv2_1	GAAGTATGATTTCGCC	SNG	sampleB	10xv2	CD4+ T cell
CNA_10xv2_1	TTGTATCTGTAAAGCA	SNG	sampleB	10xv2	Cytotoxic T cell
CNA_10xv2_1	TCCCAGACTTAAAGCA	SNG	sampleA	10xv2	CD4+ T cell
CNA_10xv2_1	TGGTCAAACGGATGGT	SNG	sampleB	10xv2	Cytotoxic T cell
CNA_10xv2_1	AAGGCTTACCATAGCT	SNG	sampleA	10xv2	Natural killer cell
CNA_10xv2_1	TGGATCCCTACAGGTG	SNG	sampleB	10xv2	B cell
CNA_10xv2_1	CAACTGAACGCTGGCT	SNG	sampleB	10xv2	Cytotoxic T cell
CNA_10xv2_1	GTCAAGTACGCGCACT	SNG	sampleA	10xv2	CD4+ T cell
CNA_10xv2_1	CCACGAGTGGTCCCAG	SNG	sampleA	10xv2	CD4+ T cell
CNA_10xv2_1	ATGCCCGGATCGTACA	SNG	sampleB	10xv2	Natural killer cell
CNA_10xv2_1	CGACATCCTACGCGAA	SNG	sampleA	10xv2	CD4+ T cell
CNA_10xv2_1	TGTAAGCACCAATAGA	SNG	sampleB	10xv2	Natural killer cell
CNA_10xv2_1	GTGAAGCGAATCCGTA	SNG	sampleA	10xv2	CD4+ T cell
CNA_10xv2_1	ACTGCTAGACCAGCAC	SNG	sampleB	10xv2	CD14+ monocyte
CNA_10xv2_1	CGCAAATACAAGGCCA	SNG	sampleA	10xv2	CD16+ monocyte
CNA_10xv2_1	GGGTATACTTGAGCAG	SNG	sampleB	10xv2	CD14+ monocyte
CNA_10xv2_1	CTACAACGACTCATCC	SNG	sampleA	10xv2	CD16+ monocyte
CNA_10xv2_1	GTATCAGTGATCACAC	SNG	sampleB	10xv2	Cytotoxic T cell
CNA_10xv2_1	TGTGGCTCTCTCACGG	SNG	sampleA	10xv2	CD14+ monocyte
CNA_10xv2_1	TGTCGCTTGTGCGTGC	SNG	sampleB	10xv2	B cell
CNA_10xv2_1	TGTTCCTCTCGAAGCA	SNG	sampleB	10xv2	Cytotoxic T cell
CNA_10xv2_1	GCCTATAGAAATCGAA	SNG	sampleA	10xv2	CD4+ T cell
CNA_10xv2_1	TGCTGCTACAGACAAT	SNG	sampleB	10xv2	Cytotoxic T cell
CNA_10xv2_1	CGATCGGTGGCACGCT	SNG	sampleB	10xv2	Cytotoxic T cell
CNA_10xv2_1	GTCTAATCTTGCTGGC	SNG	sampleB	10xv2	CD14+ monocyte
CNA_10xv2_1	GCGTGCTGACCTGTGG	SNG	sampleA	10xv2	Natural killer cell
CNA_10xv2_1	ATTGAGAGACTTCACC	SNG	sampleA	10xv2	B cell
CNA_10xv2_1	TCGTGAATGAATCGAA	SNG	sampleA	10xv2	B cell
CNA_10xv2_1	AGCAACTTGACCGTGC	SNG	sampleB	10xv2	CD4+ T cell
CNA_10xv2_1	TAACTCACTTCAGGTT	SNG	sampleB	10xv2	B cell
CNA_10xv2_1	CGAAATAGAGTCCCGA	SNG	sampleB	10xv2	Cytotoxic T cell
CNA_10xv2_1	GTACATCGAGGCCATC	SNG	sampleA	10xv2	CD4+ T cell
CNA_10xv2_1	TTGTCCCGACCATGTA	SNG	sampleB	10xv2	CD16+ monocyte
CNA_10xv2_1	CGATCAAACCCTAGGC	SNG	sampleA	10xv2	CD4+ T cell
CNA_10xv2_1	ATGGGAGTGCCTATCC	SNG	sampleA	10xv2	Natural killer cell
CNA_10xv2_1	TGGAATCACCATGCGC	SNG	sampleB	10xv2	CD16+ monocyte
CNA_10xv2_1	GATACGTACGCTTTGA	SNG	sampleA	10xv2	Natural killer cell
CNA_10xv2_1	CCTGTTGACTCCCGTT	SNG	sampleA	10xv2	Natural killer cell
CNA_10xv2_1	GAAATCCACTTCTGAG	SNG	sampleB	10xv2	CD4+ T cell
CNA_10xv2_1	TACGATGACGGATGGT	SNG	sampleB	10xv2	B cell
CNA_10xv2_1	CTACTCTCTGCTGTTA	SNG	sampleA	10xv2	CD4+ T cell
CNA_10xv2_1	CGTCGTACTCTACTCC	SNG	sampleA	10xv2	CD4+ T cell
CNA_10xv2_1	GATCTGCCTAAATCGA	SNG	sampleB	10xv2	Cytotoxic T cell
CNA_10xv2_1	TCTGGCTTGTCGTCAA	SNG	sampleB	10xv2	B cell
CNA_10xv2_1	TGCCGTGGACGGAAGT	SNG	sampleA	10xv2	CD4+ T cell
CNA_10xv2_1	ATGCCCGGAGGGTTCC	SNG	sampleB	10xv2	B cell
CNA_10xv2_1	TGTCAATCTTGCGGCT	SNG	sampleA	10xv2	CD16+ monocyte
CNA_10xv2_1	GAAGCCCTGCGACACC	SNG	sampleB	10xv2	B cell
CNA_10xv2_1	GCCAGTCGAATGGCCC	SNG	sampleB	10xv2	Cytotoxic T cell
CNA_10xv2_1	CAATCGTGATGCTGTA	SNG	sampleA	10xv2	CD4+ T cell
CNA_10xv2_1	ATCTGTACTGCCCTTT	SNG	sampleB	10xv2	CD4+ T cell
CNA_10xv2_1	TTGGGTAACGACGCCT	SNG	sampleA	10xv2	CD4+ T cell
CNA_10xv2_1	GGCTTGCGATACGTTG	SNG	sampleA	10xv2	B cell
CNA_10xv2_1	TGGCATCCTCTTCACC	SNG	sampleA	10xv2	Natural killer cell
CNA_10xv2_1	CTCTATAACTTAGCTG	SNG	sampleA	10xv2	B cell
CNA_10xv2_1	TCTACGCACTGATGAA	SNG	sampleA	10xv2	CD14+ monocyte
CNA_10xv2_1	GCGCTACGAGGATGGT	SNG	sampleA	10xv2	CD14+ monocyte
CNA_10xv2_1	TTCTTAGACCAGTCTA	SNG	sampleA	10xv2	B cell
CNA_10xv2_1	AAATGCCTGAGGCGTA	SNG	sampleB	10xv2	Cytotoxic T cell
CNA_10xv2_1	TGCTGCTACTACTTTC	SNG	sampleB	10xv2	Cytotoxic T cell
CNA_10xv2_1	GGGAAAGCTTAGGTTC	SNG	sampleA	10xv2	Natural killer cell
CNA_10xv2_1	TACGTGTGATCATGTG	SNG	sampleB	10xv2	B cell
CNA_10xv2_1	GGGTAGTGATTGACAC	SNG	sampleA	10xv2	CD14+ monocyte
CNA_10xv2_1	TCACACCTGAAAGCTA	SNG	sampleB	10xv2	CD4+ T cell
CNA_10xv2_1	AAATAGGACCCGCAGT	SNG	sampleB	10xv2	Cytotoxic T cell
CNA_10xv2_1	GCGAAGCCTGAAGGTC	SNG	sampleA	10xv2	Natural killer cell
CNA_10xv2_1	AAACGAAACAAGTTAG	SNG	sampleB	10xv2	CD4+ T cell
CNA_10xv2_1	GACTCTCACTGACCTA	SNG	sampleB	10xv2	Cytotoxic T cell
CNA_10xv2_1	CATATCACTCTTAAGC	SNG	sampleB	10xv2	B cell
CNA_10xv2_1	TAAGCTGTGTGGGCAA	SNG	sampleA	10xv2	CD16+ monocyte
CNA_10xv2_1	GGAACTACTTACGATC	SNG	sampleA	10xv2	Natural killer cell
CNA_10xv2_1	GTAAGGCGACGATGGA	SNG	sampleB	10xv2	Natural killer cell
CNA_10xv2_1	TGTACGATGTTACGAC	SNG	sampleB	10xv2	CD4+ T cell
CNA_10xv2_1	GCAAATCTGTGCATCA	SNG	sampleB	10xv2	Natural killer cell
CNA_10xv2_1	TATTCCTGAAGTCTAC	SNG	sampleA	10xv2	Cytotoxic T cell
CNA_10xv2_1	GTCGAAGGAGTTTGGT	SNG	sampleA	10xv2	CD4+ T cell
CNA_10xv2_1	AACGCGCTGAGGTAAT	SNG	sampleA	10xv2	B cell
CNA_10xv2_1	ACCAATGACGAGTGAC	SNG	sampleB	10xv2	Cytotoxic T cell
CNA_10xv2_1	AGGAAGAGAATCACAC	SNG	sampleB	10xv2	Cytotoxic T cell
CNA_10xv2_1	AGGTATAGAATCTGTG	SNG	sampleB	10xv2	B cell
CNA_10xv2_1	TTCTATGACTCTATCT	SNG	sampleA	10xv2	CD14+ monocyte
CNA_10xv2_1	GATACGGGACTGGGTC	SNG	sampleB	10xv2	CD4+ T cell
CNA_10xv2_1	ATCTCTTGACCGGACT	SNG	sampleB	10xv2	B cell
CNA_10xv2_1	TGGGCCATGATTCTGG	SNG	sampleA	10xv2	CD4+ T cell
CNA_10xv2_1	CTTCCACGATTCTCGC	SNG	sampleB	10xv2	CD16+ monocyte
CNA_10xv2_1	TGGGAGTGATGAGTAA	SNG	sampleA	10xv2	CD14+ monocyte
CNA_10xv2_1	AGAACATGAATAACCC	SNG	sampleA	10xv2	CD4+ T cell
CNA_10xv2_1	GTGGTAACTTATGACC	SNG	sampleB	10xv2	Cytotoxic T cell
CNA_10xv2_1	TACCTGCTGTTGTACG	SNG	sampleA	10xv2	CD4+ T cell
CNA_10xv2_1	TATCGATCTGGGATTG	SNG	sampleB	10xv2	B cell
CNA_10xv2_1	CGACCTTTGAAGTAAC	SNG	sampleA	10xv2	CD14+ monocyte
CNA_10xv2_1	GTCAAGTACGAACATA	SNG	sampleA	10xv2	B cell
CNA_10xv2_1	CATTCTATGAACGTGG	SNG	sampleB	10xv2	CD4+ T cell
CNA_10xv2_1	TGGCGTTCTCTTGTGA	SNG	sampleA	10xv2	CD14+ monocyte
CNA_10xv2_1	TAGAACCACAACCAAA	SNG	sampleB	10xv2	Natural killer cell
CNA_10xv2_1	TTGTTTGACTGCTACA	SNG	sampleB	10xv2	Cytotoxic T cell
CNA_10xv2_1	TACCACCTGTAGGTTC	SNG	sampleA	10xv2	CD4+ T cell
CNA_10xv2_1	AACACACACAGATTCC	SNG	sampleA	10xv2	CD4+ T cell
CNA_10xv2_1	TAATAGGGATGTCACA	SNG	sampleB	10xv2	Cytotoxic T cell
CNA_10xv2_1	TCCATATACACCATGT	SNG	sampleB	10xv2	Cytotoxic T cell
CNA_10xv2_1	CCTATCCGATTGACAC	SNG	sampleB	10xv2	CD16+ monocyte
CNA_10xv2_1	GAGCCTCGACGAACAG	SNG	sampleB	10xv2	CD16+ monocyte
CNA_10xv2_1	CAATAGAGACTACTCC	SNG	sampleB	10xv2	CD16+ monocyte
CNA_10xv2_1	TCGGGTCGACCACATA	SNG	sampleB	10xv2	CD14+ monocyte
CNA_10xv2_1	ACTTCCTCTCGAAAGC	SNG	sampleB	10xv2	Cytotoxic T cell
CNA_10xv2_1	ACCAAGTTGATTCTGG	SNG	sampleB	10xv2	Natural killer cell
CNA_10xv2_1	AGGTAGCGATACAGCT	SNG	sampleA	10xv2	Cytotoxic T cell
CNA_10xv2_1	CCTGATCACAAGCTAA	SNG	sampleB	10xv2	Dendritic cell
CNA_10xv2_1	GATCGCGTGGCACTTA	SNG	sampleB	10xv2	CD16+ monocyte
CNA_10xv2_1	TGCTTGCACACACAAA	SNG	sampleA	10xv2	CD4+ T cell
CNA_10xv2_1	AGGGCAAACCGTAGAG	SNG	sampleB	10xv2	Natural killer cell
CNA_10xv2_1	GGTCAGAGAACTCGAT	SNG	sampleA	10xv2	Natural killer cell
CNA_10xv2_1	TCGACTCTGTCATTTC	SNG	sampleA	10xv2	CD4+ T cell
CNA_10xv2_1	GGTTTAGTGGCGGTAA	SNG	sampleA	10xv2	CD4+ T cell
CNA_10xv2_1	GGTTCACCTACCGTTA	SNG	sampleB	10xv2	Cytotoxic T cell
CNA_10xv2_1	GTGAAGCGATACCAAC	SNG	sampleB	10xv2	CD14+ monocyte
CNA_10xv2_1	TCCGAGTCTAATAGCA	SNG	sampleB	10xv2	Natural killer cell
CNA_10xv2_1	CTCGAACCTAGTCTAC	SNG	sampleB	10xv2	CD4+ T cell
CNA_10xv2_1	CCACATGCTGTTAGTC	SNG	sampleA	10xv2	B cell
CNA_10xv2_1	TTGTAACCTGCCCTAG	SNG	sampleB	10xv2	Cytotoxic T cell
CNA_10xv2_1	GAGCATACTTAAGTAG	SNG	sampleB	10xv2	CD4+ T cell
CNA_10xv2_1	GACCGACACTGCTTGA	SNG	sampleB	10xv2	Cytotoxic T cell
CNA_10xv2_1	ACACATCGACCAGCAC	SNG	sampleB	10xv2	B cell
CNA_10xv2_1	GACTACTGATTTCGCC	SNG	sampleA	10xv2	Dendritic cell
CNA_10xv2_1	GTTCTTCCTTCATTTC	SNG	sampleA	10xv2	Cytotoxic T cell
CNA_10xv2_1	CGCAATCCTAATAGCA	SNG	sampleB	10xv2	CD4+ T cell
CNA_10xv2_1	GACCCGTGATGCTTGA	SNG	sampleB	10xv2	CD16+ monocyte
CNA_10xv2_1	GCTTCTGTGGTTTACG	SNG	sampleB	10xv2	CD14+ monocyte
CNA_10xv2_1	GTTGAGTTGCCCGAGT	SNG	sampleB	10xv2	Cytotoxic T cell
CNA_10xv2_1	TCCATATACACCTTGA	SNG	sampleA	10xv2	CD4+ T cell
CNA_10xv2_1	GTCCGAGTGGGCATTT	SNG	sampleA	10xv2	Natural killer cell
CNA_10xv2_1	GCACGGACTAGGACAC	SNG	sampleB	10xv2	Cytotoxic T cell
CNA_10xv2_1	CTGTTGCACTCATGCA	SNG	sampleA	10xv2	CD14+ monocyte
CNA_10xv2_1	TACCAGTGAGCTAGAG	SNG	sampleA	10xv2	CD4+ T cell
CNA_10xv2_1	AATTCGGTGCGGCTCA	SNG	sampleB	10xv2	B cell
CNA_10xv2_1	TCCCTGTGATTCAGTG	SNG	sampleB	10xv2	Cytotoxic T cell
CNA_10xv2_1	AACGAGGTGTGTTCCC	SNG	sampleB	10xv2	Cytotoxic T cell
CNA_10xv2_1	CTTTCGTCTGATTAAG	SNG	sampleA	10xv2	Natural killer cell
CNA_10xv2_1	GGGCTTCGAGGCCATC	SNG	sampleA	10xv2	CD14+ monocyte
CNA_10xv2_1	CGTTCTCGAAATACAG	SNG	sampleB	10xv2	Cytotoxic T cell
CNA_10xv2_1	TCCGTTGTGTGGCTTA	SNG	sampleA	10xv2	CD4+ T cell
CNA_10xv2_1	TTCCGGACTTGTCACA	SNG	sampleA	10xv2	CD4+ T cell
CNA_10xv2_1	ATGGACTACGATGGAC	SNG	sampleB	10xv2	CD4+ T cell
CNA_10xv2_1	TGTCTTCCTCACTCAA	SNG	sampleB	10xv2	Cytotoxic T cell
CNA_10xv2_1	TACCGCTACAAAGTAC	SNG	sampleA	10xv2	Natural killer cell
CNA_10xv2_1	GGGCAATGAGCCACGT	SNG	sampleB	10xv2	Cytotoxic T cell
CNA_10xv2_1	CCAGAATACCGCACTG	SNG	sampleB	10xv2	B cell
CNA_10xv2_1	CCACATCACGTTTACG	SNG	sampleA	10xv2	CD4+ T cell
CNA_10xv2_1	TGTAGACACGAGCTGA	SNG	sampleA	10xv2	Natural killer cell
CNA_10xv2_1	AACGCGCTGCTGATCA	SNG	sampleA	10xv2	CD4+ T cell
CNA_10xv2_1	GCACGGACTATCAGGG	SNG	sampleA	10xv2	B cell
CNA_10xv2_1	CCTTCTACTACGAGCA	SNG	sampleA	10xv2	Natural killer cell
CNA_10xv2_1	GCATAGTACGTGGTGA	SNG	sampleA	10xv2	Cytotoxic T cell
CNA_10xv2_1	TGGCCGATGAGGTAAT	SNG	sampleB	10xv2	CD4+ T cell
CNA_10xv2_1	CTTAATCTGGAACATA	SNG	sampleB	10xv2	Cytotoxic T cell
CNA_10xv2_1	CCGTTTGTGCGAAGCA	SNG	sampleA	10xv2	CD4+ T cell
CNA_10xv2_1	CCTGCTATGAAATGCA	SNG	sampleB	10xv2	Cytotoxic T cell
CNA_10xv2_1	ATAGCCAACCTTTGTT	SNG	sampleA	10xv2	CD4+ T cell
CNA_10xv2_1	CCTTACTCTGGACAGT	SNG	sampleB	10xv2	B cell
CNA_10xv2_1	AGCCAATTGAATAGCA	SNG	sampleB	10xv2	CD16+ monocyte
CNA_10xv2_1	ATGGGTTACCCAACGC	SNG	sampleB	10xv2	Cytotoxic T cell
CNA_10xv2_1	GGGTTCTCTTGCCACG	SNG	sampleB	10xv2	Natural killer cell
CNA_10xv2_1	AGGTATAGACGATTCA	SNG	sampleA	10xv2	B cell
CNA_10xv2_1	CTCACGACTTCTGGAT	SNG	sampleB	10xv2	Cytotoxic T cell
CNA_10xv2_1	AGCTCTGCTCCATGTA	SNG	sampleA	10xv2	Cytotoxic T cell
CNA_10xv2_1	AGCCCAGACCTCTGGG	SNG	sampleB	10xv2	Cytotoxic T cell
CNA_10xv2_1	ACGCTCTTGGGCAGTA	SNG	sampleA	10xv2	B cell
CNA_10xv2_1	TGTAAGCTGATTCGGT	SNG	sampleA	10xv2	CD4+ T cell
CNA_10xv2_1	GTTCTTCCTAGGGAGG	SNG	sampleA	10xv2	CD14+ monocyte
CNA_10xv2_1	AGCCTACCTAGCAAGC	SNG	sampleA	10xv2	CD4+ T cell
CNA_10xv2_1	TGGTCAAACTTGACAC	SNG	sampleB	10xv2	CD4+ T cell
CNA_10xv2_1	TGCCAAATGAAACATG	SNG	sampleB	10xv2	Dendritic cell
CNA_10xv2_1	ATTGTGCGAACCGTGC	SNG	sampleB	10xv2	CD4+ T cell
CNA_10xv2_1	TCAAACTCTAACGTGG	SNG	sampleB	10xv2	B cell
CNA_10xv2_1	ATAACCGTGCGAGTGA	SNG	sampleB	10xv2	B cell
CNA_10xv2_1	AGAGACCGATTCTGGA_GAGCCTGACTCTATCT	SNG	sampleA	10xv2	B cell
CNA_10xv2_1	TTCTAGACTCCTGTGG	SNG	sampleB	10xv2	CD4+ T cell
CNA_10xv2_1	CACTCTGACAGCTTTG	SNG	sampleB	10xv2	Cytotoxic T cell
CNA_10xv2_1	TGTATTCACTTTCCGC	SNG	sampleB	10xv2	B cell
CNA_10xv2_1	ATTTAGCCTCCTCCTA	SNG	sampleA	10xv2	CD4+ T cell
CNA_10xv2_1	TGCTACCTGATTGCCA	SNG	sampleA	10xv2	CD4+ T cell
CNA_10xv2_1	ACCGGCTGAGGTTGAG	SNG	sampleA	10xv2	CD4+ T cell
CNA_10xv2_1	ACGCTCTTGAATGCGG	SNG	sampleB	10xv2	B cell
CNA_10xv2_1	TTACGTTACCAGGGTA	SNG	sampleB	10xv2	CD4+ T cell
CNA_10xv2_1	AAGTGGCGACGTAGAG	SNG	sampleB	10xv2	CD14+ monocyte
CNA_10xv2_1	GCTTCTCGAACTAGGG	SNG	sampleB	10xv2	Cytotoxic T cell
CNA_10xv2_1	AGAATCCACCATGCAT	SNG	sampleB	10xv2	Cytotoxic T cell
CNA_10xv2_1	CAGAGGCCTTCAATGC	SNG	sampleB	10xv2	Cytotoxic T cell
CNA_10xv2_1	CATGGATTGCTTAGTG_GCACTCACTATGTGGG	SNG	sampleB	10xv2	CD14+ monocyte
CNA_10xv2_1	CGCACTTACCTGCCAG	SNG	sampleB	10xv2	CD14+ monocyte
CNA_10xv2_1	TGGACAACTTGAAAGT	SNG	sampleA	10xv2	CD4+ T cell
CNA_10xv2_1	TTCCACTCTGTCGGTC	SNG	sampleB	10xv2	B cell
CNA_10xv2_1	TTGTCGAGATCGTCCT	SNG	sampleA	10xv2	CD4+ T cell
CNA_10xv2_1	CCCAATGCTGGCCAAA	SNG	sampleB	10xv2	CD4+ T cell
CNA_10xv2_1	CGCATTCTGGCATGAG	SNG	sampleB	10xv2	Natural killer cell
CNA_10xv2_1	TCGATGATGTGCGCCA	SNG	sampleB	10xv2	CD4+ T cell
CNA_10xv2_1	TGGACAACTCCGTGAC	SNG	sampleB	10xv2	Natural killer cell
CNA_10xv2_1	ATAGGCGGACTGGCAC	SNG	sampleA	10xv2	Natural killer cell
CNA_10xv2_1	TCGACACCTTTAGCTG	SNG	sampleB	10xv2	B cell
CNA_10xv2_1	CGTGCAGACGCTCCTT	SNG	sampleB	10xv2	B cell
CNA_10xv2_1	AGTCCTGCTTTGCGTA	SNG	sampleB	10xv2	CD4+ T cell
CNA_10xv2_1	GTACTGAACCCGTGAC	SNG	sampleB	10xv2	B cell
CNA_10xv2_1	GTCTCGTACCCAACGC	SNG	sampleB	10xv2	Cytotoxic T cell
CNA_10xv2_1	TGGCAATTGTAAGCAA	SNG	sampleA	10xv2	CD4+ T cell
CNA_10xv2_1	TGCTGCTACGCCCTAG	SNG	sampleA	10xv2	Natural killer cell
CNA_10xv2_1	GGTTCATGATTTGGGT	SNG	sampleA	10xv2	CD4+ T cell
CNA_10xv2_1	TGGACTATGGAATAAC	SNG	sampleB	10xv2	Dendritic cell
CNA_10xv2_1	CTGTTGCACTCGGGCT	SNG	sampleB	10xv2	Cytotoxic T cell
CNA_10xv2_1	CTCCGTAACGAGAGGG	SNG	sampleB	10xv2	CD16+ monocyte
CNA_10xv2_1	ATTAGCGTGCCACTTC	SNG	sampleA	10xv2	B cell
CNA_10xv2_1	CAGGCGACTCTTCACC	SNG	sampleA	10xv2	CD4+ T cell
CNA_10xv2_1	CATGGATTGAATCCTG	SNG	sampleA	10xv2	CD16+ monocyte
CNA_10xv2_1	AACGTCCCTACACAAA	SNG	sampleA	10xv2	Cytotoxic T cell
CNA_10xv2_1	CACCGTTACACCTAGT	SNG	sampleA	10xv2	B cell
CNA_10xv2_1	GCAAATCTGTCCAGCG	SNG	sampleB	10xv2	B cell
CNA_10xv2_1	TCACACCTGATGGCCC	SNG	sampleA	10xv2	CD16+ monocyte
CNA_10xv2_1	CAAGGGAACTTGTACG	SNG	sampleA	10xv2	CD4+ T cell
CNA_10xv2_1	CGCTGAGTGACCTTGA	SNG	sampleA	10xv2	Cytotoxic T cell
CNA_10xv2_1	TGCTAGTGAAGCCCTG	SNG	sampleB	10xv2	Cytotoxic T cell
CNA_10xv2_1	TTGACGTGAACAGATA	SNG	sampleA	10xv2	CD4+ T cell
CNA_10xv2_1	CCCGAGTGATCTGCAA	SNG	sampleB	10xv2	Cytotoxic T cell
CNA_10xv2_1	GCACGGACTGAGTGAC	SNG	sampleA	10xv2	CD4+ T cell
CNA_10xv2_1	ATCAAAGGACGATGTT	SNG	sampleB	10xv2	CD4+ T cell
CNA_10xv2_1	TAAGCTGACGATGGAC	SNG	sampleA	10xv2	CD4+ T cell
CNA_10xv2_1	GTATGAAGAGCGCACT	SNG	sampleB	10xv2	CD4+ T cell
CNA_10xv2_1	TCGCACGGACGAATCT	SNG	sampleA	10xv2	CD4+ T cell
CNA_10xv2_1	AAATGCGCTTGCTTGA	SNG	sampleA	10xv2	Cytotoxic T cell
CNA_10xv2_1	GTCTCGTACGTCCCAG	SNG	sampleB	10xv2	CD14+ monocyte
CNA_10xv2_1	TAAGGGCGATTGACCA	SNG	sampleA	10xv2	CD4+ T cell
CNA_10xv2_1	TTCAGTTACGCCCTGA	SNG	sampleA	10xv2	Dendritic cell
CNA_10xv2_1	CATTCCCGAAGCTTGT	SNG	sampleB	10xv2	Cytotoxic T cell
CNA_10xv2_1	ATCTTACTGTTACGAC	SNG	sampleB	10xv2	B cell
CNA_10xv2_1	TGAGGCCACGAATAAC	SNG	sampleB	10xv2	Cytotoxic T cell
CNA_10xv2_1	TGCTGAAACCAGATTC	SNG	sampleA	10xv2	Natural killer cell
CNA_10xv2_1	GTCTAATCTGGGATTG	SNG	sampleA	10xv2	Cytotoxic T cell
CNA_10xv2_1	GAGTTACTGAGCGCTC	SNG	sampleB	10xv2	CD4+ T cell
CNA_10xv2_1	AGTGTTCGATGTTCCC	SNG	sampleB	10xv2	Cytotoxic T cell
CNA_10xv2_1	GTGCTAATGGGACCTC	SNG	sampleA	10xv2	Natural killer cell
CNA_10xv2_1	GTTCAGAACTTCTGGA	SNG	sampleB	10xv2	B cell
CNA_10xv2_1	ACCTAGTGAGTCTTGA	SNG	sampleA	10xv2	B cell
CNA_10xv2_1	CATTACTTGGTGGTGA	SNG	sampleA	10xv2	CD4+ T cell
CNA_10xv2_1	CCCTGATTGGGTATGG	SNG	sampleA	10xv2	CD4+ T cell
CNA_10xv2_1	GGCTCAGACCTTAGTG	SNG	sampleA	10xv2	Cytotoxic T cell
CNA_10xv2_1	GTGGCTGTGCATGCTA	SNG	sampleA	10xv2	CD4+ T cell
CNA_10xv2_1	TGGACGCACGAGTGAC	SNG	sampleB	10xv2	CD14+ monocyte
CNA_10xv2_1	TTGTTTGACCAGGTGA	SNG	sampleA	10xv2	CD14+ monocyte
CNA_10xv2_1	GGCACTGACTGCTACA	SNG	sampleA	10xv2	Natural killer cell
CNA_10xv2_1	AAGAACCCTAGGGAGG	SNG	sampleA	10xv2	CD4+ T cell
CNA_10xv2_1	GTGTACTGAAGGTAAT	SNG	sampleB	10xv2	CD4+ T cell
CNA_10xv2_1	TGCCATCTGACCTGCG	SNG	sampleB	10xv2	Cytotoxic T cell
CNA_10xv2_1	CAAGAAATGCGCAAAG	SNG	sampleB	10xv2	Natural killer cell
CNA_10xv2_1	GAGTTGACTTGCGGCT	SNG	sampleA	10xv2	CD4+ T cell
CNA_10xv2_1	TGGATAGCTTAGGAGC	SNG	sampleA	10xv2	CD14+ monocyte
CNA_10xv2_1	TGGACGCACAAGTAAC	SNG	sampleB	10xv2	Cytotoxic T cell
CNA_10xv2_1	ACCCTTGTGCGGCTCA	SNG	sampleB	10xv2	Cytotoxic T cell
CNA_10xv2_1	GGTTGTATGTAAAGCA	SNG	sampleB	10xv2	CD14+ monocyte
CNA_10xv2_1	CAGCCGATGCTCACGG	SNG	sampleA	10xv2	CD16+ monocyte
CNA_10xv2_1	AAGATCAGATCCAGCG	SNG	sampleB	10xv2	Cytotoxic T cell
CNA_10xv2_1	CTATAGCGACTTTGTT	SNG	sampleB	10xv2	Dendritic cell
CNA_10xv2_1	GTTATGCGATTACGAC	SNG	sampleB	10xv2	B cell
CNA_10xv2_1	GAAGGCATGCTGCCAG	SNG	sampleB	10xv2	Cytotoxic T cell
CNA_10xv2_1	CGCGTTGGAAGCGCTC	SNG	sampleA	10xv2	CD4+ T cell
CNA_10xv2_1	AACCAACACAGGTGCA	SNG	sampleA	10xv2	CD14+ monocyte
CNA_10xv2_1	ATGATGGCTTGTGGGA	SNG	sampleB	10xv2	Cytotoxic T cell
CNA_10xv2_1	GGCGTGACTTTTCCGC	SNG	sampleA	10xv2	CD14+ monocyte
CNA_10xv2_1	ACACAGACTATCATGC	SNG	sampleB	10xv2	Dendritic cell
CNA_10xv2_1	TGGCTAATGCCAGCAC	SNG	sampleB	10xv2	CD14+ monocyte
CNA_10xv2_1	TGTCAATCTGTACACT	SNG	sampleA	10xv2	CD14+ monocyte
CNA_10xv2_1	GTCCTACACAGGACCA	SNG	sampleA	10xv2	CD4+ T cell
CNA_10xv2_1	AACGAACCTTCCCGTT	SNG	sampleA	10xv2	Natural killer cell
CNA_10xv2_1	GATAACCTGCGGGTAA	SNG	sampleB	10xv2	B cell
CNA_10xv2_1	AAAGCCTTGGTACACT	SNG	sampleB	10xv2	CD4+ T cell
CNA_10xv2_1	CTTGCGGGATAATAGG	SNG	sampleA	10xv2	Natural killer cell
CNA_10xv2_1	TAAACGCACACAACAA	SNG	sampleA	10xv2	Natural killer cell
CNA_10xv2_1	AGGACAGACAACCAAA	SNG	sampleA	10xv2	Natural killer cell
CNA_10xv2_1	TACAACCGACGATTGT	SNG	sampleA	10xv2	CD4+ T cell
CNA_10xv2_1	CAGTGGAGACCTAGGC	SNG	sampleB	10xv2	Cytotoxic T cell
CNA_10xv2_1	AGATGTAGATTTCTGT	SNG	sampleB	10xv2	Cytotoxic T cell
CNA_10xv2_1	GTTCCCATGCCCGAGT	SNG	sampleA	10xv2	CD14+ monocyte
CNA_10xv2_1	CGCAAATACAGGTCCC	SNG	sampleB	10xv2	Natural killer cell
CNA_10xv2_1	ACTAACCGATAGACAA	SNG	sampleA	10xv2	CD14+ monocyte
CNA_10xv2_1	AAACACGCTCCTCGTT	SNG	sampleA	10xv2	Natural killer cell
CNA_10xv2_1	TGCTAAGACTTGACCA	SNG	sampleB	10xv2	B cell
CNA_10xv2_1	GTATCACGATTAGCTG	SNG	sampleA	10xv2	Natural killer cell
CNA_10xv2_1	GTCTCGTACTGATGAA	SNG	sampleB	10xv2	Cytotoxic T cell
CNA_10xv2_1	GCAGTATTGCGACACC	SNG	sampleB	10xv2	CD14+ monocyte
CNA_10xv2_1	CGACAATACTTCTCGC	SNG	sampleB	10xv2	CD4+ T cell
CNA_10xv2_1	GTTAAGAGATCATGTG	SNG	sampleB	10xv2	CD4+ T cell
CNA_10xv2_1	GGGTTGCTGGAGAGGG_TGTTTGTTGGAGAGGG	SNG	sampleA	10xv2	CD14+ monocyte
CNA_10xv2_1	CGTCGTTTGGAACATA	SNG	sampleB	10xv2	Cytotoxic T cell
CNA_10xv2_1	CTTTCGGTGCCTAGGC	SNG	sampleB	10xv2	CD4+ T cell
CNA_10xv2_1	AAGCGCCACTGACTCA	SNG	sampleB	10xv2	Cytotoxic T cell
CNA_10xv2_1	GTTTCAGGAGCGAGTA	SNG	sampleA	10xv2	CD4+ T cell
CNA_10xv2_1	ATCGAGACTCATGCGC	SNG	sampleB	10xv2	B cell
CNA_10xv2_1	TTTCGCTCTTCTGTAG	SNG	sampleB	10xv2	Cytotoxic T cell
CNA_10xv2_1	GTAGGTTTGGGAATAT	SNG	sampleB	10xv2	CD4+ T cell
CNA_10xv2_1	CCGACTACTGGACACA	SNG	sampleB	10xv2	CD4+ T cell
CNA_10xv2_1	CGAACATACGTGAGCA	SNG	sampleA	10xv2	Natural killer cell
CNA_10xv2_1	AAATGCCTGGCTCAGC	SNG	sampleB	10xv2	Cytotoxic T cell
CNA_10xv2_1	CGTCGTACTGGTGCAA	SNG	sampleA	10xv2	CD4+ T cell
CNA_10xv2_1	TATCGATCTAGCTTGT	SNG	sampleA	10xv2	CD4+ T cell
CNA_10xv2_1	ACGGGTAGATACAGCT	SNG	sampleA	10xv2	CD14+ monocyte
CNA_10xv2_1	TGCGACGACGGCCTTG	SNG	sampleB	10xv2	Cytotoxic T cell
CNA_10xv2_1	GATAACCTGAGGACCA	SNG	sampleB	10xv2	B cell
CNA_10xv2_1	CGACGACACGAACCTT	SNG	sampleA	10xv2	Natural killer cell
CNA_10xv2_1	CTGTCGTTGTTAGCTG	SNG	sampleB	10xv2	Cytotoxic T cell
CNA_10xv2_1	GAGTTACTGGTTAGGG	SNG	sampleB	10xv2	Dendritic cell
CNA_10xv2_1	AAATAGGACATTCTGG	SNG	sampleB	10xv2	Cytotoxic T cell
CNA_10xv2_1	CAAGTGGGAGTACTAC	SNG	sampleB	10xv2	Dendritic cell
CNA_10xv2_1	GGTCTGGACTCCCGTT	SNG	sampleB	10xv2	CD4+ T cell
CNA_10xv2_1	ATGTACGTGACGTGCC	SNG	sampleB	10xv2	CD4+ T cell
CNA_10xv2_1	CGACCTGGATAACGGG	SNG	sampleB	10xv2	CD4+ T cell
CNA_10xv2_1	GATGCGCACCGCAAAG	SNG	sampleB	10xv2	CD4+ T cell
CNA_10xv2_1	GTCCGAGTGTCGTACA	SNG	sampleB	10xv2	CD14+ monocyte
CNA_10xv2_1	ACCGGCTGAGAACCTT	SNG	sampleB	10xv2	B cell
CNA_10xv2_1	CGATACCCTAGCTTTG	SNG	sampleA	10xv2	CD4+ T cell
CNA_10xv2_1	ATCAAGCACTTTGGGT	SNG	sampleA	10xv2	CD4+ T cell
CNA_10xv2_1	TGACTCAGATGACTCA	SNG	sampleB	10xv2	CD16+ monocyte
CNA_10xv2_1	CCTTTCTACCGGGTAA	SNG	sampleB	10xv2	Cytotoxic T cell
CNA_10xv2_1	TCTACTCCTCGTTCTC	SNG	sampleB	10xv2	Cytotoxic T cell
CNA_10xv2_1	CCGTTCTGATGCTTGA	SNG	sampleB	10xv2	Cytotoxic T cell
CNA_10xv2_1	CGTAGCTCTCGATGGA	SNG	sampleB	10xv2	Cytotoxic T cell
CNA_10xv2_1	GCCAATTGACGGAAGT	SNG	sampleB	10xv2	Natural killer cell
CNA_10xv2_1	GACCGTGTGTTAGAAG	SNG	sampleB	10xv2	CD4+ T cell
CNA_10xv2_1	TGTGGTAACGACATAA	SNG	sampleB	10xv2	CD4+ T cell
CNA_10xv2_1	GGGCTTCGAGTCGGTC	SNG	sampleB	10xv2	Cytotoxic T cell
CNA_10xv2_1	GGTATCTGACGATTCA	SNG	sampleA	10xv2	CD4+ T cell
CNA_10xv2_1	TGGGTTTGAAGGGAGG	SNG	sampleA	10xv2	CD4+ T cell
CNA_10xv2_1	TGCCGGAACTTGCGTA	SNG	sampleB	10xv2	Cytotoxic T cell
CNA_10xv2_1	TCCTCATCTAGTCTAC	SNG	sampleB	10xv2	B cell
CNA_10xv2_1	GTCGTGGTGAAGGTGC	SNG	sampleB	10xv2	Cytotoxic T cell
CNA_10xv2_1	CGATATTCTCTTCACC	SNG	sampleB	10xv2	CD16+ monocyte
CNA_10xv2_1	TTAGCCAGAAGGACAC	SNG	sampleB	10xv2	CD14+ monocyte
CNA_10xv2_1	GCAGTATTGCGATGTT	SNG	sampleA	10xv2	CD14+ monocyte
CNA_10xv2_1	AGATGTAGATGCGCCA	SNG	sampleA	10xv2	Natural killer cell
CNA_10xv2_1	CGTGTAATGGCCCTGA	SNG	sampleB	10xv2	CD4+ T cell
CNA_10xv2_1	TACCTCGACCAGCAAG	SNG	sampleA	10xv2	Natural killer cell
CNA_10xv2_1	AAGGATCCTATTCGGT	SNG	sampleA	10xv2	CD4+ T cell
CNA_10xv2_1	GTTATCACTATCTGTG	SNG	sampleB	10xv2	Cytotoxic T cell
CNA_10xv2_1	GCACAATTGCGACATT	SNG	sampleA	10xv2	B cell
CNA_10xv2_1	GCTCGATCTACCTTGA	SNG	sampleB	10xv2	CD4+ T cell
CNA_10xv2_1	CTGTTGCACCATGCTA	SNG	sampleB	10xv2	Cytotoxic T cell
CNA_10xv2_1	CCAGCTTTGTCTGGGC	SNG	sampleA	10xv2	CD4+ T cell
CNA_10xv2_1	AATGATGGACGTAACT	SNG	sampleB	10xv2	CD4+ T cell
CNA_10xv2_1	AGTACGACTGATGGAC	SNG	sampleB	10xv2	CD4+ T cell
CNA_10xv2_1	CCTGTTGACTTCGCAA	SNG	sampleA	10xv2	Natural killer cell
CNA_10xv2_1	CCTTCCAGACGATTAC	SNG	sampleB	10xv2	Dendritic cell
CNA_10xv2_1	GCACGGACTAATCTGC	SNG	sampleB	10xv2	CD4+ T cell
CNA_10xv2_1	GTCGAAGGAACGCCAC	SNG	sampleB	10xv2	CD4+ T cell
CNA_10xv2_1	GTTTCCCGATGCTGGC	SNG	sampleB	10xv2	Dendritic cell
CNA_10xv2_1	AGATGTAGAATAGCAA	SNG	sampleB	10xv2	Natural killer cell
CNA_10xv2_1	CTGTGCACTTGCACCG	SNG	sampleA	10xv2	CD4+ T cell
CNA_10xv2_1	ACCTAGTGACCCGAGT	SNG	sampleB	10xv2	CD4+ T cell
CNA_10xv2_1	GCTACTGCTGGCCTGT	SNG	sampleB	10xv2	B cell
CNA_10xv2_1	CCATGCTACCGGTACC	SNG	sampleB	10xv2	CD4+ T cell
CNA_10xv2_1	CTCATAACTCCACAAT	SNG	sampleA	10xv2	Natural killer cell
CNA_10xv2_1	GCACGACACATGTGGG	SNG	sampleA	10xv2	B cell
CNA_10xv2_1	GCTTGTCACAACCAAA	SNG	sampleB	10xv2	CD14+ monocyte
CNA_10xv2_1	CATTGCGCTCCACAAT	SNG	sampleA	10xv2	CD4+ T cell
CNA_10xv2_1	AGGTCAGGACGAATCT	SNG	sampleB	10xv2	CD14+ monocyte
CNA_10xv2_1	CGCTTACTGGGCCTTG	SNG	sampleB	10xv2	CD14+ monocyte
CNA_10xv2_1	TGGTAGGGAAGCTTGT	SNG	sampleB	10xv2	Cytotoxic T cell
CNA_10xv2_1	CCCATTTCTGGACCTC	SNG	sampleA	10xv2	CD4+ T cell
CNA_10xv2_1	CGTCGTACTGACCGAA	SNG	sampleB	10xv2	B cell
CNA_10xv2_1	GTATCACGATAGCTTG	SNG	sampleB	10xv2	Cytotoxic T cell
CNA_10xv2_1	ACTTATCACTTCGGGC	SNG	sampleB	10xv2	Dendritic cell
CNA_10xv2_1	TCGACTAGACTATCTT	SNG	sampleA	10xv2	CD4+ T cell
CNA_10xv2_1	CTCAGCACTCCACATA	SNG	sampleB	10xv2	Cytotoxic T cell
CNA_10xv2_1	ACTACCCACGTTAGTC	SNG	sampleA	10xv2	CD4+ T cell
CNA_10xv2_1	AAACTCTCTAAACTGA	SNG	sampleA	10xv2	CD4+ T cell
CNA_10xv2_1	CGACCTTACTGCGTGC	SNG	sampleB	10xv2	CD4+ T cell
CNA_10xv2_1	GTCCGAGTGCTTTGTT	SNG	sampleA	10xv2	B cell
CNA_10xv2_1	TACGTTTACCGGCACT	SNG	sampleB	10xv2	CD4+ T cell
CNA_10xv2_1	GTTCCCATGAGCCATT	SNG	sampleB	10xv2	CD4+ T cell
CNA_10xv2_1	GTCGTGGTGTTCCATT	SNG	sampleB	10xv2	Cytotoxic T cell
CNA_10xv2_1	CAGATGACTAACCAAA	SNG	sampleA	10xv2	CD16+ monocyte
CNA_10xv2_1	ACACTGCCTAGGTAAT	SNG	sampleA	10xv2	CD14+ monocyte
CNA_10xv2_1	TGGTTTGGACTCTGGG	SNG	sampleB	10xv2	Cytotoxic T cell
CNA_10xv2_1	CGCATCTTGCATAGCT	SNG	sampleB	10xv2	CD4+ T cell
CNA_10xv2_1	ATCAAAGGATGACCTA	SNG	sampleB	10xv2	CD4+ T cell
CNA_10xv2_1	AGCGCAAGAAGAGGCT	SNG	sampleB	10xv2	Cytotoxic T cell
CNA_10xv2_1	CTAAGTCGACCGCTAG	SNG	sampleB	10xv2	CD14+ monocyte
CNA_10xv2_1	CTCAAACGAGATGGAC	SNG	sampleA	10xv2	B cell
CNA_10xv2_1	TTGGGTAACGCTAGAG	SNG	sampleB	10xv2	CD16+ monocyte
CNA_10xv2_1	TGTGCAATGCTGGCAC	SNG	sampleB	10xv2	Cytotoxic T cell
CNA_10xv2_1	CTTAGGCCTATTCTGG	SNG	sampleB	10xv2	Cytotoxic T cell
CNA_10xv2_1	CAGGACCTGGACCGAA	SNG	sampleA	10xv2	CD4+ T cell
CNA_10xv2_1	AAGCCTAACCGGAAGT	SNG	sampleA	10xv2	Dendritic cell
CNA_10xv2_1	TGTATTCACCTACTCC	SNG	sampleA	10xv2	CD14+ monocyte
CNA_10xv2_1	GCCGACAACGGAGTCA	SNG	sampleA	10xv2	CD14+ monocyte
CNA_10xv2_1	CCACAGGTGTAGCGAG	SNG	sampleB	10xv2	CD14+ monocyte
CNA_10xv2_1	TGGGTTTGAAAACATG	SNG	sampleB	10xv2	CD4+ T cell
CNA_10xv2_1	CGGTGTGTGTAGGCGA	SNG	sampleA	10xv2	B cell
CNA_10xv2_1	TATTCAGCTACCCGGT	SNG	sampleA	10xv2	CD4+ T cell
CNA_10xv2_1	AAACAACGACATGCAT	SNG	sampleB	10xv2	CD14+ monocyte
CNA_10xv2_1	GTATCACGATGTGGGA	SNG	sampleB	10xv2	Cytotoxic T cell
CNA_10xv2_1	TGTACTGGACCAGCTG	SNG	sampleA	10xv2	CD16+ monocyte
CNA_10xv2_1	AGGGACCCTCAAGTAA	SNG	sampleB	10xv2	CD14+ monocyte
CNA_10xv2_1	GTATGAAGATAGGTTC	SNG	sampleB	10xv2	Dendritic cell
CNA_10xv2_1	GATGCATTGCATGCAT	SNG	sampleB	10xv2	CD16+ monocyte
CNA_10xv2_1	CCTTCCAGATATGACC	SNG	sampleA	10xv2	CD14+ monocyte
CNA_10xv2_1	ACTCCGTACCCGGACT	SNG	sampleB	10xv2	Natural killer cell
CNA_10xv2_1	TGAGCGCACTGGCAAG	SNG	sampleA	10xv2	Dendritic cell
CNA_10xv2_1	GGTATGACTGCTCCTT	SNG	sampleB	10xv2	CD14+ monocyte
CNA_10xv2_1	ATACCTGGACGGTTTA	SNG	sampleA	10xv2	Cytotoxic T cell
CNA_10xv2_1	GTAGGTTTGGTGGTGA	SNG	sampleB	10xv2	Cytotoxic T cell
CNA_10xv2_1	TATCATGCTGGAGTCA	SNG	sampleB	10xv2	Dendritic cell
CNA_10xv2_1	ATTGTGCGACCAAGTT	SNG	sampleB	10xv2	Natural killer cell
CNA_10xv2_1	GAACTCCCTACGAGCA	SNG	sampleB	10xv2	Cytotoxic T cell
CNA_10xv2_1	GGCGTACACTGATCAC	SNG	sampleB	10xv2	Cytotoxic T cell
CNA_10xv2_1	TCACACCTGAGTTGAA	SNG	sampleA	10xv2	B cell
CNA_10xv2_1	TCCATGGCTGCCACGT	SNG	sampleB	10xv2	B cell
CNA_10xv2_1	TCAATCGGAAGCAATA	SNG	sampleA	10xv2	CD14+ monocyte
CNA_10xv2_1	GATACCATGCTGCGGT	SNG	sampleB	10xv2	CD4+ T cell
CNA_10xv2_1	ACCTATGGATGGTGAG	SNG	sampleA	10xv2	B cell
CNA_10xv2_1	TTCAAGTCTCGGGTAA	SNG	sampleB	10xv2	CD16+ monocyte
CNA_10xv2_1	CACCAGGTGGCACGCT	SNG	sampleA	10xv2	Cytotoxic T cell
CNA_10xv2_1	ATATGCCGATTCTGAG	SNG	sampleB	10xv2	CD4+ T cell
CNA_10xv2_1	TTTACCAACGCTAATC	SNG	sampleB	10xv2	Cytotoxic T cell
CNA_10xv2_1	GGAACTACTGCTACGC	SNG	sampleB	10xv2	B cell
CNA_10xv2_1	TTCTAGACTCGATGGA	SNG	sampleB	10xv2	Dendritic cell
CNA_10xv2_1	GAAGTAATGTACAGAA	SNG	sampleB	10xv2	B cell
CNA_10xv2_1	GGTAGCAGACCAGAGA	SNG	sampleB	10xv2	B cell
CNA_10xv2_1	AGAGTACCTCCTAGCG	SNG	sampleB	10xv2	CD14+ monocyte
CNA_10xv2_1	CCACATGCTCAGGGAT	SNG	sampleA	10xv2	CD14+ monocyte
CNA_10xv2_1	TTTCGGCTGTCCTACC	SNG	sampleA	10xv2	Natural killer cell
CNA_10xv2_1	TTGCATTACCTTTGTT	SNG	sampleA	10xv2	CD14+ monocyte
CNA_10xv2_1	AAAGGATACATCATCG	SNG	sampleA	10xv2	CD4+ T cell
CNA_10xv2_1	CTGGCCAGACCTGCGA	SNG	sampleB	10xv2	CD4+ T cell
CNA_10xv2_1	CGTTCTCGATAATGCC	SNG	sampleA	10xv2	CD4+ T cell
CNA_10xv2_1	GTCGAATACCATCTTT	SNG	sampleB	10xv2	CD4+ T cell
CNA_10xv2_1	TAAGCTGACCGCCACA	SNG	sampleA	10xv2	CD4+ T cell
CNA_10xv2_1	CATCGAAACTCATGTG	SNG	sampleB	10xv2	Natural killer cell
CNA_10xv2_1	CTGATTACTTCGTAGT	SNG	sampleA	10xv2	CD4+ T cell
CNA_10xv2_1	ATTTCGACTAACGCAG	SNG	sampleB	10xv2	Cytotoxic T cell
CNA_10xv2_1	GGCGTACACGCAGTTT	SNG	sampleA	10xv2	CD4+ T cell
CNA_10xv2_1	TTCTAACACCTCGAGC	SNG	sampleB	10xv2	Dendritic cell
CNA_10xv2_1	CAATGTGTGCCCGCAA	SNG	sampleB	10xv2	CD4+ T cell
CNA_10xv2_1	GTTGAGTTGCATGCAT	SNG	sampleA	10xv2	CD4+ T cell
CNA_10xv2_1	TGCCATCTGGATCCAT	SNG	sampleA	10xv2	CD4+ T cell
CNA_10xv2_1	CATCGAAACAAGGTGC	SNG	sampleB	10xv2	CD16+ monocyte
CNA_10xv2_1	AGAGTACCTTTCGTTT	SNG	sampleA	10xv2	CD4+ T cell
CNA_10xv2_1	ATCTGCCTGGAATTGA	SNG	sampleB	10xv2	B cell
CNA_10xv2_1	GTTATTGCTATGAATG	SNG	sampleB	10xv2	Cytotoxic T cell
CNA_10xv2_1	ATGCAAAGACGGCTCA	SNG	sampleA	10xv2	CD4+ T cell
CNA_10xv2_1	CCGTTCTGAACCATGT	SNG	sampleA	10xv2	CD14+ monocyte
CNA_10xv2_1	TTCAAGCGAGGGTTCC	SNG	sampleA	10xv2	CD4+ T cell
CNA_10xv2_1	ACCTCACACTCCAATG	SNG	sampleB	10xv2	B cell
CNA_10xv2_1	GCTGTGGTGAATAGCA	SNG	sampleB	10xv2	B cell
CNA_10xv2_1	GTACTCAGAGTCAATC	SNG	sampleA	10xv2	CD14+ monocyte
CNA_10xv2_1	TACATTCACAATCCGT	SNG	sampleB	10xv2	Natural killer cell
CNA_10xv2_1	TAGCTGATGTACTTTC	SNG	sampleB	10xv2	Cytotoxic T cell
CNA_10xv2_1	ATCTGCCTGGTTAGTC	SNG	sampleB	10xv2	Natural killer cell
CNA_10xv2_1	AAAGTCAGACTCGAGC	SNG	sampleA	10xv2	Natural killer cell
CNA_10xv2_1	AGCGCTCGACAGGCCT	SNG	sampleB	10xv2	B cell
CNA_10xv2_1	TAAGCACACTGGCTGC	SNG	sampleA	10xv2	B cell
CNA_10xv2_1	GGCACACACGATCCAT	SNG	sampleA	10xv2	CD14+ monocyte
CNA_10xv2_1	CTGGTGGTGAGGTGCA	SNG	sampleA	10xv2	Natural killer cell
CNA_10xv2_1	CTCGGTTACAGGACCA	SNG	sampleB	10xv2	CD14+ monocyte
CNA_10xv2_1	CATCTGAGAATCCGTA	SNG	sampleB	10xv2	Cytotoxic T cell
CNA_10xv2_1	CCAGGACTGATGTCCA	SNG	sampleA	10xv2	Cytotoxic T cell
CNA_10xv2_1	GCAGTCGACCGACATT	SNG	sampleB	10xv2	Cytotoxic T cell
CNA_10xv2_1	GAAGTATGAGAAACAT	SNG	sampleB	10xv2	CD14+ monocyte
CNA_10xv2_1	GAAAGTCCTTTGCAGT	SNG	sampleA	10xv2	Dendritic cell
CNA_10xv2_1	GGGTTGCTGTTTCTGT	SNG	sampleB	10xv2	B cell
CNA_10xv2_1	GTAACTCGATCATTTC	SNG	sampleB	10xv2	Natural killer cell
CNA_10xv2_1	CGACGACACTTAGCTG	SNG	sampleB	10xv2	CD4+ T cell
CNA_10xv2_1	CCTAGCACTAGTCTGT	SNG	sampleA	10xv2	CD4+ T cell
CNA_10xv2_1	CACGGAAGAAGCAATA	SNG	sampleB	10xv2	Cytotoxic T cell
CNA_10xv2_1	AAGACGGTGCAGTCCG	SNG	sampleB	10xv2	CD14+ monocyte
CNA_10xv2_1	TGACTTGGAAGGACCA	SNG	sampleB	10xv2	CD4+ T cell
CNA_10xv2_1	AGGCATTACTACGATC	SNG	sampleB	10xv2	CD4+ T cell
CNA_10xv2_1	GAACGTTTGAAAGGTT	SNG	sampleA	10xv2	CD4+ T cell
CNA_10xv2_1	TCTACGCACTCGTAAC	SNG	sampleA	10xv2	CD4+ T cell
CNA_10xv2_1	ATGTCCGCTTTACGAC	SNG	sampleA	10xv2	B cell
CNA_10xv2_1	CTAATCTTGGGCAGTA	SNG	sampleA	10xv2	CD4+ T cell
CNA_10xv2_1	TCACCTGACAACGCAG	SNG	sampleB	10xv2	Cytotoxic T cell
CNA_10xv2_1	GTCTTGCACCGCAAAG	SNG	sampleA	10xv2	CD14+ monocyte
CNA_10xv2_1	CAGAAACCTGTACGTT	SNG	sampleA	10xv2	Natural killer cell
CNA_10xv2_1	TTATGGTCTGAATCTC	SNG	sampleA	10xv2	Cytotoxic T cell
CNA_10xv2_1	GTTGAGTTGAGCTTTG	SNG	sampleA	10xv2	CD4+ T cell
CNA_10xv2_1	ATGCAACTGCGAAAGC	SNG	sampleB	10xv2	Natural killer cell
CNA_10xv2_1	CATCAGTGAACCGTGC	SNG	sampleB	10xv2	CD14+ monocyte
CNA_10xv2_1	TGCATGCCTTAGACAA	SNG	sampleB	10xv2	CD16+ monocyte
CNA_10xv2_1	CAATGCCCTATCGGTT_TTTGGGAACGATAGCG	SNG	sampleB	10xv2	B cell
CNA_10xv2_1	GTTCCCATGGGACAGT	SNG	sampleB	10xv2	Cytotoxic T cell
CNA_10xv2_1	GTTCCCAACCTCATTT	SNG	sampleB	10xv2	CD4+ T cell
CNA_10xv2_1	CGTGAATACAGGGCTA	SNG	sampleB	10xv2	B cell
CNA_10xv2_1	CATCAGAACATGAATG	SNG	sampleA	10xv2	CD14+ monocyte
CNA_10xv2_1	ATACATCCTTGACTCA	SNG	sampleA	10xv2	CD14+ monocyte
CNA_10xv2_1	TTGTTAGCTGGACTGA	SNG	sampleB	10xv2	Cytotoxic T cell
CNA_10xv2_1	TTCCAAACTGCAGTTT	SNG	sampleB	10xv2	Natural killer cell
CNA_10xv2_1	GGTCTGGACCCTATCC	SNG	sampleA	10xv2	CD14+ monocyte
CNA_10xv2_1	GCTCCTAACCTGATCA	SNG	sampleB	10xv2	CD14+ monocyte
CNA_10xv2_1	CACAGCTCTCCTATCC	SNG	sampleB	10xv2	Natural killer cell
CNA_10xv2_1	ACAGCCGACAGTGAGC	SNG	sampleB	10xv2	CD4+ T cell
CNA_10xv2_1	AGGCCAAGATTGACCA	SNG	sampleB	10xv2	CD4+ T cell
CNA_10xv2_1	ACTAACGTGGATCCAT	SNG	sampleA	10xv2	Natural killer cell
CNA_10xv2_1	TGTCAATCTGAGAGGG	SNG	sampleA	10xv2	CD14+ monocyte
CNA_10xv2_1	TTGCGTCACTAACGGG	SNG	sampleB	10xv2	B cell
CNA_10xv2_1	GAGGTCCTGTGCTGGC	SNG	sampleA	10xv2	CD14+ monocyte
CNA_10xv2_1	TGGAATCACACCTAGT	SNG	sampleA	10xv2	CD4+ T cell
CNA_10xv2_1	TGGAGTTACGTACACT	SNG	sampleA	10xv2	CD14+ monocyte
CNA_10xv2_1	GCGTTTAGACCTGTGG	SNG	sampleA	10xv2	Natural killer cell
CNA_10xv2_1	TGCGCCAGACCGGACT	SNG	sampleB	10xv2	CD4+ T cell
CNA_10xv2_1	AGCTATCGAGCTCAGC	SNG	sampleB	10xv2	CD14+ monocyte
CNA_10xv2_1	GCGTAAGGACACCTAA	SNG	sampleB	10xv2	CD14+ monocyte
CNA_10xv2_1	AACACTCGAGGCCAAA	SNG	sampleA	10xv2	CD4+ T cell
CNA_10xv2_1	CCACATCACATAGGTA	SNG	sampleA	10xv2	Natural killer cell
CNA_10xv2_1	GAGAGTGACTACACTG	SNG	sampleB	10xv2	Natural killer cell
CNA_10xv2_1	ATGCGCGTGCGGGTAA	SNG	sampleB	10xv2	Cytotoxic T cell
CNA_10xv2_1	CGAGAGATGGCTCCTT	SNG	sampleA	10xv2	Cytotoxic T cell
CNA_10xv2_1	ATGTCCAGAGAAGGTC	SNG	sampleB	10xv2	CD16+ monocyte
CNA_10xv2_1	TTGTAACCTTGCGTGC	SNG	sampleA	10xv2	CD4+ T cell
CNA_10xv2_1	GTTATCACTGTCTGGC	SNG	sampleA	10xv2	Natural killer cell
CNA_10xv2_1	AACGCGCTGCTGGGTC	SNG	sampleA	10xv2	CD14+ monocyte
CNA_10xv2_1	CTACATTACACCTGCG	SNG	sampleB	10xv2	CD16+ monocyte
CNA_10xv2_1	ACCTGCTACGTCTTGA	SNG	sampleB	10xv2	Cytotoxic T cell
CNA_10xv2_1	ACACTCCACGTTTACG_TTCTCTCTGAGTCGGA	SNG	sampleA	10xv2	CD16+ monocyte
CNA_10xv2_1	AGGTGATCTGAACGTG	SNG	sampleA	10xv2	CD16+ monocyte
CNA_10xv2_1	GTCACAAACTTCCATT	SNG	sampleB	10xv2	CD16+ monocyte
CNA_10xv2_1	GATATGAGACAGACCC	SNG	sampleB	10xv2	CD16+ monocyte
CNA_10xv2_1	ATCTCTTGACCTCCTA_CCCAGAGACACCATGT	SNG	sampleB	10xv2	Cytotoxic T cell
CNA_10xv2_1	CATTACTTGTAGCGAG	SNG	sampleB	10xv2	CD16+ monocyte
CNA_10xv2_1	TCTTCCTTGTACTTTC	SNG	sampleA	10xv2	Natural killer cell
CNA_10xv2_1	CGCGATCGAAGGTGCA	SNG	sampleA	10xv2	Dendritic cell
CNA_10xv2_1	GACACGCACGGCCATC	SNG	sampleA	10xv2	CD16+ monocyte
CNA_10xv2_1	TTGACGTGACTACTCC	SNG	sampleA	10xv2	CD16+ monocyte
CNA_10xv2_1	GGCTTCTACGAACGTG	SNG	sampleB	10xv2	Dendritic cell
CNA_10xv2_1	GTTCTCGACGTTTACG	SNG	sampleB	10xv2	Natural killer cell
CNA_10xv2_1	GTTATCACTCTGGCAC	SNG	sampleB	10xv2	CD16+ monocyte
CNA_10xv2_1	AGGCGATGAATTGGTC	SNG	sampleB	10xv2	Cytotoxic T cell
CNA_10xv2_1	GAAGCGCCTGAATCTC	SNG	sampleA	10xv2	Natural killer cell
CNA_10xv2_1	AACTTGGACGTCTTGA	SNG	sampleB	10xv2	Natural killer cell
CNA_10xv2_1	AACTTGGACTAGCGAG	SNG	sampleB	10xv2	CD16+ monocyte
CNA_10xv2_1	GATGGTTACTGCGTGC	SNG	sampleB	10xv2	CD16+ monocyte
CNA_10xv2_1	CAACCCTACGGGTTCC	SNG	sampleA	10xv2	Dendritic cell
CNA_10xv2_1	TTCGTCGTGAGCCTAT	SNG	sampleB	10xv2	CD16+ monocyte
CNA_10xv2_1	GTTACAGTGAACGTAA	SNG	sampleA	10xv2	B cell
CNA_10xv2_1	TAGGATAGAACACCTA	SNG	sampleA	10xv2	CD14+ monocyte
CNA_10xv2_1	TCCGGGAACTTTGTCT	SNG	sampleB	10xv2	Cytotoxic T cell
CNA_10xv2_1	AGACTACTGTACAGAA	SNG	sampleB	10xv2	Cytotoxic T cell
CNA_10xv2_1	TCACACAGAGATTAAG	SNG	sampleA	10xv2	CD4+ T cell
CNA_10xv2_1	ACCAATGACACCTGCG	SNG	sampleA	10xv2	CD4+ T cell
CNA_10xv2_1	TAGGCCTCTGTTCTCC	SNG	sampleB	10xv2	CD16+ monocyte
CNA_10xv2_1	AAACGCTACAATAGCA	SNG	sampleB	10xv2	CD16+ monocyte
CNA_10xv2_1	GTGAGATCTAAAGGTT	SNG	sampleA	10xv2	CD4+ T cell
CNA_10xv2_1	GTATCAGTGCCATGTA	SNG	sampleB	10xv2	CD16+ monocyte
CNA_10xv2_1	GGCAACAGACTGCGGT	SNG	sampleA	10xv2	Cytotoxic T cell
CNA_10xv2_1	CTTTCCGGACAAGGTG	SNG	sampleB	10xv2	CD16+ monocyte
CNA_10xv2_1	AAGTACCACTGATGAA	SNG	sampleA	10xv2	B cell
CNA_10xv2_1	AGGTAGCGATTGGGAG	SNG	sampleB	10xv2	CD4+ T cell
CNA_10xv2_1	TAGCTTTACAACCCGC	SNG	sampleB	10xv2	B cell
CNA_10xv2_1	TGTTATCACACCTTGA	SNG	sampleB	10xv2	Cytotoxic T cell
CNA_10xv2_1	CGATAAAGAATAGGTA	SNG	sampleB	10xv2	CD16+ monocyte
CNA_10xv2_1	AACCGCTCTAAGTCTC	SNG	sampleB	10xv2	CD16+ monocyte
CNA_10xv2_1	TAGGATAGAGAACGTG	SNG	sampleA	10xv2	CD4+ T cell
CNA_10xv2_1	TCAAAGGCTCTCACTC	SNG	sampleA	10xv2	CD16+ monocyte
CNA_10xv2_1	TCATCATTGAATCGAA	SNG	sampleA	10xv2	Natural killer cell
CNA_10xv2_1	GTGTACTGACTACTCC	SNG	sampleB	10xv2	CD4+ T cell
CNA_10xv2_1	TCCGAATGATAGCGAG	SNG	sampleA	10xv2	CD16+ monocyte
CNA_10xv2_1	GAACAAATGAGTTGAA	SNG	sampleA	10xv2	CD4+ T cell
CNA_10xv2_1	AGAGCAGTGGCCCTAG	SNG	sampleB	10xv2	CD4+ T cell
CNA_10xv2_1	CCAGCACGAGCGCAAA	SNG	sampleA	10xv2	CD4+ T cell
CNA_10xv2_1	AGACGCAGACGTACAT	SNG	sampleA	10xv2	CD4+ T cell
CNA_10xv2_1	ATTTCAGCTCGAATCT	SNG	sampleA	10xv2	Dendritic cell
CNA_10xv2_1	CATTTCCCTAAGTTAG	SNG	sampleA	10xv2	Natural killer cell
CNA_10xv2_1	AGGTGTGGACCTATCC	SNG	sampleA	10xv2	CD4+ T cell
CNA_10xv2_1	CACATGATGCGTAGAG_CTAATCTTGTCTATCT	SNG	sampleB	10xv2	CD16+ monocyte
CNA_10xv2_1	GTCGAAGGATAAGCAA	SNG	sampleB	10xv2	CD16+ monocyte
CNA_10xv2_1	CGCAAATACGAACCTT	SNG	sampleA	10xv2	CD14+ monocyte
CNA_10xv2_1	ACCCGAGACCCTAGCG	SNG	sampleB	10xv2	CD4+ T cell
CNA_10xv2_1	CGCGATCGACGGTTGC	SNG	sampleB	10xv2	B cell
CNA_10xv2_1	GTACTCAGATACCAAC	SNG	sampleA	10xv2	CD4+ T cell
CNA_10xv2_1	CACGGAAGATTGTACG	SNG	sampleA	10xv2	CD14+ monocyte
CNA_10xv2_1	ACTTCATACTCCAGCG	SNG	sampleB	10xv2	Natural killer cell
CNA_10xv2_1	GGTAAGCGACGCCACA	SNG	sampleA	10xv2	CD14+ monocyte
CNA_10xv2_1	TACACGTGAGCTGTTA	SNG	sampleB	10xv2	CD14+ monocyte
CNA_10xv2_1	ATAGGCGGATCCTACC	SNG	sampleA	10xv2	CD4+ T cell
CNA_10xv2_1	TCGACACCTGGCCAAA	SNG	sampleA	10xv2	Cytotoxic T cell
CNA_10xv2_1	TGCAGATACTTAGAAG	SNG	sampleB	10xv2	CD14+ monocyte
CNA_10xv2_1	CATTACTTGGCACGCT	SNG	sampleB	10xv2	CD16+ monocyte
CNA_10xv2_1	GCACTGTCTCCTATCC	SNG	sampleB	10xv2	CD4+ T cell
CNA_10xv2_1	GTGGCTGTGCGATTAC	SNG	sampleA	10xv2	CD14+ monocyte
CNA_10xv2_1	GATACGACTCGGGTAA	SNG	sampleB	10xv2	Cytotoxic T cell
CNA_10xv2_1	TTAGCCAGATTACGCA	SNG	sampleB	10xv2	CD16+ monocyte
CNA_10xv2_1	CTAAGTCGATTCGTTT	SNG	sampleA	10xv2	CD14+ monocyte
CNA_10xv2_1	TGGCATCCTGGACACA	SNG	sampleA	10xv2	Natural killer cell
CNA_10xv2_1	GTTTGAGACTAGACAA	SNG	sampleB	10xv2	CD14+ monocyte
CNA_10xv2_1	AACCGGCACTCCCAGG	SNG	sampleB	10xv2	Cytotoxic T cell
CNA_10xv2_1	TCTGAACGAAGAGGCT	SNG	sampleA	10xv2	CD14+ monocyte
CNA_10xv2_1	AGTCCCACTCGAGTTT	SNG	sampleB	10xv2	CD16+ monocyte
CNA_10xv2_1	TGGTCCTTGAGGACAC	SNG	sampleA	10xv2	CD14+ monocyte
CNA_10xv2_1	GCGATCCGAATCCTTT	SNG	sampleB	10xv2	B cell
CNA_10xv2_1	CCTAAGAACGGACAGT	SNG	sampleA	10xv2	CD4+ T cell
CNA_10xv2_1	CGGATGAGACCTGCGA	SNG	sampleA	10xv2	Natural killer cell
CNA_10xv2_1	AATTCGGTGCGGTTTA	SNG	sampleA	10xv2	B cell
CNA_10xv2_1	CCGTTGTACTACCTGA	SNG	sampleA	10xv2	Natural killer cell
CNA_10xv2_1	GCAAATCTGAGCGCTC	SNG	sampleA	10xv2	CD14+ monocyte
CNA_10xv2_1	ACTCGCTACAGCCATT	SNG	sampleA	10xv2	Cytotoxic T cell
CNA_10xv2_1	GTGCTAATGAGGTGAC	SNG	sampleB	10xv2	CD4+ T cell
CNA_10xv2_1	AGGTATGCTAAAGCTA	SNG	sampleA	10xv2	CD4+ T cell
CNA_10xv2_1	CCTATCGACCGAAGCA	SNG	sampleB	10xv2	CD4+ T cell
CNA_10xv2_1	GCGTTGTCTGAACATA	SNG	sampleB	10xv2	CD4+ T cell
CNA_10xv2_1	CAGGCTTCTGAATAGT	SNG	sampleB	10xv2	Cytotoxic T cell
CNA_10xv2_1	GCTGTGGTGCGATTGT	SNG	sampleA	10xv2	CD14+ monocyte
CNA_10xv2_1	CGCTTCAACTGATCAC	SNG	sampleA	10xv2	B cell
CNA_10xv2_1	TGATATCCTTAACGAA	SNG	sampleA	10xv2	CD14+ monocyte
CNA_10xv2_1	TGCTACCTGAGTCTAC	SNG	sampleB	10xv2	Cytotoxic T cell
CNA_10xv2_1	CGTCTTGACCAGGGTA	SNG	sampleB	10xv2	Cytotoxic T cell
CNA_10xv2_1	CCATCTGTGGTGAGCA	SNG	sampleB	10xv2	Natural killer cell
CNA_10xv2_1	ACACTGCCTTAAGCAA	SNG	sampleA	10xv2	B cell
CNA_10xv2_1	ATTCAGGTGTGCTCAA	SNG	sampleB	10xv2	CD4+ T cell
CNA_10xv2_1	TGGCAATTGCCCGAGT	SNG	sampleA	10xv2	CD4+ T cell
CNA_10xv2_1	CAGTATTCTATGTCAC	SNG	sampleA	10xv2	CD14+ monocyte
CNA_10xv2_1	GTAGAGCGATAAGTAG	SNG	sampleB	10xv2	CD4+ T cell
CNA_10xv2_1	TCAGCGCGATGAGGCA	SNG	sampleB	10xv2	B cell
CNA_10xv2_1	ACCCTTTCTCCGTTAA	SNG	sampleA	10xv2	CD14+ monocyte
CNA_10xv2_1	CCCAGAGACTAGGCGA	SNG	sampleA	10xv2	Cytotoxic T cell
CNA_10xv2_1	AAGTACCACGACTGTT	SNG	sampleA	10xv2	CD16+ monocyte
CNA_10xv2_1	GCGTTGTCTTGGTGAG	SNG	sampleB	10xv2	Cytotoxic T cell
CNA_10xv2_1	TAATTGCCTCAATAGA	SNG	sampleA	10xv2	CD4+ T cell
CNA_10xv2_1	GCGGCAACTCACCTAA	SNG	sampleA	10xv2	Cytotoxic T cell
CNA_10xv2_1	CCGGGAACTTGCGTGC	SNG	sampleB	10xv2	CD4+ T cell
CNA_10xv2_1	CCCGGAAACCATGCGC	SNG	sampleA	10xv2	CD14+ monocyte
CNA_10xv2_1	ATTGTGTCTGAAACAT	SNG	sampleA	10xv2	CD4+ T cell
CNA_10xv2_1	CTTGCTGACCGACACC	SNG	sampleA	10xv2	CD4+ T cell
CNA_10xv2_1	ACTTATCTGAGGTGCA	SNG	sampleA	10xv2	CD4+ T cell
CNA_10xv2_1	GGTACGCTGTAGCTTG	SNG	sampleA	10xv2	B cell
CNA_10xv2_1	GTTCCTGTGAGCCTAT	SNG	sampleA	10xv2	Natural killer cell
CNA_10xv2_1	TAGTCGCCTTATTGCG	SNG	sampleB	10xv2	CD14+ monocyte
CNA_10xv2_1	TGAACTGTGTTCTCGC	SNG	sampleA	10xv2	CD14+ monocyte
CNA_10xv2_1	TGGCCTTTGAAATGCA	SNG	sampleB	10xv2	CD4+ T cell
CNA_10xv2_1	CAGATACTGAAACTGA	SNG	sampleA	10xv2	Cytotoxic T cell
CNA_10xv2_1	CTGTCGTTGTAAGTAG	SNG	sampleA	10xv2	CD4+ T cell
CNA_10xv2_1	GGCGTAGCTTACTTTC	SNG	sampleA	10xv2	Cytotoxic T cell
CNA_10xv2_1	GGAAGCCCTCCAAACT	SNG	sampleB	10xv2	B cell
CNA_10xv2_1	GGTGCGTTGGGCCTTG	SNG	sampleA	10xv2	CD14+ monocyte
CNA_10xv2_1	CAAGCAACTGGTTTGT	SNG	sampleB	10xv2	B cell
CNA_10xv2_1	GCCTATAGACCGATTA	SNG	sampleA	10xv2	CD14+ monocyte
CNA_10xv2_1	CTTTAACTGGGCCAAA	SNG	sampleA	10xv2	Natural killer cell
CNA_10xv2_1	TTTCGTAACCGCTCGA	SNG	sampleA	10xv2	CD14+ monocyte
CNA_10xv2_1	TTCTACATGGTTGACT	SNG	sampleB	10xv2	Cytotoxic T cell
CNA_10xv2_1	AGAGCAGTGGAAACAT	SNG	sampleB	10xv2	CD16+ monocyte
CNA_10xv2_1	AAGCATCACCCAGCTG	SNG	sampleA	10xv2	CD14+ monocyte
CNA_10xv2_1	CGTCTTGACGCTAGAG	SNG	sampleB	10xv2	Dendritic cell
CNA_10xv2_1	GTATTCTACAGCAATA	SNG	sampleA	10xv2	Cytotoxic T cell
CNA_10xv2_1	GCACGGACTTCCGTAA	SNG	sampleA	10xv2	CD4+ T cell
CNA_10xv2_1	GTAACTCGAGCGAGTA	SNG	sampleB	10xv2	Cytotoxic T cell
CNA_10xv2_1	GGTCTAAACCCACATA	SNG	sampleA	10xv2	CD4+ T cell
CNA_10xv2_1	TAGTTGCGACATAGCT	SNG	sampleA	10xv2	CD14+ monocyte
CNA_10xv2_1	TGCGAGGCTTCGGGCT	SNG	sampleB	10xv2	CD16+ monocyte
CNA_10xv2_1	AAACTCCGACCACATA	SNG	sampleB	10xv2	CD4+ T cell
CNA_10xv2_1	CTAATCTTGTGCTGGC	SNG	sampleB	10xv2	Cytotoxic T cell
CNA_10xv2_1	GTCCTACACTATCTGG	SNG	sampleB	10xv2	CD14+ monocyte
CNA_10xv2_1	GATCCAAACGGAGTCA	SNG	sampleA	10xv2	B cell
CNA_10xv2_1	TTCGCACTGCCATAAC	SNG	sampleB	10xv2	CD16+ monocyte
CNA_10xv2_1	GAGGGATACTCTGGGC	SNG	sampleA	10xv2	CD14+ monocyte
CNA_10xv2_1	CATGATGTGACGAGCA	SNG	sampleB	10xv2	B cell
CNA_10xv2_1	CACTATACTAGCAAGC	SNG	sampleA	10xv2	CD16+ monocyte
CNA_10xv2_1	GGTACTCCTCGAGTGA	SNG	sampleA	10xv2	Natural killer cell
CNA_10xv2_1	GGGCTGACTGGGTAGT	SNG	sampleB	10xv2	CD14+ monocyte
CNA_10xv2_1	CACCCATACAATCCTG	SNG	sampleA	10xv2	Natural killer cell
CNA_10xv2_1	ACGTAGGGAATTGGTC	SNG	sampleB	10xv2	Cytotoxic T cell
CNA_10xv2_1	TGGGAGTGACAGGGAT	SNG	sampleA	10xv2	CD4+ T cell
CNA_10xv2_1	TAACGAAGAGTCTGGC	SNG	sampleB	10xv2	Cytotoxic T cell
CNA_10xv2_1	AAATAGCGAGTTAGAA	SNG	sampleB	10xv2	CD14+ monocyte
CNA_10xv2_1	AGAATCCACGTCAATC	SNG	sampleA	10xv2	CD14+ monocyte
CNA_10xv2_1	ACTCTAGGACTCGATA	SNG	sampleB	10xv2	CD14+ monocyte
CNA_10xv2_1	CGACAGCACTGCTCAA	SNG	sampleB	10xv2	Natural killer cell
CNA_10xv2_1	CATAGTCGAGTTTACG	SNG	sampleB	10xv2	B cell
CNA_10xv2_1	TGCTAAGACAGGTGAC	SNG	sampleA	10xv2	Natural killer cell
CNA_10xv2_1	TACCGACCTATCCTTT	SNG	sampleB	10xv2	CD4+ T cell
CNA_10xv2_1	CGATACATGTTCTGAG	SNG	sampleA	10xv2	Cytotoxic T cell
CNA_10xv2_1	GCTTCGGGATGCTTGA	SNG	sampleA	10xv2	CD14+ monocyte
CNA_10xv2_1	TCGCCTCCTAACGTTC	SNG	sampleB	10xv2	Dendritic cell
CNA_10xv2_1	ACAATGCACTTCGGGC	SNG	sampleB	10xv2	Cytotoxic T cell
CNA_10xv2_1	TCCGAATGAAACCCGC	SNG	sampleB	10xv2	CD14+ monocyte
CNA_10xv2_1	CACTATACTCGATTAC	SNG	sampleB	10xv2	B cell
CNA_10xv2_1	TCTTGAGGAAAGTTCC	SNG	sampleB	10xv2	Natural killer cell
CNA_10xv2_1	CCCAGAGACTTATGGC	SNG	sampleA	10xv2	Cytotoxic T cell
CNA_10xv2_1	GTATCAGTGGATCCAT	SNG	sampleA	10xv2	CD4+ T cell
CNA_10xv2_1	GACAATCTGCACTCAA	SNG	sampleA	10xv2	CD14+ monocyte
CNA_10xv2_1	TCCTTAATGCAATAGA	SNG	sampleA	10xv2	Natural killer cell
CNA_10xv2_1	CGAATTTCTGTGGTGA	SNG	sampleB	10xv2	B cell
CNA_10xv2_1	GAAGTATGAGCTGGCT	SNG	sampleA	10xv2	CD4+ T cell
CNA_10xv2_1	TCACGGGACATCACAC	SNG	sampleB	10xv2	CD14+ monocyte
CNA_10xv2_1	TGGCCTGGACCTCAAA	SNG	sampleA	10xv2	CD14+ monocyte
CNA_10xv2_1	TACGCCTTGGGGACTA	SNG	sampleA	10xv2	CD4+ T cell
CNA_10xv2_1	TGGCAATTGAGTTGAA	SNG	sampleA	10xv2	CD4+ T cell
CNA_10xv2_1	ACCTCACACACACCGC	SNG	sampleB	10xv2	Cytotoxic T cell
CNA_10xv2_1	CCCTTGCCTCGGAATG	SNG	sampleB	10xv2	Cytotoxic T cell
CNA_10xv2_1	AGACCATTGCGACACC	SNG	sampleA	10xv2	CD4+ T cell
CNA_10xv2_1	GGCAACGCTATTGGTC	SNG	sampleA	10xv2	CD4+ T cell
CNA_10xv2_1	CCATAAGTGTGCATGT	SNG	sampleA	10xv2	CD4+ T cell
CNA_10xv2_1	GAGTTACTGATGAATG	SNG	sampleB	10xv2	Natural killer cell
CNA_10xv2_1	TTCCGGACTTCTGGAT	SNG	sampleA	10xv2	CD16+ monocyte
CNA_10xv2_1	AGTGACACTTGGAACG	SNG	sampleB	10xv2	CD4+ T cell
CNA_10xv2_1	TTGCGATGAGTTTGGT	SNG	sampleA	10xv2	CD4+ T cell
CNA_10xv2_1	GGGATTGGAATCCTAG	SNG	sampleB	10xv2	Cytotoxic T cell
CNA_10xv2_1	CACCAAATGAGGCGTA	SNG	sampleB	10xv2	CD4+ T cell
CNA_10xv2_1	GTCTACAGAAAAGGTT	SNG	sampleA	10xv2	CD4+ T cell
CNA_10xv2_1	ATCGGGCACGACCGAA	SNG	sampleB	10xv2	CD4+ T cell
CNA_10xv2_1	TCAGTCCTGCATGATC	SNG	sampleA	10xv2	Dendritic cell
CNA_10xv2_1	TAACCAGACTAAAGCA	SNG	sampleB	10xv2	CD4+ T cell
CNA_10xv2_1	CACGATTGATTACGAC	SNG	sampleA	10xv2	Natural killer cell
CNA_10xv2_1	ATTTCGACTTCCCAGG	SNG	sampleA	10xv2	CD14+ monocyte
CNA_10xv2_1	ACAAGACCTTTCGGGC	SNG	sampleB	10xv2	B cell
CNA_10xv2_1	CACGAATTGTGAAAGT	SNG	sampleB	10xv2	CD16+ monocyte
CNA_10xv2_1	GAGTTGTTGGTTAGAA	SNG	sampleB	10xv2	CD14+ monocyte
CNA_10xv2_1	GCGAGCACTTAGCTTG	SNG	sampleA	10xv2	CD14+ monocyte
CNA_10xv2_1	AAGGCTTACTACTTTC	SNG	sampleA	10xv2	CD4+ T cell
CNA_10xv2_1	CACATATCTTGCATCA	SNG	sampleB	10xv2	Cytotoxic T cell
CNA_10xv2_1	GCACTCACTTAAGTAG	SNG	sampleA	10xv2	Natural killer cell
CNA_10xv2_1	ATTGTGCGAATTCGGT	SNG	sampleA	10xv2	CD14+ monocyte
CNA_10xv2_1	TTGCGTCACGTACGTT	SNG	sampleA	10xv2	Natural killer cell
CNA_10xv2_1	GCCTAGTCTCATGCGC	SNG	sampleA	10xv2	Natural killer cell
CNA_10xv2_1	GCGTTTAGACGGTTTA	SNG	sampleA	10xv2	CD4+ T cell
CNA_10xv2_1	CCAGAATACTCATTGG	SNG	sampleA	10xv2	CD16+ monocyte
CNA_10xv2_1	TCTTCCTTGAACCAAA	SNG	sampleA	10xv2	Natural killer cell
CNA_10xv2_1	CCTGCCTCTTAAGTAG	SNG	sampleA	10xv2	CD4+ T cell
CNA_10xv2_1	GAGTTACTGCGAGGAT	SNG	sampleA	10xv2	CD4+ T cell
CNA_10xv2_1	CATCGCGGAACCCGGT	SNG	sampleB	10xv2	Dendritic cell
CNA_10xv2_1	CTGCGAGTGATAACCC	SNG	sampleA	10xv2	B cell
CNA_10xv2_1	CCTCACAACCATCTTT	SNG	sampleB	10xv2	Natural killer cell
CNA_10xv2_1	AGTGGTACTGAGTGAC	SNG	sampleA	10xv2	B cell
CNA_10xv2_1	TACTGTTTGCGTGCAC	SNG	sampleA	10xv2	CD4+ T cell
CNA_10xv2_1	TTGGCGTCTCCAAACT	SNG	sampleA	10xv2	Natural killer cell
CNA_10xv2_1	CATAGCATGTTTGTCT	SNG	sampleB	10xv2	B cell
CNA_10xv2_1	CTACTTTGACGAGTTT	SNG	sampleA	10xv2	CD4+ T cell
CNA_10xv2_1	TTGCGGTCTAAGACAT	SNG	sampleA	10xv2	Cytotoxic T cell
CNA_10xv2_1	CGTGAATACATCATCG	SNG	sampleA	10xv2	CD14+ monocyte
CNA_10xv2_1	TTGGTCCACATGAATG	SNG	sampleA	10xv2	CD14+ monocyte
CNA_10xv2_1	CGTACAAACAGATTCC	SNG	sampleA	10xv2	CD14+ monocyte
CNA_10xv2_1	GATGCGCACTTGACAC	SNG	sampleA	10xv2	CD4+ T cell
CNA_10xv2_1	CAGAGTACTCCCGAGT	SNG	sampleA	10xv2	Natural killer cell
CNA_10xv2_1	ACACTCCACAAGGTGC	SNG	sampleA	10xv2	Natural killer cell
CNA_10xv2_1	CGATCAAACTAGCGAG	SNG	sampleB	10xv2	Cytotoxic T cell
CNA_10xv2_1	GTATGAAGATATTGCG	SNG	sampleB	10xv2	Natural killer cell
CNA_10xv2_1	CGATCAAACTCTGTGA	SNG	sampleB	10xv2	Cytotoxic T cell
CNA_10xv2_1	GCTCATAGACAGGTGA	SNG	sampleB	10xv2	CD14+ monocyte
CNA_10xv2_1	AGTTTCACTCTGATCA	SNG	sampleB	10xv2	CD4+ T cell
CNA_10xv2_1	CCACTAAGATGGTGAG	SNG	sampleB	10xv2	Cytotoxic T cell
CNA_10xv2_1	CTCTTGGACCAGCACC	SNG	sampleA	10xv2	CD14+ monocyte
CNA_10xv2_1	GTTCCCAACAAGTTAG	SNG	sampleA	10xv2	CD4+ T cell
CNA_10xv2_1	GTTCCTGTGCTGGAAG	SNG	sampleA	10xv2	Natural killer cell
CNA_10xv2_1	GAAGTCTTGATGAATG	SNG	sampleB	10xv2	Natural killer cell
CNA_10xv2_1	TATGGGTACGAAACAT	SNG	sampleB	10xv2	Cytotoxic T cell
CNA_10xv2_1	ATAAGACGAGATAGCG	SNG	sampleB	10xv2	CD4+ T cell
CNA_10xv2_1	AACGAGGTGTATGACC	SNG	sampleB	10xv2	B cell
CNA_10xv2_1	CATAGTCGACAAGGTG	SNG	sampleA	10xv2	CD14+ monocyte
CNA_10xv2_1	CGGGACACTTTCGCAA	SNG	sampleB	10xv2	CD4+ T cell
CNA_10xv2_1	TGGAGTTACGACACCC	SNG	sampleA	10xv2	Natural killer cell
CNA_10xv2_1	GGTATACTGAATACAG	SNG	sampleA	10xv2	CD14+ monocyte
CNA_10xv2_1	TTGTAACCTTTGACAC	SNG	sampleA	10xv2	B cell
CNA_10xv2_1	GACCCATCTAATCCAC	SNG	sampleA	10xv2	CD4+ T cell
CNA_10xv2_1	ATCACGATGCGACATT	SNG	sampleB	10xv2	B cell
CNA_10xv2_1	CTCCTAGTGCGTTCTC	SNG	sampleB	10xv2	Cytotoxic T cell
CNA_10xv2_1	GCGTTTAGAAATGCTC	SNG	sampleA	10xv2	CD4+ T cell
CNA_10xv2_1	GGAAGGACTTTCTCGC	SNG	sampleA	10xv2	Cytotoxic T cell
CNA_10xv2_1	TGTGTTACTCATCTTT	SNG	sampleB	10xv2	CD14+ monocyte
CNA_10xv2_1	GACCCGTGAGTTTACG	SNG	sampleA	10xv2	Natural killer cell
CNA_10xv2_1	GGCAACAGAAGGTAAT	SNG	sampleB	10xv2	Natural killer cell
CNA_10xv2_1	TTGCAGATGTGACTCA	SNG	sampleA	10xv2	CD16+ monocyte
CNA_10xv2_1	GATACGACTGTTGGTT	SNG	sampleB	10xv2	CD14+ monocyte
CNA_10xv2_1	TCTTTCCACTTCTCGC	SNG	sampleB	10xv2	Natural killer cell
CNA_10xv2_1	CTATGGATGGTACGTT	SNG	sampleB	10xv2	CD4+ T cell
CNA_10xv2_1	TACGATGACAAAGGTT	SNG	sampleB	10xv2	CD16+ monocyte
CNA_10xv2_1	AGCAGAGACAGCTTGT	SNG	sampleB	10xv2	CD4+ T cell
CNA_10xv2_1	AATAGGAACCAGCAAG	SNG	sampleA	10xv2	CD4+ T cell
CNA_10xv2_1	CTGTGCACTTGCATCA	SNG	sampleA	10xv2	CD4+ T cell
CNA_10xv2_1	AGACCATTGTAAGCAA	SNG	sampleB	10xv2	CD4+ T cell
CNA_10xv2_1	TTGGCAAACGGTGCAA	SNG	sampleA	10xv2	CD4+ T cell
CNA_10xv2_1	TAACGAAGAGGACCAA	SNG	sampleA	10xv2	CD4+ T cell
CNA_10xv2_1	TACCTCGACCCAAGTT	SNG	sampleB	10xv2	B cell
CNA_10xv2_1	TATCCATACCCCGCAA	SNG	sampleB	10xv2	B cell
CNA_10xv2_1	TTTCGCTCTATTGGTC	SNG	sampleA	10xv2	B cell
CNA_10xv2_1	CAAGAATGATGCATGT	SNG	sampleA	10xv2	CD4+ T cell
CNA_10xv2_1	GGCTCAGACTGCGTGC	SNG	sampleB	10xv2	CD14+ monocyte
CNA_10xv2_1	AGTGGAGTGCCTATCC	SNG	sampleA	10xv2	Cytotoxic T cell
CNA_10xv2_1	GTTCCTGTGTATGACC	SNG	sampleB	10xv2	Cytotoxic T cell
CNA_10xv2_1	TGGGCGTACTACCAAC	SNG	sampleA	10xv2	Natural killer cell
CNA_10xv2_1	TTCTATGACTGCTGGC	SNG	sampleB	10xv2	CD16+ monocyte
CNA_10xv2_1	TGCCGTGGAGAAATCA	SNG	sampleB	10xv2	Cytotoxic T cell
CNA_10xv2_1	TTCAAGCGACCTTCCA	SNG	sampleA	10xv2	CD4+ T cell
CNA_10xv2_1	TGCCGTGGACGCCACA	SNG	sampleB	10xv2	Cytotoxic T cell
CNA_10xv2_1	ATCAAAGGAAACCCGC	SNG	sampleA	10xv2	CD4+ T cell
CNA_10xv2_1	TGCTGAAACGCTGTTA	SNG	sampleA	10xv2	CD14+ monocyte
CNA_10xv2_1	ACTTGCCTGACCAAGG	SNG	sampleA	10xv2	Natural killer cell
CNA_10xv2_1	AAGATCAGAGGGTAGT	SNG	sampleB	10xv2	Cytotoxic T cell
CNA_10xv2_1	TTGGCTCTGATCAGCT	SNG	sampleB	10xv2	CD4+ T cell
CNA_10xv2_1	CGTTCTCGAGATGGAC	SNG	sampleB	10xv2	CD4+ T cell
CNA_10xv2_1	CTATGCCACGGAATTA	SNG	sampleB	10xv2	CD4+ T cell
CNA_10xv2_1	CGCGATCGACGAAGCA	SNG	sampleA	10xv2	CD4+ T cell
CNA_10xv2_1	TTCCGGACTCATGATC	SNG	sampleA	10xv2	Natural killer cell
CNA_10xv2_1	GGATACTACGGGACTA	SNG	sampleA	10xv2	CD4+ T cell
CNA_10xv2_1	CCGATTCACCCTAGCG	SNG	sampleA	10xv2	Natural killer cell
CNA_10xv2_1	TAAGCTGTGGCTTTGA	SNG	sampleA	10xv2	B cell
CNA_10xv2_1	AACACACACTTTCTGT	SNG	sampleB	10xv2	CD14+ monocyte
CNA_10xv2_1	ATCATCTACCGCACTG	SNG	sampleB	10xv2	Natural killer cell
CNA_10xv2_1	TTACTGGGATTGACAC	SNG	sampleA	10xv2	CD4+ T cell
CNA_10xv2_1	GTGATAAGACCTCAAA	SNG	sampleA	10xv2	B cell
CNA_10xv2_1	TAACCAGACGTTGTCA	SNG	sampleA	10xv2	CD14+ monocyte
CNA_10xv2_1	CAAAGGGTGGTTGGTT	SNG	sampleA	10xv2	CD4+ T cell
CNA_10xv2_1	GGTACGCTGCCATAAC	SNG	sampleA	10xv2	CD4+ T cell
CNA_10xv2_1	CAGAGTACTGGCCTTG	SNG	sampleA	10xv2	Cytotoxic T cell
CNA_10xv2_1	CAGTTGATGAGCCTAT	SNG	sampleA	10xv2	B cell
CNA_10xv2_1	GGGTCACACTCCGTAA	SNG	sampleA	10xv2	B cell
CNA_10xv2_1	TGGGCGTACAGACAAT	SNG	sampleA	10xv2	CD4+ T cell
CNA_10xv2_1	TATTCCTGACCTAGCG	SNG	sampleB	10xv2	Cytotoxic T cell
CNA_10xv2_1	CCTAACGCTGCGCAAA	SNG	sampleA	10xv2	CD4+ T cell
CNA_10xv2_1	AGCTCGGACTTGTTTC	SNG	sampleA	10xv2	CD4+ T cell
CNA_10xv2_1	ATAGAACGATTGCAGT	SNG	sampleA	10xv2	Cytotoxic T cell
CNA_10xv2_1	TCTTATGACGCTTACA	SNG	sampleB	10xv2	CD4+ T cell
CNA_10xv2_1	AGGTCGCACGTCTGGC	SNG	sampleB	10xv2	CD4+ T cell
CNA_10xv2_1	GATACGTACTACGTTG	SNG	sampleB	10xv2	Cytotoxic T cell
CNA_10xv2_1	GTAGGTTTGAGGGAGG	SNG	sampleB	10xv2	Cytotoxic T cell
CNA_10xv2_1	ACCTACCTGTACGATC	SNG	sampleA	10xv2	Cytotoxic T cell
CNA_10xv2_1	TGTTCTCCTGCTGGCT	SNG	sampleA	10xv2	CD14+ monocyte
CNA_10xv2_1	GATACGGGACGGCACT	SNG	sampleB	10xv2	B cell
CNA_10xv2_1	TAATGGGCTTCATGCA	SNG	sampleB	10xv2	Natural killer cell
CNA_10xv2_1	TACTGTACTGCCCAAC	SNG	sampleA	10xv2	CD4+ T cell
CNA_10xv2_1	GTTCTGGCTTAGCAGG	SNG	sampleA	10xv2	CD14+ monocyte
CNA_10xv2_1	AAACCGTACGCTTCGG_ATTTCGACTTCCGTAA_CATCTGAGACCATGTA	SNG	sampleA	10xv2	B cell
CNA_10xv2_1	GATCATGTGCTTTGTT	SNG	sampleB	10xv2	CD4+ T cell
CNA_10xv2_1	TATTGCTTGATACGCT	SNG	sampleA	10xv2	CD4+ T cell
CNA_10xv2_1	TTCGTCGTGCGAGGTA	SNG	sampleA	10xv2	Cytotoxic T cell
CNA_10xv2_1	CATTCCCGATGTGGGA	SNG	sampleB	10xv2	CD14+ monocyte
CNA_10xv2_1	AGAGAATACCGTTATG	SNG	sampleB	10xv2	CD14+ monocyte
CNA_10xv2_1	ACGTGGCTGCCTGTGG	SNG	sampleB	10xv2	CD4+ T cell
CNA_10xv2_1	GTGCAGAGAGATTAAG	SNG	sampleA	10xv2	Natural killer cell
CNA_10xv2_1	CTCTCTTTGATGAATG	SNG	sampleB	10xv2	B cell
CNA_10xv2_1	AACGAGGTGAATCCAC	SNG	sampleB	10xv2	B cell
CNA_10xv2_1	CATGTTACTTCGTCAA	SNG	sampleB	10xv2	CD4+ T cell
CNA_10xv2_1	CTCTGCAACGGCCATC	SNG	sampleA	10xv2	Cytotoxic T cell
CNA_10xv2_1	CCGGGAACTAAGTTCC	SNG	sampleA	10xv2	Natural killer cell
CNA_10xv2_1	CCCACAGGACAGGGAT	SNG	sampleA	10xv2	CD4+ T cell
CNA_10xv2_1	ACGCCCAGACTGTGCG	SNG	sampleA	10xv2	CD4+ T cell
CNA_10xv2_1	AGGTAGCGACGTAGAG	SNG	sampleA	10xv2	Cytotoxic T cell
CNA_10xv2_1	TTCTCTCTGCTATCTT	SNG	sampleA	10xv2	CD4+ T cell
CNA_10xv2_1	CTTAGAGACGGTAGAC	SNG	sampleA	10xv2	CD4+ T cell
CNA_10xv2_1	CGAACATACAGTAGGC	SNG	sampleA	10xv2	CD4+ T cell
CNA_10xv2_1	TCCGTGGGACCAGCTG	SNG	sampleA	10xv2	CD14+ monocyte
CNA_10xv2_1	CGCACTTACCAATAGA	SNG	sampleA	10xv2	CD14+ monocyte
CNA_10xv2_1	GGCGCAACTATCTGTG	SNG	sampleB	10xv2	CD4+ T cell
CNA_10xv2_1	TATCGATCTGCACCCA	SNG	sampleA	10xv2	CD4+ T cell
CNA_10xv2_1	CATTCCCGACAGGTGA	SNG	sampleA	10xv2	B cell
CNA_10xv2_1	CCAGCACGAGCCGCTA	SNG	sampleA	10xv2	CD4+ T cell
CNA_10xv2_1	ACGAGGATGGCGGTAA	SNG	sampleB	10xv2	Cytotoxic T cell
CNA_10xv2_1	ATCGAGACTACACAAA	SNG	sampleA	10xv2	CD4+ T cell
CNA_10xv2_1	TCAAAGGCTATTAAGG	SNG	sampleA	10xv2	CD4+ T cell
CNA_10xv2_1	ACAGACTTGTCCCAGG	SNG	sampleA	10xv2	CD4+ T cell
CNA_10xv2_1	GCGTTTAGATTTGGGT	SNG	sampleB	10xv2	B cell
CNA_10xv2_1	CCTCATGACAGCAAGC	SNG	sampleA	10xv2	Natural killer cell
CNA_10xv2_1	CTGGTGGACAATGCTC	SNG	sampleA	10xv2	Natural killer cell
CNA_10xv2_1	GCTATGATGCATCTTT	SNG	sampleA	10xv2	CD16+ monocyte
CNA_10xv2_1	TTCTAGTTGATCCTCC	SNG	sampleA	10xv2	Cytotoxic T cell
CNA_10xv2_1	GGGATGTGAGGTTGAG	SNG	sampleA	10xv2	CD4+ T cell
CNA_10xv2_1	TAGAACCACTTCTCGC	SNG	sampleA	10xv2	Natural killer cell
CNA_10xv2_1	ATGGCCGTGGCGCTGT	SNG	sampleB	10xv2	CD4+ T cell
CNA_10xv2_1	TATGGAGCTGCTGAGA	SNG	sampleB	10xv2	CD4+ T cell
CNA_10xv2_1	GATACGGGAGGCCAAA	SNG	sampleA	10xv2	B cell
CNA_10xv2_1	GGATGGAACTCGTCAA	SNG	sampleA	10xv2	B cell
CNA_10xv2_1	CGTTACCTGAATCGAA	SNG	sampleB	10xv2	CD4+ T cell
CNA_10xv2_1	CACATTACTGTCTGGC	SNG	sampleA	10xv2	CD16+ monocyte
CNA_10xv2_1	ACATGTGTGCAAGTAA	SNG	sampleB	10xv2	CD4+ T cell
CNA_10xv2_1	GTATAGGCTAGAGGCT	SNG	sampleA	10xv2	CD4+ T cell
CNA_10xv2_1	GCTACAAACTTATGGC	SNG	sampleA	10xv2	CD4+ T cell
CNA_10xv2_1	CCTCCCTTGGATCCAT	SNG	sampleA	10xv2	CD4+ T cell
CNA_10xv2_1	TCGTATACTGCCGTTG	SNG	sampleA	10xv2	Natural killer cell
CNA_10xv2_1	CATTACACTGCGCTGT	SNG	sampleB	10xv2	Natural killer cell
CNA_10xv2_1	CCAACTCACAAGTTCC	SNG	sampleB	10xv2	B cell
CNA_10xv2_1	GTGCATTGAACGTGCC	SNG	sampleB	10xv2	CD4+ T cell
CNA_10xv2_1	TCCGGGTGAGCTGAGA	SNG	sampleB	10xv2	CD4+ T cell
CNA_10xv2_1	TCGTTCGTGACAGGCA	SNG	sampleB	10xv2	Natural killer cell
CNA_10xv2_1	TCTAACGGATCTGCAA	SNG	sampleB	10xv2	B cell
CNA_10xv2_1	TGAATGGCTTAACCCA	SNG	sampleB	10xv2	Cytotoxic T cell
CNA_10xv2_1	GAGTGTTACTGCTCAA	SNG	sampleB	10xv2	CD14+ monocyte
CNA_10xv2_1	CTTACATTGGGGATTG	SNG	sampleA	10xv2	CD14+ monocyte
CNA_10xv2_1	ATGCAAAGACAGCTGC	SNG	sampleA	10xv2	CD4+ T cell
CNA_10xv2_1	TAGGCCTCTCAGTCCG	SNG	sampleA	10xv2	Cytotoxic T cell
CNA_10xv2_1	AACTTACCTTTACGAC	SNG	sampleA	10xv2	Natural killer cell
CNA_10xv2_1	CACTTTATGTGGCTTA	SNG	sampleA	10xv2	CD4+ T cell
CNA_10xv2_1	AGGCCAAGATTCGGGC	SNG	sampleB	10xv2	CD14+ monocyte
CNA_10xv2_1	TCGACTCTGGCCGTTG	SNG	sampleA	10xv2	CD4+ T cell
CNA_10xv2_1	GTAGGTTTGGAGAGGG	SNG	sampleB	10xv2	CD4+ T cell
CNA_10xv2_1	AGGGTTTACACGAGCA	SNG	sampleB	10xv2	Natural killer cell
CNA_10xv2_1	TCAACATCTCCATAAC	SNG	sampleA	10xv2	CD4+ T cell
CNA_10xv2_1	TTCTTAGACTAATCGC	SNG	sampleB	10xv2	Natural killer cell
CNA_10xv2_1	TGGACCCGATTGCGCG	SNG	sampleB	10xv2	CD4+ T cell
CNA_10xv2_1	ATCAAAGGAATACGCT_TTCGTCGTGCATGCGC	SNG	sampleB	10xv2	Cytotoxic T cell
CNA_10xv2_1	TACCTGCTGAATCGCT	SNG	sampleB	10xv2	CD4+ T cell
CNA_10xv2_1	TTTAAGCCTTACCAAC	SNG	sampleB	10xv2	Dendritic cell
CNA_10xv2_1	GTTGATGACCTGGAAG	SNG	sampleA	10xv2	CD4+ T cell
CNA_10xv2_1	TCGTAGAACACTAGTC	SNG	sampleB	10xv2	Natural killer cell
CNA_10xv2_1	AAGACCTACGTTTACG	SNG	sampleA	10xv2	CD14+ monocyte
CNA_10xv2_1	TTATGGTCTTAATCGC	SNG	sampleA	10xv2	CD14+ monocyte
CNA_10xv2_1	TCAAAGGCTGGCCTGT	SNG	sampleA	10xv2	Natural killer cell
CNA_10xv2_1	TAACGCATGGAGCCTC	SNG	sampleB	10xv2	Natural killer cell
CNA_10xv2_1	ATGTACGTGGCAGTTT	SNG	sampleB	10xv2	CD4+ T cell
CNA_10xv2_1	ACTCCGTACTGGCATT	SNG	sampleA	10xv2	B cell
CNA_10xv2_1	CGACCTTTGAAACATG	SNG	sampleB	10xv2	CD14+ monocyte
CNA_10xv2_1	AAGGCGATGAGAGGCT	SNG	sampleB	10xv2	Cytotoxic T cell
CNA_10xv2_1	CTAATCTACCTGCGGT	SNG	sampleA	10xv2	Cytotoxic T cell
CNA_10xv2_1	TCACTATTGCGCTCGA	SNG	sampleA	10xv2	CD14+ monocyte
CNA_10xv2_1	ATACCTGGATGGGCAA	SNG	sampleA	10xv2	CD4+ T cell
CNA_10xv2_1	ATACATCCTGTTGACT	SNG	sampleA	10xv2	CD4+ T cell
CNA_10xv2_1	GTATAGCTGCTCGATA	SNG	sampleB	10xv2	CD16+ monocyte
CNA_10xv2_1	TCCGTTGACATACGCT	SNG	sampleB	10xv2	Cytotoxic T cell
CNA_10xv2_1	CCTACGTTGTACACTG	SNG	sampleA	10xv2	CD4+ T cell
CNA_10xv2_1	CGTTATGGATTGGTTG	SNG	sampleA	10xv2	Cytotoxic T cell
CNA_10xv2_1	TTGCGATGAATAACCC	SNG	sampleB	10xv2	Cytotoxic T cell
CNA_10xv2_1	CGCTTCCCTTGATCAC	SNG	sampleA	10xv2	CD4+ T cell
CNA_10xv2_1	TTTCGTAACAATACAG	SNG	sampleA	10xv2	CD4+ T cell
CNA_10xv2_1	GGGAGAACTCCCGCAA	SNG	sampleA	10xv2	CD16+ monocyte
CNA_10xv2_1	ATAGGGTCTGCGCTGT	SNG	sampleB	10xv2	CD4+ T cell
CNA_10xv2_1	GGGTCGACTCTACTCC	SNG	sampleB	10xv2	Cytotoxic T cell
CNA_10xv2_1	TGTGGCTCTCCTACGG	SNG	sampleA	10xv2	Cytotoxic T cell
CNA_10xv2_1	CTCGAACCTGCTTACA	SNG	sampleB	10xv2	B cell
CNA_10xv2_1	CTGCTTTCTGGGTTCC	SNG	sampleB	10xv2	Cytotoxic T cell
CNA_10xv2_1	AGAACATGAGTCTGGC	SNG	sampleB	10xv2	B cell
CNA_10xv2_1	GTATTCTACTCGTCAA	SNG	sampleA	10xv2	CD4+ T cell
CNA_10xv2_1	AGAGACCGATCATGCA	SNG	sampleA	10xv2	CD4+ T cell
CNA_10xv2_1	CAGTATTCTCTGAGAG	SNG	sampleB	10xv2	CD4+ T cell
CNA_10xv2_1	CTTCTAAACTTGACAC	SNG	sampleA	10xv2	Natural killer cell
CNA_10xv2_1	ATCAAGCACAAACATG	SNG	sampleA	10xv2	Dendritic cell
CNA_10xv2_1	TAACGAGCTCCGTTAA	SNG	sampleA	10xv2	Natural killer cell
CNA_10xv2_1	TCGGCTTACCGCCACA	SNG	sampleB	10xv2	CD16+ monocyte
CNA_10xv2_1	AGCTTGTGATACTTTC	SNG	sampleB	10xv2	CD4+ T cell
CNA_10xv2_1	CCCATGTACAATACAG	SNG	sampleA	10xv2	CD14+ monocyte
CNA_10xv2_1	GCATGATACCGAGGAT	SNG	sampleB	10xv2	CD14+ monocyte
CNA_10xv2_1	ATGGACTACTTCGTTT	SNG	sampleB	10xv2	Natural killer cell
CNA_10xv2_1	TTCCTACCTGTTTACG	SNG	sampleA	10xv2	CD14+ monocyte
CNA_10xv2_1	ACGGCTTCTGTGGTGA	SNG	sampleB	10xv2	CD4+ T cell
CNA_10xv2_1	CTCTTTCTGGGTGTCC	SNG	sampleA	10xv2	CD4+ T cell
CNA_10xv2_1	GCACGACACGGCCAAA	SNG	sampleA	10xv2	CD4+ T cell
CNA_10xv2_1	GAAAGTCCTTACAGCT	SNG	sampleB	10xv2	B cell
CNA_10xv2_1	CGACCTTTGCGGTACC	SNG	sampleA	10xv2	CD14+ monocyte
CNA_10xv2_1	AGGTAGGTGGAATGTA	SNG	sampleB	10xv2	CD4+ T cell
CNA_10xv2_1	ATATGCCGAAGTTGAA	SNG	sampleA	10xv2	CD4+ T cell
CNA_10xv2_1	TATGGTTCTCTTCAAG	SNG	sampleB	10xv2	CD4+ T cell
CNA_10xv2_1	GGCTTGCGAACACCTA	SNG	sampleA	10xv2	CD4+ T cell
CNA_10xv2_1	GGACGAATGTGATCAC	SNG	sampleA	10xv2	Natural killer cell
CNA_10xv2_1	TGACCCTACGCTTACA	SNG	sampleA	10xv2	B cell
CNA_10xv2_1	GAACAACCTTTGTACG	SNG	sampleA	10xv2	CD14+ monocyte
CNA_10xv2_1	ACGAGGCCTCAGCACC	SNG	sampleA	10xv2	Natural killer cell
CNA_10xv2_1	GTGGTAACTGAGTAAT	SNG	sampleB	10xv2	CD16+ monocyte
CNA_10xv2_1	TACCTCGACTGCTGGC	SNG	sampleA	10xv2	B cell
CNA_10xv2_1	TCGTCTGACTCGTAGT	SNG	sampleA	10xv2	B cell
CNA_10xv2_1	TTTGACGGAACTAGGG	SNG	sampleA	10xv2	CD14+ monocyte
CNA_10xv2_1	TGCTACGCTTTGACCA	SNG	sampleB	10xv2	CD4+ T cell
CNA_10xv2_1	TAACGAAGAAATCGCT	SNG	sampleA	10xv2	CD4+ T cell
CNA_10xv2_1	CCGTTACTGTCGCTAA	SNG	sampleB	10xv2	CD4+ T cell
CNA_10xv2_1	TCCTTAATGTTCTCGC	SNG	sampleB	10xv2	B cell
CNA_10xv2_1	AGGTGATCTATCAGCT	SNG	sampleA	10xv2	CD14+ monocyte
CNA_10xv2_1	GGCGTACACCGGTTTA	SNG	sampleB	10xv2	Cytotoxic T cell
CNA_10xv2_1	CTATGGATGCGGGTAA	SNG	sampleA	10xv2	CD4+ T cell
CNA_10xv2_1	TACACGTGATTCGGGC	SNG	sampleB	10xv2	CD14+ monocyte
CNA_10xv2_1	TATGCTTTGTAGCAGG	SNG	sampleA	10xv2	CD4+ T cell
CNA_10xv2_1	CTGCTTTCTGAAACAT	SNG	sampleB	10xv2	Cytotoxic T cell
CNA_10xv2_1	AGACCATTGCCTAGCG	SNG	sampleB	10xv2	Natural killer cell
CNA_10xv2_1	GGCTGACTGGACCGAA	SNG	sampleB	10xv2	CD4+ T cell
CNA_10xv2_1	TACTGGAACGTTGACT	SNG	sampleB	10xv2	Cytotoxic T cell
CNA_10xv2_1	ACCTACCTGTCGGGCT	SNG	sampleA	10xv2	Cytotoxic T cell
CNA_10xv2_1	TTGGCTCTGCGAAGCA	SNG	sampleA	10xv2	CD4+ T cell
CNA_10xv2_1	GAAGTCTTGCAACGCC	SNG	sampleA	10xv2	CD14+ monocyte
CNA_10xv2_1	TTATGGTCTTTCGCAA	SNG	sampleB	10xv2	CD14+ monocyte
CNA_10xv2_1	TTCTAGACTCGATCGC	SNG	sampleB	10xv2	B cell
CNA_10xv2_1	CGAGAGATGCGTTCTC	SNG	sampleB	10xv2	CD16+ monocyte
CNA_10xv2_1	GTTGATTCTAACGTTC	SNG	sampleB	10xv2	Natural killer cell
CNA_10xv2_1	TCCGAATGAATACGCT	SNG	sampleB	10xv2	Natural killer cell
CNA_10xv2_1	CGTTATGGATTCCATT	SNG	sampleA	10xv2	CD16+ monocyte
CNA_10xv2_1	GGTCTGGACGAATCTC	SNG	sampleA	10xv2	CD14+ monocyte
CNA_10xv2_1	GGATTTGACCGGAATG	SNG	sampleB	10xv2	Cytotoxic T cell
CNA_10xv2_1	ACCAAGTTGTAGCAGG	SNG	sampleB	10xv2	Cytotoxic T cell
CNA_10xv2_1	AGGCCAAGAGCGCAAA	SNG	sampleB	10xv2	Cytotoxic T cell
CNA_10xv2_1	TAAGGCTTGACGCCAC	SNG	sampleB	10xv2	Natural killer cell
CNA_10xv2_1	CAGTGATTGGCTCTTC	SNG	sampleB	10xv2	Cytotoxic T cell
CNA_10xv2_1	GAGAGAAGAGATCCAT	SNG	sampleA	10xv2	CD4+ T cell
CNA_10xv2_1	ACCCGAGACTTGCGCG	SNG	sampleA	10xv2	CD4+ T cell
CNA_10xv2_1	CCACATGCTCGATTGT	SNG	sampleA	10xv2	B cell
CNA_10xv2_1	CTACCTCGAATAGGTA	SNG	sampleA	10xv2	CD4+ T cell
CNA_10xv2_1	CACTATACTGAACGTG	SNG	sampleB	10xv2	Cytotoxic T cell
CNA_10xv2_1	TAAGGGCGAGCTAATC	SNG	sampleA	10xv2	CD4+ T cell
CNA_10xv2_1	CTATTGGGAATGAATG	SNG	sampleA	10xv2	Dendritic cell
CNA_10xv2_1	GAGAGGTTGAGCCCTG	SNG	sampleB	10xv2	CD4+ T cell
CNA_10xv2_1	CGCAAAGGACTCACTC	SNG	sampleB	10xv2	Natural killer cell
CNA_10xv2_1	TGTATGCGATTCTGGA	SNG	sampleA	10xv2	Natural killer cell
CNA_10xv2_1	CTCCAACTGCAATGAA	SNG	sampleB	10xv2	B cell
CNA_10xv2_1	ACGTCCACTGAATTGA	SNG	sampleB	10xv2	B cell
CNA_10xv2_1	TGACCCTACACCTTGA	SNG	sampleA	10xv2	CD4+ T cell
CNA_10xv2_1	AAGTACCACCCACAAT	SNG	sampleB	10xv2	Dendritic cell
CNA_10xv2_1	TGTGGCTCTGAATCTC	SNG	sampleB	10xv2	Cytotoxic T cell
CNA_10xv2_1	CGATATTCTCCACAAT	SNG	sampleB	10xv2	Natural killer cell
CNA_10xv2_1	ATCCAGCCTTCCAATG	SNG	sampleA	10xv2	CD4+ T cell
CNA_10xv2_1	ACTCCAGCTTCCCAGG	SNG	sampleA	10xv2	CD4+ T cell
CNA_10xv2_1	GAAGTCTTGCCACATA	SNG	sampleB	10xv2	Cytotoxic T cell
CNA_10xv2_1	GGTAAGCGATACTTTC	SNG	sampleB	10xv2	CD4+ T cell
CNA_10xv2_1	TTCTATGACGCGGTTC	SNG	sampleB	10xv2	Cytotoxic T cell
CNA_10xv2_1	GCACAATACAAGACAT	SNG	sampleB	10xv2	Cytotoxic T cell
CNA_10xv2_1	CAAAGTAGAAGCCTAT	SNG	sampleB	10xv2	CD14+ monocyte
CNA_10xv2_1	GGGTAGTGATCCGTAA	SNG	sampleA	10xv2	CD4+ T cell
CNA_10xv2_1	GAGAGCCCTTGCCACG	SNG	sampleB	10xv2	Natural killer cell
CNA_10xv2_1	TAACGTTCTGTGAGCA	SNG	sampleA	10xv2	CD4+ T cell
CNA_10xv2_1	CCAGCACGAAGTGAGC	SNG	sampleA	10xv2	Dendritic cell
CNA_10xv2_1	TCGCGGAACAGATTCC	SNG	sampleB	10xv2	B cell
CNA_10xv2_1	GATATGAGAGCTAGAG	SNG	sampleB	10xv2	CD16+ monocyte
CNA_10xv2_1	CTGTAACGAGGCCTGT	SNG	sampleB	10xv2	CD16+ monocyte
CNA_10xv2_1	GAATCGGGAGCTCTTC	SNG	sampleA	10xv2	CD4+ T cell
CNA_10xv2_1	TCTGGCTTGAGGACCA	SNG	sampleB	10xv2	Natural killer cell
CNA_10xv2_1	ATGTGTGTGTCATGCA	SNG	sampleA	10xv2	Natural killer cell
CNA_10xv2_1	CGTGTCTACGAAATCA	SNG	sampleB	10xv2	Natural killer cell
CNA_10xv2_1	TTCACGCTGTCCTACC	SNG	sampleB	10xv2	CD4+ T cell
CNA_10xv2_1	GTCTCGTACTTCTGGA	SNG	sampleB	10xv2	CD4+ T cell
CNA_10xv2_1	TGTGTAGTGTGAACAA	SNG	sampleB	10xv2	CD4+ T cell
CNA_10xv2_1	CCGTTTGTGAGGACAC	SNG	sampleB	10xv2	Natural killer cell
CNA_10xv2_1	CCTTCTTTGCTGGCAC	SNG	sampleA	10xv2	CD4+ T cell
CNA_10xv2_1	GCTTACCACATGTCAC	SNG	sampleA	10xv2	Natural killer cell
CNA_10xv2_1	GTATAGCTGAGCCTAT	SNG	sampleB	10xv2	CD4+ T cell
CNA_10xv2_1	CGTGCTGGAGAGTGAC	SNG	sampleA	10xv2	CD4+ T cell
CNA_10xv2_1	AGTGGTACTAGTCTAC	SNG	sampleA	10xv2	CD4+ T cell
CNA_10xv2_1	GTATGAAGACGGTTTA	SNG	sampleA	10xv2	CD4+ T cell
CNA_10xv2_1	AGCCAATTGCGACAAG	SNG	sampleB	10xv2	Cytotoxic T cell
CNA_10xv2_1	AGCTGATACGCGGTAA	SNG	sampleB	10xv2	CD4+ T cell
CNA_10xv2_1	ATGGGTACTCGAAGCA	SNG	sampleA	10xv2	Cytotoxic T cell
CNA_10xv2_1	GCTATCCTGAACGTTC	SNG	sampleB	10xv2	B cell
CNA_10xv2_1	GTCAACTGAAATCGCT	SNG	sampleA	10xv2	CD14+ monocyte
CNA_10xv2_1	TTCACGCTGCGGGTAA	SNG	sampleB	10xv2	Cytotoxic T cell
CNA_10xv2_1	CGGATAGGAGATCCAT	SNG	sampleB	10xv2	CD4+ T cell
CNA_10xv2_1	GTCCGAGTGTCGCTAA	SNG	sampleB	10xv2	CD4+ T cell
CNA_10xv2_1	GTTACAGTGTCATTGG	SNG	sampleB	10xv2	CD14+ monocyte
CNA_10xv2_1	TGTTCTCCTGGACCAA	SNG	sampleA	10xv2	Natural killer cell
CNA_10xv2_1	TACACAGACTGGTGAG	SNG	sampleB	10xv2	Cytotoxic T cell
CNA_10xv2_1	TGTGCAATGTGTGCTA	SNG	sampleA	10xv2	CD4+ T cell
CNA_10xv2_1	GTCGCATCTCTACTCC	SNG	sampleA	10xv2	CD4+ T cell
CNA_10xv2_1	TTGTCGAGATTACGAC	SNG	sampleB	10xv2	Cytotoxic T cell
CNA_10xv2_1	TGTTATCACTGCAAGG	SNG	sampleA	10xv2	Natural killer cell
CNA_10xv2_1	CATTCCTCTGCTGTTA	SNG	sampleB	10xv2	CD4+ T cell
CNA_10xv2_1	GAGTCTCCTCTCATTT	SNG	sampleA	10xv2	CD14+ monocyte
CNA_10xv2_1	CTCTATAACTGACCTA	SNG	sampleA	10xv2	Natural killer cell
CNA_10xv2_1	GCACAATACCATACTG	SNG	sampleA	10xv2	Natural killer cell
CNA_10xv2_1	TGCATGCCTAGTCGGA	SNG	sampleA	10xv2	Cytotoxic T cell
CNA_10xv2_1	AAACTCTCTAAAGGTT	SNG	sampleA	10xv2	CD4+ T cell
CNA_10xv2_1	GGCACTGACATCATGC	SNG	sampleB	10xv2	CD4+ T cell
CNA_10xv2_1	TTCCCAGACCATGCGC	SNG	sampleB	10xv2	CD4+ T cell
CNA_10xv2_1	GTCGAAGGAGCGGTAA	SNG	sampleB	10xv2	Cytotoxic T cell
CNA_10xv2_1	GAAGTATGAAGTACGG	SNG	sampleB	10xv2	Cytotoxic T cell
CNA_10xv2_1	TTGCATTACTGACCTA	SNG	sampleA	10xv2	Cytotoxic T cell
CNA_10xv2_1	TGAATGGCTCCAGGCT	SNG	sampleA	10xv2	Cytotoxic T cell
CNA_10xv2_1	TGCGAATACGCGCACT	SNG	sampleA	10xv2	Cytotoxic T cell
CNA_10xv2_1	CAATCAGTGGAGTAAT	SNG	sampleB	10xv2	Cytotoxic T cell
CNA_10xv2_1	AGCCGAGCTCCGTTAA	SNG	sampleA	10xv2	Natural killer cell
CNA_10xv2_1	CCATCTGTGGGGACTA	SNG	sampleA	10xv2	Cytotoxic T cell
CNA_10xv2_1	GTGTAACTGGTTTACG	SNG	sampleB	10xv2	Cytotoxic T cell
CNA_10xv2_1	TGGAATCACGAGTGAC	SNG	sampleB	10xv2	B cell
CNA_10xv2_1	TGTGTTACTTGCGCCA	SNG	sampleA	10xv2	Cytotoxic T cell
CNA_10xv2_1	CCGTCTATGACCCGGT	SNG	sampleA	10xv2	CD14+ monocyte
CNA_10xv2_1	GGACACAGAAGCAATA	SNG	sampleB	10xv2	B cell
CNA_10xv2_1	ACTGGAACTACACCTA	SNG	sampleA	10xv2	CD14+ monocyte
CNA_10xv2_1	TTACACACTTTGGGAG	SNG	sampleA	10xv2	Natural killer cell
CNA_10xv2_1	GGATTTGACCCCGAGT	SNG	sampleA	10xv2	CD4+ T cell
CNA_10xv2_1	GGTATTTCTAGTGGTG	SNG	sampleA	10xv2	CD4+ T cell
CNA_10xv2_1	GACCGTGTGCCACATA	SNG	sampleB	10xv2	Cytotoxic T cell
CNA_10xv2_1	GGGTATACTCGTTAGT	SNG	sampleA	10xv2	CD14+ monocyte
CNA_10xv2_1	TTGGCAAACCCTGCGA	SNG	sampleA	10xv2	Natural killer cell
CNA_10xv2_1	TTCCCTGGAGGCCATC	SNG	sampleB	10xv2	Cytotoxic T cell
CNA_10xv2_1	AAAGCATGACTTTAGG	SNG	sampleB	10xv2	B cell
CNA_10xv2_1	AGGCCAAGATAGGAGC	SNG	sampleB	10xv2	Natural killer cell
CNA_10xv2_1	CCGACAGTGCATGCTA	SNG	sampleA	10xv2	CD14+ monocyte
CNA_10xv2_1	CGATGATTGTGGCTGC	SNG	sampleA	10xv2	CD16+ monocyte
CNA_10xv2_1	CTCGGTTACAAGTTAG	SNG	sampleB	10xv2	Natural killer cell
CNA_10xv2_1	TGACTTGGAGCCCTAG	SNG	sampleA	10xv2	CD4+ T cell
CNA_10xv2_1	TGTTGTACTTTTCCGC	SNG	sampleB	10xv2	B cell
CNA_10xv2_1	ACCTCCAACTAAGCAA	SNG	sampleB	10xv2	Cytotoxic T cell
CNA_10xv2_1	CCGACAGTGGAACCTT	SNG	sampleB	10xv2	Cytotoxic T cell
CNA_10xv2_1	TACTAACCTGCGAGTA	SNG	sampleB	10xv2	Natural killer cell
CNA_10xv2_1	ATAGCCAACATCAGGG	SNG	sampleB	10xv2	CD4+ T cell
CNA_10xv2_1	CTGCCTTGATAGCAGG	SNG	sampleA	10xv2	Cytotoxic T cell
CNA_10xv2_1	AAGGATCCTTGGGCAA	SNG	sampleA	10xv2	CD4+ T cell
CNA_10xv2_1	CCTATCCGAGCCCTGA	SNG	sampleB	10xv2	Cytotoxic T cell
CNA_10xv2_1	TCGTGAATGCGAGTTT	SNG	sampleA	10xv2	CD4+ T cell
CNA_10xv2_1	TCGTTCGTGTAAAGCA	SNG	sampleB	10xv2	CD14+ monocyte
CNA_10xv2_1	GTCGTTCTGATTGGTC	SNG	sampleB	10xv2	CD14+ monocyte
CNA_10xv2_1	GTTACCCTGGTCCCGA	SNG	sampleA	10xv2	CD14+ monocyte
CNA_10xv2_1	ACTAACGTGGCCCTGA	SNG	sampleA	10xv2	CD4+ T cell
CNA_10xv2_1	AACACTGACCATAGCT	SNG	sampleA	10xv2	CD16+ monocyte
CNA_10xv2_1	TTGGTCCACACCGTTA	SNG	sampleB	10xv2	B cell
CNA_10xv2_1	GGGTATGGATCCCAGG	SNG	sampleA	10xv2	CD4+ T cell
CNA_10xv2_1	GCAGACCTGGACTGTT	SNG	sampleB	10xv2	CD14+ monocyte
CNA_10xv2_1	AGTGGTACTATTCTGG	SNG	sampleB	10xv2	CD14+ monocyte
CNA_10xv2_1	TAAGGCTTGCACTCAA	SNG	sampleA	10xv2	Natural killer cell
CNA_10xv2_1	AGGTATGCTTGGCAAG	SNG	sampleA	10xv2	CD4+ T cell
CNA_10xv2_1	CCTGATCACTTGTTTC	SNG	sampleA	10xv2	B cell
CNA_10xv2_1	AAGTACCACTGCTGTA	SNG	sampleB	10xv2	CD4+ T cell
CNA_10xv2_1	CCAGGACTGGGAATTA	SNG	sampleA	10xv2	CD14+ monocyte
CNA_10xv2_1	CCCGAGTGACTGAGAG	SNG	sampleB	10xv2	Natural killer cell
CNA_10xv2_1	CTGATTACTATCAGCT	SNG	sampleA	10xv2	CD4+ T cell
CNA_10xv2_1	TCTTCAAACAGAGGCT	SNG	sampleB	10xv2	CD14+ monocyte
CNA_10xv2_1	GGTGCGTTGGGACAGT	SNG	sampleB	10xv2	CD4+ T cell
CNA_10xv2_1	TGTAACGTGCCAAACT	SNG	sampleB	10xv2	CD4+ T cell
CNA_10xv2_1	GTAGAGCGAATTCTGG	SNG	sampleB	10xv2	CD14+ monocyte
CNA_10xv2_1	GTCACAATGAGTAGGC	SNG	sampleB	10xv2	CD4+ T cell
CNA_10xv2_1	AGAGACCGACTCCTAC	SNG	sampleB	10xv2	Cytotoxic T cell
CNA_10xv2_1	CGATACAACGCTCCTT	SNG	sampleA	10xv2	CD4+ T cell
CNA_10xv2_1	TGGAAGTCTTGAGTAA	SNG	sampleB	10xv2	CD16+ monocyte
CNA_10xv2_1	ATCGTCCACTTGCGTA	SNG	sampleB	10xv2	Natural killer cell
CNA_10xv2_1	GGTATTTCTAGGGCTA	SNG	sampleA	10xv2	Dendritic cell
CNA_10xv2_1	CGGTTGGACGGAGTCA	SNG	sampleA	10xv2	Natural killer cell
CNA_10xv2_1	TGTGACTGAAACCAAA	SNG	sampleA	10xv2	CD4+ T cell
CNA_10xv2_1	TAATAGGGATCATGCA	SNG	sampleB	10xv2	Cytotoxic T cell
CNA_10xv2_1	TACATTCACGCTTTGA	SNG	sampleB	10xv2	CD4+ T cell
CNA_10xv2_1	CAATGCCCTGGCCATC	SNG	sampleA	10xv2	Dendritic cell
CNA_10xv2_1	TAAGGCTTGTAATCGC	SNG	sampleA	10xv2	Natural killer cell
CNA_10xv2_1	TACGTTTACCAAGTTC	SNG	sampleA	10xv2	B cell
CNA_10xv2_1	AGGGCAAACTACCTGA	SNG	sampleA	10xv2	Natural killer cell
CNA_10xv2_1	CGACGACACCCTAGCG	SNG	sampleA	10xv2	CD16+ monocyte
CNA_10xv2_1	CTGGTGGTGCATTCAG	SNG	sampleB	10xv2	Cytotoxic T cell
CNA_10xv2_1	GTAGCATACAGTCTGT	SNG	sampleA	10xv2	CD4+ T cell
CNA_10xv2_1	GGGTGAAACGAACCTT	SNG	sampleB	10xv2	CD4+ T cell
CNA_10xv2_1	ATCGCCGGACCGGCTA	SNG	sampleB	10xv2	Natural killer cell
CNA_10xv2_1	TACCTCTCTCACCTAA	SNG	sampleB	10xv2	B cell
CNA_10xv2_1	TGCGAGGCTTGACTCA	SNG	sampleB	10xv2	CD4+ T cell
CNA_10xv2_1	GAGGTGCCTATCATGC	SNG	sampleB	10xv2	Cytotoxic T cell
CNA_10xv2_1	CTTATTGTGCAATGAA	SNG	sampleA	10xv2	Cytotoxic T cell
CNA_10xv2_1	TCGCACGGATCGAGAG	SNG	sampleA	10xv2	Cytotoxic T cell
CNA_10xv2_1	GAGGGATACCGACATT	SNG	sampleA	10xv2	Natural killer cell
CNA_10xv2_1	CGTGCTGGAGCTCAGC	SNG	sampleB	10xv2	Cytotoxic T cell
CNA_10xv2_1	TGGCCGATGCCACTTC	SNG	sampleB	10xv2	B cell
CNA_10xv2_1	AACATCCGATGCTCAA	SNG	sampleA	10xv2	Dendritic cell
CNA_10xv2_1	TCAGCCGGAGTTAGTC	SNG	sampleA	10xv2	CD4+ T cell
CNA_10xv2_1	AAAGATCGAGCCCAAC	SNG	sampleB	10xv2	B cell
CNA_10xv2_1	ATGTGTGTGGCCGCTA	SNG	sampleA	10xv2	CD4+ T cell
CNA_10xv2_1	AGAGAATACGATCCAT_CCGATTCACTTGGTTG	SNG	sampleA	10xv2	Natural killer cell
CNA_10xv2_1	GTCGGCTGACTCGAGC	SNG	sampleA	10xv2	Cytotoxic T cell
CNA_10xv2_1	CAGGCTTCTGTACGTT	SNG	sampleB	10xv2	B cell
CNA_10xv2_1	AACTTACCTGCCAGCT	SNG	sampleA	10xv2	B cell
CNA_10xv2_1	GGGTATACTGGCCTGT	SNG	sampleB	10xv2	B cell
CNA_10xv2_1	TAGTGCATGAGTAGGC	SNG	sampleB	10xv2	Natural killer cell
CNA_10xv2_1	CCAGTTGCTGACACCC	SNG	sampleA	10xv2	B cell
CNA_10xv2_1	ATTCAGGTGAGGCATG	SNG	sampleA	10xv2	CD14+ monocyte
CNA_10xv2_1	TGTGTAGTGATCATCG	SNG	sampleB	10xv2	Dendritic cell
CNA_10xv2_1	ATGATGGCTTTGACCA	SNG	sampleB	10xv2	Natural killer cell
CNA_10xv2_1	AGAACGCGAATGAATG	SNG	sampleB	10xv2	CD16+ monocyte
CNA_10xv2_1	GCTACAAACTCCAGCG	SNG	sampleB	10xv2	Natural killer cell
CNA_10xv2_1	TAGTCCGCTTGAGCAG	SNG	sampleA	10xv2	B cell
CNA_10xv2_1	TAGCTTTACTGGCAAG	SNG	sampleA	10xv2	CD4+ T cell
CNA_10xv2_1	TCGCCGAGAGTCGGTC	SNG	sampleB	10xv2	CD16+ monocyte
CNA_10xv2_1	GAGTTGTTGTTAGAAG	SNG	sampleB	10xv2	CD4+ T cell
CNA_10xv2_1	TTCTACATGAGCCATT	SNG	sampleA	10xv2	CD14+ monocyte
CNA_10xv2_1	TCTAGTGGAAACGCAG	SNG	sampleA	10xv2	Cytotoxic T cell
CNA_10xv2_1	CCTACGTACCAGGGTA	SNG	sampleA	10xv2	Natural killer cell
CNA_10xv2_1	CTATGGATGGCCCTTT	SNG	sampleA	10xv2	CD4+ T cell
CNA_10xv2_1	GTGGCTGTGGAGAGGG	SNG	sampleB	10xv2	CD4+ T cell
CNA_10xv2_1	ACCTCCATGCTCATTT	SNG	sampleA	10xv2	Natural killer cell
CNA_10xv2_1	ATCATCTACTAAGTAG	SNG	sampleB	10xv2	Cytotoxic T cell
CNA_10xv2_1	ACTGTGATGTCATGTG	SNG	sampleA	10xv2	CD4+ T cell
CNA_10xv2_1	CTCCGTAACACCAAGG	SNG	sampleA	10xv2	Natural killer cell
CNA_10xv2_1	CATTCTATGCCTAGTA	SNG	sampleB	10xv2	Cytotoxic T cell
CNA_10xv2_1	TGGACAACTGAACCTT	SNG	sampleB	10xv2	Cytotoxic T cell
CNA_10xv2_1	GGACATTTGAACTAGA	SNG	sampleB	10xv2	Cytotoxic T cell
CNA_10xv2_1	GTTCTGGCTGAAGTTA	SNG	sampleB	10xv2	CD4+ T cell
CNA_10xv2_1	GGACGAATGTCTGTGA	SNG	sampleA	10xv2	Natural killer cell
CNA_10xv2_1	CGTGCAGACGTTAGGG	SNG	sampleB	10xv2	CD4+ T cell
CNA_10xv2_1	ACCTCCAACATCCTAG	SNG	sampleB	10xv2	CD4+ T cell
CNA_10xv2_1	TCTACGAGATGCATGT	SNG	sampleB	10xv2	Natural killer cell
CNA_10xv2_1	AGGCATTACGGGTAGT	SNG	sampleB	10xv2	Natural killer cell
CNA_10xv2_1	TGAACTGTGGATCATC	SNG	sampleA	10xv2	CD4+ T cell
CNA_10xv2_1	TCAGCCGGATTGCGTA	SNG	sampleA	10xv2	CD14+ monocyte
CNA_10xv2_1	GTTCTCGACATAGCAA	SNG	sampleB	10xv2	CD14+ monocyte
CNA_10xv2_1	GCACAGCACTTCAGTG	SNG	sampleA	10xv2	Cytotoxic T cell
CNA_10xv2_1	TGTGGCTCTCTTGAAC	SNG	sampleA	10xv2	CD4+ T cell
CNA_10xv2_1	GAAGGCATGTGGCAAG	SNG	sampleB	10xv2	B cell
CNA_10xv2_1	TGGAAGTCTGGTGCAA	SNG	sampleA	10xv2	B cell
CNA_10xv2_1	TCACACAGATCTGGGC	SNG	sampleA	10xv2	B cell
CNA_10xv2_1	TGCGAGGCTGCCAGCT	SNG	sampleB	10xv2	CD14+ monocyte
CNA_10xv2_1	GGACACCTGTCTGTGA	SNG	sampleB	10xv2	Natural killer cell
CNA_10xv2_1	TACTAGCGACCTCCTA	SNG	sampleA	10xv2	Natural killer cell
CNA_10xv2_1	CCCGACAGAGGACTGA	SNG	sampleA	10xv2	Cytotoxic T cell
CNA_10xv2_1	TCCTTGGTGCTTGAAC	SNG	sampleB	10xv2	CD14+ monocyte
CNA_10xv2_1	ATAGGCGGAAATGCTC	SNG	sampleA	10xv2	CD4+ T cell
CNA_10xv2_1	TCTACTAACTACGATC	SNG	sampleB	10xv2	CD14+ monocyte
CNA_10xv2_1	AGCTTGCCTGCCCTTT	SNG	sampleB	10xv2	B cell
CNA_10xv2_1	ATCGCAAACACCCGGT	SNG	sampleB	10xv2	CD14+ monocyte
CNA_10xv2_1	TGTGCAATGGAAGGCT	SNG	sampleA	10xv2	CD4+ T cell
CNA_10xv2_1	CGACCTACTTTTCTGT	SNG	sampleB	10xv2	Natural killer cell
CNA_10xv2_1	GGATGGAACTGGTGAG	SNG	sampleA	10xv2	CD4+ T cell
CNA_10xv2_1	AAACAACGACTCGAGC	SNG	sampleB	10xv2	CD4+ T cell
CNA_10xv2_1	GCGCGAACTGTCCCGA	SNG	sampleB	10xv2	CD4+ T cell
CNA_10xv2_1	GAGTCATTGTAGCTTG	SNG	sampleB	10xv2	B cell
CNA_10xv2_1	CGACCTGGACTGATCA	SNG	sampleA	10xv2	CD4+ T cell
CNA_10xv2_1	AGAACCTTGAGGCGTA	SNG	sampleA	10xv2	Natural killer cell
CNA_10xv2_1	GGCAACGCTTGTTCCC	SNG	sampleA	10xv2	Dendritic cell
CNA_10xv2_1	CAAAGCTTGGCAGGAT	SNG	sampleB	10xv2	CD4+ T cell
CNA_10xv2_1	AGTGACACTTGAGTAA	SNG	sampleA	10xv2	CD4+ T cell
CNA_10xv2_1	CTATTGGGAGCCCAAC	SNG	sampleB	10xv2	Natural killer cell
CNA_10xv2_1	TAGAGAAACGGACACA	SNG	sampleA	10xv2	B cell
CNA_10xv2_1	TTTGGGATGTCGTCAA	SNG	sampleA	10xv2	CD14+ monocyte
CNA_10xv2_1	AAGAACCCTCGGTACC	SNG	sampleA	10xv2	B cell
CNA_10xv2_1	ATTACCTACTAACGGG	SNG	sampleA	10xv2	CD4+ T cell
CNA_10xv2_1	ATGATGCACTAAGCAA	SNG	sampleB	10xv2	Cytotoxic T cell
CNA_10xv2_1	AGCCAATTGTGTGCTA	SNG	sampleA	10xv2	CD14+ monocyte
CNA_10xv2_1	TAGACCTGATCGGGCT	SNG	sampleB	10xv2	CD14+ monocyte
CNA_10xv2_1	TTCGTCGTGAATCGAA	SNG	sampleA	10xv2	CD4+ T cell
CNA_10xv2_1	ATCTCTAACGAATAAC	SNG	sampleB	10xv2	B cell
CNA_10xv2_1	GCTCCTAACAGTCTGT	SNG	sampleB	10xv2	Cytotoxic T cell
CNA_10xv2_1	ATCGCAAACTGACTCA	SNG	sampleA	10xv2	Natural killer cell
CNA_10xv2_1	CCTGCTATGCCGCTAG	SNG	sampleB	10xv2	Cytotoxic T cell
CNA_10xv2_1	TCCATTTGAAAAGGTT	SNG	sampleB	10xv2	Cytotoxic T cell
CNA_10xv2_1	TCGACGGACATTCTGG	SNG	sampleB	10xv2	Cytotoxic T cell
CNA_10xv2_1	CATTCAACTGCTCAGC	SNG	sampleB	10xv2	B cell
CNA_10xv2_1	CCCGGAAACTCCGTAA	SNG	sampleB	10xv2	Natural killer cell
CNA_10xv2_1	CACTATACTCAGTCCG	SNG	sampleB	10xv2	CD4+ T cell
CNA_10xv2_1	GCACTCACTGATTAAG	SNG	sampleB	10xv2	B cell
CNA_10xv2_1	TGGCCTGGAGCTTCGG	SNG	sampleB	10xv2	Natural killer cell
CNA_10xv2_1	GTGAAGCGAATCAGCT	SNG	sampleA	10xv2	CD14+ monocyte
CNA_10xv2_1	AGGCGATGATCGCAGC	SNG	sampleA	10xv2	CD14+ monocyte
CNA_10xv2_1	GGGCTGACTTTCTGAG	SNG	sampleA	10xv2	CD4+ T cell
CNA_10xv2_1	ACTTATCTGGAAATCA	SNG	sampleA	10xv2	CD4+ T cell
CNA_10xv2_1	ATAGATGGAAAGGCTG	SNG	sampleB	10xv2	CD4+ T cell
CNA_10xv2_1	CAACCCTACGCACCCA_GCCATTCACCTCATCC	SNG	sampleA	10xv2	B cell
CNA_10xv2_1	CGATCAAACAGGCATG	SNG	sampleA	10xv2	CD14+ monocyte
CNA_10xv2_1	TTGTGGTGACAGGGTA	SNG	sampleA	10xv2	CD4+ T cell
CNA_10xv2_1	GGATACTACACCGTGC	SNG	sampleB	10xv2	Cytotoxic T cell
CNA_10xv2_1	CGACCTTTGCTAACGT	SNG	sampleA	10xv2	B cell
CNA_10xv2_1	TGTACGATGGTTGTCA	SNG	sampleB	10xv2	Natural killer cell
CNA_10xv2_1	TGCGCCAGATGCCACG	SNG	sampleA	10xv2	CD4+ T cell
CNA_10xv2_1	ATGGGACGAGACAAAT	SNG	sampleA	10xv2	Natural killer cell
CNA_10xv2_1	CGCAATCCTGTTAGGG	SNG	sampleA	10xv2	CD4+ T cell
CNA_10xv2_1	CCACTCTGATGGCATT	SNG	sampleA	10xv2	B cell
CNA_10xv2_1	TGTCCCATGAATCCTG	SNG	sampleB	10xv2	Natural killer cell
CNA_10xv2_1	GGTCGTTCTTAGCGAG	SNG	sampleB	10xv2	B cell
CNA_10xv2_1	GCGGTTCGAAAATGCA	SNG	sampleA	10xv2	B cell
CNA_10xv2_1	AGGGCAAACCCAACGC	SNG	sampleB	10xv2	B cell
CNA_10xv2_1	ATCACGATGAGGACAC	SNG	sampleA	10xv2	Natural killer cell
CNA_10xv2_1	TCGACTCTGCGAGTGA	SNG	sampleB	10xv2	B cell
CNA_10xv2_1	ATCAATCCTAAATGCA	SNG	sampleB	10xv2	CD14+ monocyte
CNA_10xv2_1	TACCCGTTGTGGCATT	SNG	sampleA	10xv2	CD4+ T cell
CNA_10xv2_1	GCTGGAAGAACCATGT	SNG	sampleA	10xv2	Cytotoxic T cell
CNA_10xv2_1	GTCCTGACTCGAACAG	SNG	sampleB	10xv2	CD4+ T cell
CNA_10xv2_1	GTTTCCCGAGGCATTT	SNG	sampleB	10xv2	B cell
CNA_10xv2_1	CAGTGCTCTCATTCAG	SNG	sampleB	10xv2	Natural killer cell
CNA_10xv2_1	TATCAGCGAGCTCTTC	SNG	sampleA	10xv2	CD4+ T cell
CNA_10xv2_1	CTGTAACGATAATGCC	SNG	sampleA	10xv2	CD4+ T cell
CNA_10xv2_1	CGTGCCAGAGACTCGC	SNG	sampleB	10xv2	Cytotoxic T cell
CNA_10xv2_1	GGCTTGCGACATCCTC	SNG	sampleA	10xv2	CD4+ T cell
CNA_10xv2_1	CGAGGACCTAGGTGCA_CGTGCAGACCTGGAAG	SNG	sampleB	10xv2	B cell
CNA_10xv2_1	CCCTTGCCTTTGTTTC	SNG	sampleB	10xv2	CD4+ T cell
CNA_10xv2_1	GGGTGAAACCTGGAAG	SNG	sampleB	10xv2	B cell
CNA_10xv2_1	AATCACCGAGAAGGTC	SNG	sampleA	10xv2	CD14+ monocyte
CNA_10xv2_1	TGAGGGATGTGCGCCA	SNG	sampleA	10xv2	Natural killer cell
CNA_10xv2_1	GAAGTTCTGCAGATTC	SNG	sampleB	10xv2	CD4+ T cell
CNA_10xv2_1	TCGGTGCGACGTAACT	SNG	sampleB	10xv2	B cell
CNA_10xv2_1	TGTACTGGACTTCAAG	SNG	sampleB	10xv2	CD4+ T cell
CNA_10xv2_1	TCTAGACGAGAGTGAC	SNG	sampleB	10xv2	CD4+ T cell
CNA_10xv2_1	GTAATCGACCGGCTCA	SNG	sampleA	10xv2	B cell
CNA_10xv2_1	TCCGCGAGACATCCTC	SNG	sampleB	10xv2	B cell
CNA_10xv2_1	GAACCATACCTCGAGC	SNG	sampleB	10xv2	B cell
CNA_10xv2_1	AGCCAATTGTGCCACG	SNG	sampleA	10xv2	Natural killer cell
CNA_10xv2_1	TCAATCGGAAGCTTGT	SNG	sampleA	10xv2	B cell
CNA_10xv2_1	CTCTGGACTTGAACAA	SNG	sampleB	10xv2	CD4+ T cell
CNA_10xv2_1	CGTTGCACTCTGGGTC	SNG	sampleA	10xv2	Cytotoxic T cell
CNA_10xv2_1	ATCTTACTGTTTCTGT	SNG	sampleB	10xv2	Cytotoxic T cell
CNA_10xv2_1	AAATAGGTGACCGTGC	SNG	sampleA	10xv2	CD4+ T cell
CNA_10xv2_1	GTCTACAGAAGCTTGT	SNG	sampleB	10xv2	Cytotoxic T cell
CNA_10xv2_1	CACATATCTAAAGGTT	SNG	sampleA	10xv2	CD4+ T cell
CNA_10xv2_1	ACTCTAGGACCGGACT	SNG	sampleB	10xv2	CD4+ T cell
CNA_10xv2_1	CTCGGTTTGTTGCAGT	SNG	sampleA	10xv2	B cell
CNA_10xv2_1	GTGTGATACCTGCCAG	SNG	sampleB	10xv2	CD4+ T cell
CNA_10xv2_1	GCGATCCGAACAGGTG	SNG	sampleB	10xv2	B cell
CNA_10xv2_1	AAACGACCTATCCTTT	SNG	sampleB	10xv2	B cell
CNA_10xv2_1	CGCGATCGAGGACCTC	SNG	sampleB	10xv2	B cell
CNA_10xv2_1	ACACAGACTAAGTCTC	SNG	sampleA	10xv2	CD4+ T cell
CNA_10xv2_1	CGTTGCTTGCGTTATG	SNG	sampleA	10xv2	CD4+ T cell
CNA_10xv2_1	AGGTATAGACATGCTA	SNG	sampleA	10xv2	B cell
CNA_10xv2_1	TCGGACTCTACAGGCA	SNG	sampleB	10xv2	B cell
CNA_10xv2_1	TGTATTCACCATGCGC	SNG	sampleB	10xv2	B cell
CNA_10xv2_1	AATCTGCGATCTATCT	SNG	sampleB	10xv2	B cell
CNA_10xv2_1	CATTCAACTGGACAGT	SNG	sampleB	10xv2	B cell
CNA_10xv2_1	GTGCTCACTCGGTACC	SNG	sampleA	10xv2	CD4+ T cell
CNA_10xv2_1	GAGAGAAGACTGGAAG_TTCTTAGACCTTAGTG	SNG	sampleA	10xv2	CD4+ T cell
CNA_10xv2_1	TCACTATTGTCGTAGT	SNG	sampleB	10xv2	B cell
CNA_10xv2_1	CGACAGCACGTACGTT	SNG	sampleB	10xv2	CD4+ T cell
CNA_10xv2_1	GACTATTCTGGACCTC	SNG	sampleB	10xv2	Cytotoxic T cell
CNA_10xv2_1	CAATCGCCTGTTAGGG	SNG	sampleB	10xv2	B cell
CNA_10xv2_1	CAGTGGAGATCCAATG	SNG	sampleA	10xv2	CD4+ T cell
CNA_10xv2_1	CGTGCAGACAGCTTGT	SNG	sampleB	10xv2	CD4+ T cell
CNA_10xv2_1	TGTAAGCACCGACACC	SNG	sampleB	10xv2	CD4+ T cell
CNA_10xv2_1	ACAAAGAACATGTGGG	SNG	sampleA	10xv2	B cell
CNA_10xv2_1	AAAGGATACCGAAAGC	SNG	sampleA	10xv2	Natural killer cell
CNA_10xv2_1	ACGTAGGGACGAGTGA	SNG	sampleB	10xv2	B cell
CNA_10xv2_1	TTGCATTACTTGCGCG	SNG	sampleA	10xv2	CD4+ T cell
CNA_10xv2_1	CCGTTGTACAGCCATT	SNG	sampleA	10xv2	B cell
CNA_10xv2_1	AGTCACAACCGAAAGC	SNG	sampleA	10xv2	B cell
CNA_10xv2_1	CCCAGAGACAACGTTC	SNG	sampleA	10xv2	B cell
CNA_10xv2_1	GAGTTGTTGATTCTGG	SNG	sampleA	10xv2	B cell
CNA_10xv2_1	TGCACGGACATGGCCC	SNG	sampleB	10xv2	CD4+ T cell
CNA_10xv2_1	CTGTGCACTCATGCTA	SNG	sampleB	10xv2	CD4+ T cell
CNA_10xv2_1	ATCGAGTTGTGACTCA	SNG	sampleA	10xv2	Cytotoxic T cell
CNA_10xv2_1	TCACACAGACCAAGTT	SNG	sampleB	10xv2	CD4+ T cell
CNA_10xv2_1	CAAGGGATGATCGGTT	SNG	sampleA	10xv2	CD4+ T cell
CNA_10xv2_1	CGTGTCTACTGACTCA	SNG	sampleB	10xv2	Cytotoxic T cell
CNA_10xv2_1	TATTGCTTGGCCCTAG	SNG	sampleB	10xv2	Cytotoxic T cell
CNA_10xv2_1	GCGTTTAGAACTCGAT	SNG	sampleA	10xv2	Dendritic cell
CNA_10xv2_1	TCTTGGCACCTCACTC	SNG	sampleB	10xv2	Dendritic cell
CNA_10xv2_1	ACGGAATCTTTCGTTT	SNG	sampleB	10xv2	Dendritic cell
CNA_10xv2_1	AGAGACCGAGGGTTCC	SNG	sampleB	10xv2	Cytotoxic T cell
CNA_10xv2_1	CTTCCACGATTGACCA	SNG	sampleB	10xv2	Natural killer cell
CNA_10xv2_1	CCTAGCACTGAACGTG	SNG	sampleB	10xv2	B cell
CNA_10xv2_1	TTTCTGAACTCCCAGG	SNG	sampleB	10xv2	CD4+ T cell
CNA_10xv2_1	TAATAGGGACTCGATA	SNG	sampleB	10xv2	Cytotoxic T cell
CNA_10xv2_1	CCAGGCAACCTGGGTC	SNG	sampleB	10xv2	B cell
CNA_10xv2_1	CCGTTGTACAGCGCTC	SNG	sampleA	10xv2	CD4+ T cell
CNA_10xv2_1	GCTTCTGTGCGACAAG	SNG	sampleA	10xv2	CD4+ T cell
CNA_10xv2_1	TGGTTTGGACTCGATA	SNG	sampleA	10xv2	CD4+ T cell
CNA_10xv2_1	TAACGAAGAAAGGTGC	SNG	sampleA	10xv2	Cytotoxic T cell
CNA_10xv2_1	CCGCTATTGGATTAAG	SNG	sampleB	10xv2	CD4+ T cell
CNA_10xv2_1	CAACCCTACACCTGCG_CGAGTCTCTAGACAAT_TCTATGGGATGTTCCC	SNG	sampleA	10xv2	Cytotoxic T cell
CNA_10xv2_1	CGCACACGAGACCGAA	SNG	sampleB	10xv2	CD4+ T cell
CNA_10xv2_1	GTCCTGACTTAGCGAG	SNG	sampleA	10xv2	Cytotoxic T cell
CNA_10xv2_1	CCTTACTCTGTCGGTC	SNG	sampleB	10xv2	Cytotoxic T cell
CNA_10xv2_1	AAGCCATTGGTTGTCA	SNG	sampleB	10xv2	CD4+ T cell
CNA_10xv2_1	CTATGTTACTAGGTTC	SNG	sampleA	10xv2	CD4+ T cell
CNA_10xv2_1	TGTAAGCTGGGGACTA	SNG	sampleA	10xv2	CD4+ T cell
CNA_10xv2_1	AAACCGTACCCTGCGA	SNG	sampleB	10xv2	Natural killer cell
CNA_10xv2_1	CTGTTGCTGCGCACTG	SNG	sampleB	10xv2	Natural killer cell
CNA_10xv2_1	TCAATCGGAAATCCAC	SNG	sampleB	10xv2	B cell
CNA_10xv2_1	CCTTCTACTGAACAGC	SNG	sampleB	10xv2	Cytotoxic T cell
CNA_10xv2_1	ACTCCGTACATCTGTG	SNG	sampleB	10xv2	CD4+ T cell
CNA_10xv2_1	CCAACACCTTGAACAA	SNG	sampleB	10xv2	CD4+ T cell
CNA_10xv2_1	TTTACCAACGTCTGGC	SNG	sampleB	10xv2	CD4+ T cell
CNA_10xv2_1	TGCCATCTGCAACGCC	SNG	sampleB	10xv2	CD4+ T cell
CNA_10xv2_1	GATGCGCACACAACAA	SNG	sampleB	10xv2	CD14+ monocyte
CNA_10xv2_1	CAGATGACTTGAGCAG	SNG	sampleB	10xv2	CD4+ T cell
CNA_10xv2_1	TTCTATGACGGGTAGT	SNG	sampleB	10xv2	Cytotoxic T cell
CNA_10xv2_1	AGCGTATACAAGGCCA	SNG	sampleB	10xv2	Cytotoxic T cell
CNA_10xv2_1	CCTCCTGCTCGAGTGA	SNG	sampleB	10xv2	Cytotoxic T cell
CNA_10xv2_1	AGGGAGTTGAATCCTG	SNG	sampleB	10xv2	B cell
CNA_10xv2_1	CCTTTCTACATCAGCT	SNG	sampleB	10xv2	Cytotoxic T cell
CNA_10xv2_1	ACGGAACGACGGCACT	SNG	sampleB	10xv2	CD14+ monocyte
CNA_10xv2_1	ACGAACTTGCAGTCTA	SNG	sampleA	10xv2	CD16+ monocyte
CNA_10xv2_1	CCGAGACACAGCTGAG	SNG	sampleA	10xv2	Cytotoxic T cell
CNA_10xv2_1	CGTGCAGACGTTTACG	SNG	sampleB	10xv2	CD14+ monocyte
CNA_10xv2_1	CGAGTCTCTATGTCAC	SNG	sampleA	10xv2	CD16+ monocyte
CNA_10xv2_1	GTGCTCACTCTTGTGA	SNG	sampleB	10xv2	Cytotoxic T cell
CNA_10xv2_1	TACTGGAACGGTTGAG	SNG	sampleB	10xv2	CD4+ T cell
CNA_10xv2_1	AACACTGACTTCAGTG	SNG	sampleB	10xv2	CD14+ monocyte
CNA_10xv2_1	ATGCGCGTGTGCGTGC	SNG	sampleB	10xv2	Natural killer cell
CNA_10xv2_1	GCTTCCTGAACAGGTG	SNG	sampleA	10xv2	Cytotoxic T cell
CNA_10xv2_1	CGTGTCTACTCATGCA	SNG	sampleB	10xv2	Cytotoxic T cell
CNA_10xv2_1	GTATGAAGATGGCTGC	SNG	sampleA	10xv2	CD14+ monocyte
CNA_10xv2_1	CTACCTGTGACCGTTA	SNG	sampleB	10xv2	Cytotoxic T cell
CNA_10xv2_1	ACTTCATACAAGGCCA	SNG	sampleB	10xv2	Cytotoxic T cell
CNA_10xv2_1	TTGTGCGCTTGCTTGA	SNG	sampleA	10xv2	CD4+ T cell
CNA_10xv2_1	ATTAGCGTGGCTACGC	SNG	sampleA	10xv2	Cytotoxic T cell
CNA_10xv2_1	GGTTGTATGCAGGTGA	SNG	sampleB	10xv2	CD4+ T cell
CNA_10xv2_1	AGAGGGACTCGTTAGT	SNG	sampleB	10xv2	Cytotoxic T cell
CNA_10xv2_1	CTGGTGGTGCGATGGA	SNG	sampleB	10xv2	B cell
CNA_10xv2_1	TCCCAGACTGTCGGTC	SNG	sampleB	10xv2	CD4+ T cell
CNA_10xv2_1	CTCAATGGAGCTTTGA	SNG	sampleB	10xv2	Cytotoxic T cell
CNA_10xv2_1	GTAGATAGAAGAGGCT	SNG	sampleB	10xv2	Cytotoxic T cell
CNA_10xv2_1	TGGAGTTACCCACATA	SNG	sampleB	10xv2	CD4+ T cell
CNA_10xv2_1	AGCTTCCACTCCCAGG	SNG	sampleB	10xv2	CD4+ T cell
CNA_10xv2_1	CGCGTTGGAGTTTGGT	SNG	sampleB	10xv2	B cell
CNA_10xv2_1	TTGCATTACCTCTGGG	SNG	sampleA	10xv2	CD4+ T cell
CNA_10xv2_1	CAGGCCATGGCACGCT	SNG	sampleB	10xv2	CD14+ monocyte
CNA_10xv2_1	AAGAGAGGAAGGACCA	SNG	sampleB	10xv2	Dendritic cell
CNA_10xv2_1	GCGTAAACTTCGTCAA	SNG	sampleB	10xv2	Cytotoxic T cell
CNA_10xv2_1	GTAGAGCGATACGATC	SNG	sampleB	10xv2	CD4+ T cell
CNA_10xv2_1	CTAATCACTCCATGTA	SNG	sampleA	10xv2	Natural killer cell
CNA_10xv2_1	AAACACGCTCCGATTA_TGGCGTTCTGGTTTGT	SNG	sampleB	10xv2	Cytotoxic T cell
CNA_10xv2_1	AGCTTGTGAATCAGGG	SNG	sampleB	10xv2	Natural killer cell
CNA_10xv2_1	GACTATCGAAACGAAT	SNG	sampleB	10xv2	CD4+ T cell
CNA_10xv2_1	AACTGTGACCATGCAT	SNG	sampleA	10xv2	CD4+ T cell
CNA_10xv2_1	CAGGCCATGTCATGTG	SNG	sampleB	10xv2	CD4+ T cell
CNA_10xv2_1	GAGAGAAGATATTGCG	SNG	sampleB	10xv2	B cell
CNA_10xv2_1	CCCTGAACTCCATAAC	SNG	sampleB	10xv2	CD16+ monocyte
CNA_10xv2_1	TGTCCGTTGGGTAGAC	SNG	sampleB	10xv2	CD4+ T cell
CNA_10xv2_1	CTACGTGCTAAGTAAC	SNG	sampleB	10xv2	B cell
CNA_10xv2_1	CTCTGCAACGCAGGAT	SNG	sampleB	10xv2	CD4+ T cell
CNA_10xv2_1	CAAGCAACTCATGCGC	SNG	sampleA	10xv2	CD4+ T cell
CNA_10xv2_1	TACCACCACAGAGGCT	SNG	sampleB	10xv2	Cytotoxic T cell
CNA_10xv2_1	AACTACGACGCTGTTA	SNG	sampleB	10xv2	Cytotoxic T cell
CNA_10xv2_1	TCCGTGGGAGATTAAG	SNG	sampleA	10xv2	Cytotoxic T cell
CNA_10xv2_1	CTCTTTCTGCCTCAAA	SNG	sampleA	10xv2	CD4+ T cell
CNA_10xv2_1	GGAACTACTGAGTAAT	SNG	sampleB	10xv2	Cytotoxic T cell
CNA_10xv2_1	CTTGCGGGAGCCAGCT	SNG	sampleB	10xv2	CD4+ T cell
CNA_10xv2_1	GAAGCGCCTTGACCTA	SNG	sampleA	10xv2	CD14+ monocyte
CNA_10xv2_1	AACTCCCTGTTTGGGT	SNG	sampleA	10xv2	Cytotoxic T cell
CNA_10xv2_1	GCTATACGAATTCGGT	SNG	sampleB	10xv2	Cytotoxic T cell
CNA_10xv2_1	TCCGAGCGACAGCAAG	SNG	sampleB	10xv2	Cytotoxic T cell
CNA_10xv2_1	CTAATCTACGCACGCT	SNG	sampleB	10xv2	Cytotoxic T cell
CNA_10xv2_1	CTACAACGATCCAGCG	SNG	sampleA	10xv2	CD4+ T cell
CNA_10xv2_1	GTCAACTGAGCACCCA	SNG	sampleB	10xv2	Natural killer cell
CNA_10xv2_1	ACAAAGAACAAGTTAG	SNG	sampleB	10xv2	CD14+ monocyte
CNA_10xv2_1	ATACCACGAGCCCTGA	SNG	sampleB	10xv2	CD4+ T cell
CNA_10xv2_1	CTCTATATGCGAACAG	SNG	sampleB	10xv2	CD4+ T cell
CNA_10xv2_1	TGAGGGATGTACGATC	SNG	sampleA	10xv2	CD4+ T cell
CNA_10xv2_1	TATCAGCGAGAAACAT	SNG	sampleB	10xv2	Cytotoxic T cell
CNA_10xv2_1	TACCAGTGAACCAAGG	SNG	sampleB	10xv2	CD14+ monocyte
CNA_10xv2_1	CCGTACGGACGAACGA	SNG	sampleA	10xv2	CD14+ monocyte
CNA_10xv2_1	GCGACAAGACAATAGA	SNG	sampleB	10xv2	Natural killer cell
CNA_10xv2_1	TTCTAGACTTGCACCG	SNG	sampleA	10xv2	CD4+ T cell
CNA_10xv2_1	AGTCCCACTTGAGTAA	SNG	sampleB	10xv2	CD14+ monocyte
CNA_10xv2_1	ATAGATGGACGCAAAG	SNG	sampleB	10xv2	CD4+ T cell
CNA_10xv2_1	GTGAAGGACGCAGGAT	SNG	sampleA	10xv2	CD14+ monocyte
CNA_10xv2_1	CCTACGTACAGTAGGC	SNG	sampleA	10xv2	Natural killer cell
CNA_10xv2_1	TCTACGCACGAGTAAT	SNG	sampleB	10xv2	CD4+ T cell
CNA_10xv2_1	CACGAATTGACCGTGC	SNG	sampleB	10xv2	CD14+ monocyte
CNA_10xv2_1	CATTCCCGAATCCGTA	SNG	sampleB	10xv2	Cytotoxic T cell
CNA_10xv2_1	CCACAACCTCGATTAC	SNG	sampleA	10xv2	Cytotoxic T cell
CNA_10xv2_1	ACCGGCTGACTGCCAG	SNG	sampleA	10xv2	Natural killer cell
CNA_10xv2_1	CCGTTAAGAGCCGTTG	SNG	sampleA	10xv2	CD4+ T cell
CNA_10xv2_1	ATGGGACGACTGCGGT	SNG	sampleB	10xv2	Cytotoxic T cell
CNA_10xv2_1	AGGTATAGATACGTTG	SNG	sampleB	10xv2	CD16+ monocyte
CNA_10xv2_1	AGTGCATTGCGCAAAG	SNG	sampleA	10xv2	CD4+ T cell
CNA_10xv2_1	CATAGTCGAGTACACT	SNG	sampleA	10xv2	Natural killer cell
CNA_10xv2_1	TGTTCCTCTTGCTGGC	SNG	sampleA	10xv2	CD4+ T cell
CNA_10xv2_1	CCCGAGTGAAGGTGCA	SNG	sampleB	10xv2	B cell
CNA_10xv2_1	TATAGCCGATTAGCTG	SNG	sampleA	10xv2	CD4+ T cell
CNA_10xv2_1	TGCAATGACTGGTGAG	SNG	sampleA	10xv2	Cytotoxic T cell
CNA_10xv2_1	GGACGCTTGCCGATTA	SNG	sampleB	10xv2	Dendritic cell
CNA_10xv2_1	GTGTAACTGTAGGAGC	SNG	sampleB	10xv2	Cytotoxic T cell
CNA_10xv2_1	CCTTACTCTAGTCTGT	SNG	sampleA	10xv2	CD4+ T cell
CNA_10xv2_1	TAAACGCACGAGTAAT	SNG	sampleB	10xv2	Cytotoxic T cell
CNA_10xv2_1	TGAGAATGAACAGGCA	SNG	sampleA	10xv2	CD4+ T cell
CNA_10xv2_1	TAGTACCGACTGAGAG	SNG	sampleB	10xv2	Cytotoxic T cell
CNA_10xv2_1	CTTAATCTGAGCTTGT	SNG	sampleB	10xv2	CD4+ T cell
CNA_10xv2_1	TACGCCTTGTAGCAGG	SNG	sampleA	10xv2	CD14+ monocyte
CNA_10xv2_1	AAGCGCCACGAAGTTA	SNG	sampleA	10xv2	Natural killer cell
CNA_10xv2_1	CATCTGAGAAGTCTGT	SNG	sampleA	10xv2	CD4+ T cell
CNA_10xv2_1	ACAGACTACGCCGTTG	SNG	sampleA	10xv2	CD14+ monocyte
CNA_10xv2_1	TAGCGTAACTACGATC	SNG	sampleA	10xv2	B cell
CNA_10xv2_1	CAAAGACCTCTGAGAG	SNG	sampleA	10xv2	Natural killer cell
CNA_10xv2_1	TGTACCCTGTTTGTCT	SNG	sampleA	10xv2	CD14+ monocyte
CNA_10xv2_1	CGTGGAAGACGAGTTT	SNG	sampleB	10xv2	CD4+ T cell
CNA_10xv2_1	ATGACAAGAATCCTCC	SNG	sampleA	10xv2	CD4+ T cell
CNA_10xv2_1	ACGCCACGAAGTCGGA	SNG	sampleB	10xv2	Natural killer cell
CNA_10xv2_1	AGCTCTGCTTACAGAA	SNG	sampleA	10xv2	CD4+ T cell
CNA_10xv2_1	CACCGTTACGTCAATC	SNG	sampleA	10xv2	Natural killer cell
CNA_10xv2_1	TACCTGCTGGCTTCGG	SNG	sampleB	10xv2	CD14+ monocyte
CNA_10xv2_1	TGACCCTACCCTGTGG	SNG	sampleB	10xv2	CD4+ T cell
CNA_10xv2_1	TAGCTGATGCAATAGA	SNG	sampleA	10xv2	Cytotoxic T cell
CNA_10xv2_1	GTTAATCCTTTGACCA	SNG	sampleB	10xv2	Natural killer cell
CNA_10xv2_1	TTACGGATGAGTACGG	SNG	sampleB	10xv2	B cell
CNA_10xv2_1	TTGGCGTCTCTGTACA	SNG	sampleB	10xv2	CD16+ monocyte
CNA_10xv2_1	CGACAGCACGACATAA	SNG	sampleA	10xv2	CD4+ T cell
CNA_10xv2_1	TAGGGACGAGTTAGTC	SNG	sampleB	10xv2	Natural killer cell
CNA_10xv2_1	GGATTTGACCTGGGTC	SNG	sampleA	10xv2	CD4+ T cell
CNA_10xv2_1	ACGAGGATGCGAACAG	SNG	sampleB	10xv2	Natural killer cell
CNA_10xv2_1	GTAATCGTGTTTGGGT	SNG	sampleB	10xv2	Cytotoxic T cell
CNA_10xv2_1	TCTATGGGAGTCTTGA	SNG	sampleB	10xv2	Natural killer cell
CNA_10xv2_1	AAAGGGAGAAAGGCTG	SNG	sampleA	10xv2	CD4+ T cell
CNA_10xv2_1	CCTAACGCTAGGACAC	SNG	sampleA	10xv2	Natural killer cell
CNA_10xv2_1	CCTTCCAGATCTGGGC	SNG	sampleA	10xv2	CD16+ monocyte
CNA_10xv2_1	TCTTTAGACGACATAA	SNG	sampleB	10xv2	CD14+ monocyte
CNA_10xv2_1	GTCGAAGGAGAGAGGG	SNG	sampleB	10xv2	B cell
CNA_10xv2_1	TGGGCCATGGTTGGTT	SNG	sampleB	10xv2	Cytotoxic T cell
CNA_10xv2_1	CCTTCTACTCCTGTGG	SNG	sampleA	10xv2	Natural killer cell
CNA_10xv2_1	CAGTGGAGAGACACCC	SNG	sampleA	10xv2	CD4+ T cell
CNA_10xv2_1	CCCACCTCTCAGGGAT	SNG	sampleB	10xv2	Cytotoxic T cell
CNA_10xv2_1	ATTGCTACTCTGGAAG	SNG	sampleB	10xv2	CD16+ monocyte
CNA_10xv2_1	AACCCTCACCAGGGAT	SNG	sampleA	10xv2	CD4+ T cell
CNA_10xv2_1	TATGGGTACTCGTAGT	SNG	sampleA	10xv2	Cytotoxic T cell
CNA_10xv2_1	TGATAGAGAACAACAA	SNG	sampleB	10xv2	Cytotoxic T cell
CNA_10xv2_1	TGGAGTTACACGAGCA	SNG	sampleB	10xv2	CD14+ monocyte
CNA_10xv2_1	GACCCATCTCACCTAA	SNG	sampleB	10xv2	Cytotoxic T cell
CNA_10xv2_1	CTGGGACACCCAAGTT	SNG	sampleB	10xv2	CD4+ T cell
CNA_10xv2_1	ATAAGACGACAGCTGC	SNG	sampleB	10xv2	Natural killer cell
CNA_10xv2_1	AGGTGATCTTATGACC	SNG	sampleB	10xv2	Natural killer cell
CNA_10xv2_1	CAGTCCGGACGATGGA	SNG	sampleA	10xv2	CD4+ T cell
CNA_10xv2_1	TCCTTAATGGATCATC	SNG	sampleA	10xv2	CD4+ T cell
CNA_10xv2_1	CTCAGCACTCGGCTCA	SNG	sampleA	10xv2	CD4+ T cell
CNA_10xv2_1	AACCGGCACTACAGCT	SNG	sampleA	10xv2	CD4+ T cell
CNA_10xv2_1	GGGCCTTGAATCAGGG	SNG	sampleA	10xv2	Natural killer cell
CNA_10xv2_1	TACAACCGAGATCATC	SNG	sampleA	10xv2	CD4+ T cell
CNA_10xv2_1	GAAGTAATGGTTCTCC	SNG	sampleA	10xv2	Natural killer cell
CNA_10xv2_1	GGGAGCTCTCGACACC	SNG	sampleA	10xv2	Cytotoxic T cell
CNA_10xv2_1	GGACACCTGGACCGAA	SNG	sampleB	10xv2	Cytotoxic T cell
CNA_10xv2_1	GTAAAGCCTTACACTG	SNG	sampleB	10xv2	CD16+ monocyte
CNA_10xv2_1	ACCTATGGAATAGCAA	SNG	sampleA	10xv2	CD4+ T cell
CNA_10xv2_1	ATTGTGCGACCACATA	SNG	sampleB	10xv2	CD4+ T cell
CNA_10xv2_1	TGTGTTACTCCCGAGT	SNG	sampleB	10xv2	Natural killer cell
CNA_10xv2_1	CTCACGACTTTGTTTC	SNG	sampleA	10xv2	CD14+ monocyte
CNA_10xv2_1	CTCTCTTTGACGCCAC	SNG	sampleB	10xv2	Cytotoxic T cell
CNA_10xv2_1	CATTGCGCTATCGGTT	SNG	sampleA	10xv2	Natural killer cell
CNA_10xv2_1	ATCACGATGGCTCCTT	SNG	sampleB	10xv2	CD4+ T cell
CNA_10xv2_1	TCTTGGCACTGCCACG	SNG	sampleA	10xv2	Natural killer cell
CNA_10xv2_1	ATCATCTACGCTACGC	SNG	sampleB	10xv2	CD16+ monocyte
CNA_10xv2_1	CGGACGTTGTCGTACA	SNG	sampleB	10xv2	Cytotoxic T cell
CNA_10xv2_1	TCGCGGAACCGCACTG	SNG	sampleB	10xv2	CD4+ T cell
CNA_10xv2_1	GGGCCTTGAGGACCTC	SNG	sampleB	10xv2	CD16+ monocyte
CNA_10xv2_1	GGGTCGACTACCAAGG	SNG	sampleB	10xv2	CD16+ monocyte
CNA_10xv2_1	GATGGTTACAAACATG	SNG	sampleB	10xv2	B cell
CNA_10xv2_1	TTCTTAGACTTGCAGT	SNG	sampleA	10xv2	CD14+ monocyte
CNA_10xv2_1	TGCGCATCTAACGCAG	SNG	sampleB	10xv2	CD16+ monocyte
CNA_10xv2_1	TCAGCCGGACTCACGG	SNG	sampleA	10xv2	CD4+ T cell
CNA_10xv2_1	TGTTACTACAATAGCA	SNG	sampleA	10xv2	Cytotoxic T cell
CNA_10xv2_1	CTATTGGGACTTTGTT	SNG	sampleA	10xv2	CD4+ T cell
CNA_10xv2_1	CAGTGATTGTGAAAGT	SNG	sampleB	10xv2	Cytotoxic T cell
CNA_10xv2_1	TCGTATACTGGAATGC	SNG	sampleA	10xv2	CD4+ T cell
CNA_10xv2_1	CCGTTACTGTTCGGGC	SNG	sampleB	10xv2	CD16+ monocyte
CNA_10xv2_1	TCTACTCCTACGCCAC	SNG	sampleB	10xv2	CD14+ monocyte
CNA_10xv2_1	GGACACCTGACAGGCA	SNG	sampleB	10xv2	Cytotoxic T cell
CNA_10xv2_1	GTGAAGCGAGCACCCA	SNG	sampleA	10xv2	Cytotoxic T cell
CNA_10xv2_1	AGGTCGCACTCTTTGT	SNG	sampleB	10xv2	CD4+ T cell
CNA_10xv2_1	TGGAAGTCTCGTACAT	SNG	sampleB	10xv2	Cytotoxic T cell
CNA_10xv2_1	GATGAATGAGACTGTT	SNG	sampleA	10xv2	Cytotoxic T cell
CNA_10xv2_1	TAGGCCTCTCGAACAG	SNG	sampleA	10xv2	CD4+ T cell
CNA_10xv2_1	GTAGGCGCTGGCCAAA_TGTTGTACTGGCAGTA	SNG	sampleA	10xv2	CD4+ T cell
CNA_10xv2_1	AAGACGGTGTGGTCCG	SNG	sampleA	10xv2	CD14+ monocyte
CNA_10xv2_1	CGATATGTGGCTCTTC	SNG	sampleA	10xv2	CD14+ monocyte
CNA_10xv2_1	CACGATTGAAAGCTAA	SNG	sampleB	10xv2	B cell
CNA_10xv2_1	TAGACCTGAGCACGCT	SNG	sampleA	10xv2	Natural killer cell
CNA_10xv2_1	GGTCTAAACAGACAAT	SNG	sampleB	10xv2	CD14+ monocyte
CNA_10xv2_1	ACCTCACACTGGCTGC	SNG	sampleB	10xv2	CD4+ T cell
CNA_10xv2_1	GGCACACACAAGTCTC	SNG	sampleB	10xv2	CD14+ monocyte
CNA_10xv2_1	ATAGGAAACGTCCCAG	SNG	sampleB	10xv2	CD16+ monocyte
CNA_10xv2_1	GACCTATGAAAGGCCA	SNG	sampleA	10xv2	Natural killer cell
CNA_10xv2_1	GCGGCAACTAAGTTCC	SNG	sampleA	10xv2	CD14+ monocyte
CNA_10xv2_1	ATCTGCCTGGTACGTT	SNG	sampleB	10xv2	CD4+ T cell
CNA_10xv2_1	TCTACTAACGACAAAT	SNG	sampleA	10xv2	Natural killer cell
CNA_10xv2_1	TGCAGTATGGCGCAAA	SNG	sampleA	10xv2	Cytotoxic T cell
CNA_10xv2_1	TGAGTAAGAACCTGCG	SNG	sampleA	10xv2	CD14+ monocyte
CNA_10xv2_1	GTCTAATCTATAGGTA	SNG	sampleA	10xv2	Cytotoxic T cell
CNA_10xv2_1	AAGGGCATGCTGGCAC	SNG	sampleB	10xv2	Cytotoxic T cell
CNA_10xv2_1	CGCTGAGTGATTCGGT	SNG	sampleA	10xv2	B cell
CNA_10xv2_1	TGCGACGACGAAATCA	SNG	sampleB	10xv2	CD4+ T cell
CNA_10xv2_1	AGTCGAACTTTGACAC	SNG	sampleB	10xv2	CD4+ T cell
CNA_10xv2_1	CCCACCTCTTGACTCA	SNG	sampleA	10xv2	Natural killer cell
CNA_10xv2_1	GACTCCTTGCTCATCC	SNG	sampleB	10xv2	B cell
CNA_10xv2_1	CTTAGAGACTTCCATT	SNG	sampleA	10xv2	CD14+ monocyte
CNA_10xv2_1	TGACTCAGAAATAGCA	SNG	sampleA	10xv2	CD4+ T cell
CNA_10xv2_1	TTAGTCTTGTGAGTAA	SNG	sampleA	10xv2	Natural killer cell
CNA_10xv2_1	GCTTCTGTGCTTAAGC	SNG	sampleB	10xv2	B cell
CNA_10xv2_1	GAAAGTCCTTCGTAGT	SNG	sampleB	10xv2	Natural killer cell
CNA_10xv2_1	GCTTCTCGATCTTTGT	SNG	sampleA	10xv2	CD14+ monocyte
CNA_10xv2_1	GGCGACACTGATCATC	SNG	sampleB	10xv2	Cytotoxic T cell
CNA_10xv2_1	CCGATTCACCGATGGA	SNG	sampleB	10xv2	CD4+ T cell
CNA_10xv2_1	AAGGCTTACAGCTTTG	SNG	sampleA	10xv2	CD14+ monocyte
CNA_10xv2_1	CTACTTTGACGATGGA	SNG	sampleB	10xv2	Natural killer cell
CNA_10xv2_1	GGTGTAACTATGTCCA	SNG	sampleB	10xv2	Cytotoxic T cell
CNA_10xv2_1	ACAAGACCTGGAATGC	SNG	sampleA	10xv2	CD4+ T cell
CNA_10xv2_1	GTAATCGACCTGCCAG	SNG	sampleA	10xv2	CD4+ T cell
CNA_10xv2_1	ATAGGCGGACATGATC	SNG	sampleA	10xv2	CD4+ T cell
CNA_10xv2_1	AGGGCAAACACTAGTC	SNG	sampleB	10xv2	CD16+ monocyte
CNA_10xv2_1	CCGTACGGAATCCTCC	SNG	sampleA	10xv2	CD4+ T cell
CNA_10xv2_1	AGGTATAGAAGTGGTG	SNG	sampleB	10xv2	Cytotoxic T cell
CNA_10xv2_1	AGAATCCACGAAATCA	SNG	sampleA	10xv2	Cytotoxic T cell
CNA_10xv2_1	GAGAGGTTGATCCGTA	SNG	sampleA	10xv2	CD14+ monocyte
CNA_10xv2_1	CAACCCTACCCTCGTT	SNG	sampleA	10xv2	CD4+ T cell
CNA_10xv2_1	CATCTGAGAAGTACGG	SNG	sampleB	10xv2	CD14+ monocyte
CNA_10xv2_1	TTATCGACTCGACAAG	SNG	sampleB	10xv2	CD16+ monocyte
CNA_10xv2_1	CGCGTTGGAGCATGAG	SNG	sampleA	10xv2	CD14+ monocyte
CNA_10xv2_1	CCGCTATTGTGTTGTG	SNG	sampleA	10xv2	CD14+ monocyte
CNA_10xv2_1	ATGATAGGATCTGGAT	SNG	sampleA	10xv2	Natural killer cell
CNA_10xv2_1	GAAGGCATGCGAAAGC	SNG	sampleB	10xv2	CD4+ T cell
CNA_10xv2_1	GGACCACTGAAGTTCC	SNG	sampleB	10xv2	Cytotoxic T cell
CNA_10xv2_1	GTCCTACACCCACAAT	SNG	sampleA	10xv2	CD4+ T cell
CNA_10xv2_1	ACGACGCTGAAACATG	SNG	sampleA	10xv2	CD14+ monocyte
CNA_10xv2_1	GCTTCGGGACCTGCGA	SNG	sampleB	10xv2	Cytotoxic T cell
CNA_10xv2_1	GGTTGAACTGCCCAAC	SNG	sampleB	10xv2	CD16+ monocyte
CNA_10xv2_1	GTCACAATGCCACAAT	SNG	sampleB	10xv2	CD4+ T cell
CNA_10xv2_1	AATTACCCTCTCGATA	SNG	sampleA	10xv2	CD14+ monocyte
CNA_10xv2_1	CGTGTCTACGCTCCTT	SNG	sampleA	10xv2	Cytotoxic T cell
CNA_10xv2_1	AGTTTCTTGGTTGACT	SNG	sampleB	10xv2	CD4+ T cell
CNA_10xv2_1	CCTAAGAACGAATCTC	SNG	sampleB	10xv2	B cell
CNA_10xv2_1	GCCGACAACTGAGCAG	SNG	sampleB	10xv2	Cytotoxic T cell
CNA_10xv2_1	CCGTTCTGAAAAGCTA	SNG	sampleA	10xv2	CD4+ T cell
CNA_10xv2_1	ATCGCAAACCTTTAGG	SNG	sampleA	10xv2	Natural killer cell
CNA_10xv2_1	GGCACTGACGGCCATC	SNG	sampleA	10xv2	CD4+ T cell
CNA_10xv2_1	TAACGTTCTCATGCTA	SNG	sampleA	10xv2	B cell
CNA_10xv2_1	AAGCCATTGGGACAGT	SNG	sampleB	10xv2	CD14+ monocyte
CNA_10xv2_1	CTCTGACTGCGAATCT	SNG	sampleA	10xv2	Natural killer cell
CNA_10xv2_1	CCTTTCTACATCCTAG	SNG	sampleB	10xv2	CD14+ monocyte
CNA_10xv2_1	AATTACCCTCCACTTC	SNG	sampleB	10xv2	Natural killer cell
CNA_10xv2_1	TCTAGACGAGAAATCA	SNG	sampleA	10xv2	Natural killer cell
CNA_10xv2_1	CTACGTGCTCACAGTT	SNG	sampleB	10xv2	Cytotoxic T cell
CNA_10xv2_1	GGCACTGACCGGTTTA	SNG	sampleA	10xv2	CD4+ T cell
CNA_10xv2_1	CCTCACATGATTGGTC	SNG	sampleA	10xv2	Cytotoxic T cell
CNA_10xv2_1	GAAGTGTCTGCGCAAA	SNG	sampleB	10xv2	CD14+ monocyte
CNA_10xv2_1	TCTCAGAGAAAAGCTA	SNG	sampleB	10xv2	Cytotoxic T cell
CNA_10xv2_1	TGGTTAGACCGCAAAG	SNG	sampleB	10xv2	B cell
CNA_10xv2_1	GCTGGACACAGACAAT	SNG	sampleA	10xv2	B cell
CNA_10xv2_1	GCTATACGAGCAGTTT	SNG	sampleB	10xv2	Cytotoxic T cell
CNA_10xv2_1	TATGCTTTGCGATTAC	SNG	sampleA	10xv2	CD4+ T cell
CNA_10xv2_1	TGCCACTTGTGCTGTA	SNG	sampleB	10xv2	Cytotoxic T cell
CNA_10xv2_1	ACTCGCTACAAGTTCC	SNG	sampleB	10xv2	Cytotoxic T cell
CNA_10xv2_1	CCTGAGGACAGTCTGT	SNG	sampleA	10xv2	CD14+ monocyte
CNA_10xv2_1	GCAGTCGACGCCCTAG	SNG	sampleB	10xv2	Cytotoxic T cell
CNA_10xv2_1	CATTGCGCTCGTAACT	SNG	sampleB	10xv2	CD4+ T cell
CNA_10xv2_1	CTTCCTTTGCATGCAT	SNG	sampleA	10xv2	CD14+ monocyte
CNA_10xv2_1	CTGGGACACACACAAA	SNG	sampleA	10xv2	CD14+ monocyte
CNA_10xv2_1	TCACTATTGAAGTCTC	SNG	sampleB	10xv2	Dendritic cell
CNA_10xv2_1	GGACGAATGGAGTAAT	SNG	sampleA	10xv2	CD16+ monocyte
CNA_10xv2_1	GGCGTACACATTCGGT	SNG	sampleB	10xv2	Cytotoxic T cell
CNA_10xv2_1	GTTGCTAGAATAACCC	SNG	sampleA	10xv2	Natural killer cell
CNA_10xv2_1	ACCGGCTGAGTTAGAA	SNG	sampleA	10xv2	CD4+ T cell
CNA_10xv2_1	GCACGACACTCATTGG	SNG	sampleB	10xv2	CD16+ monocyte
CNA_10xv2_1	GCTTCGGGACAGCAAG	SNG	sampleB	10xv2	Natural killer cell
CNA_10xv2_1	CTGCCATTGGCTCCTT	SNG	sampleA	10xv2	CD14+ monocyte
CNA_10xv2_1	ATAACCGTGCATAGCT	SNG	sampleB	10xv2	Cytotoxic T cell
CNA_10xv2_1	CCAGGACTGTCCCGTT	SNG	sampleB	10xv2	CD14+ monocyte
CNA_10xv2_1	TATCTCCCTGACTCGC	SNG	sampleB	10xv2	Cytotoxic T cell
CNA_10xv2_1	GTAATCGACACAACAA	SNG	sampleB	10xv2	CD14+ monocyte
CNA_10xv2_1	GATACGACTTGAGGCA	SNG	sampleB	10xv2	CD14+ monocyte
CNA_10xv2_1	CTTATGTTGTGGTCCG	SNG	sampleB	10xv2	CD4+ T cell
CNA_10xv2_1	CAACTGAACATGGCCC	SNG	sampleA	10xv2	B cell
CNA_10xv2_1	TGAAAGAACTTGGGAG	SNG	sampleB	10xv2	Cytotoxic T cell
CNA_10xv2_1	AGTCGAACTTTGCGCG	SNG	sampleB	10xv2	CD4+ T cell
CNA_10xv2_1	TGAGCTAACTCGTCAA	SNG	sampleB	10xv2	CD4+ T cell
CNA_10xv2_1	GTCGGCTGAAGCAGGT	SNG	sampleA	10xv2	CD4+ T cell
CNA_10xv2_1	TAGGCCTCTCTCCTAC	SNG	sampleA	10xv2	CD14+ monocyte
CNA_10xv2_1	ATCGGGCACCTGGAAG	SNG	sampleB	10xv2	Cytotoxic T cell
CNA_10xv2_1	ATTACTCACGAGCCTC	SNG	sampleA	10xv2	CD4+ T cell
CNA_10xv2_1	AGTGGTACTACCAGTT	SNG	sampleA	10xv2	Cytotoxic T cell
CNA_10xv2_1	CGGTCGATGGGCAGTA	SNG	sampleA	10xv2	CD14+ monocyte
CNA_10xv2_1	CAAGTGGGAACCTGCG	SNG	sampleA	10xv2	Natural killer cell
CNA_10xv2_1	ATCTGTACTCCAACGC	SNG	sampleB	10xv2	CD4+ T cell
CNA_10xv2_1	CTAGTGCCTCATTCAG	SNG	sampleA	10xv2	Natural killer cell
CNA_10xv2_1	CCATTGCTGAACGCAG	SNG	sampleA	10xv2	CD4+ T cell
CNA_10xv2_1	GTTCCTGTGGCGAGTA	SNG	sampleB	10xv2	CD14+ monocyte
CNA_10xv2_1	AAAGATCGAGCCCTGA	SNG	sampleB	10xv2	CD4+ T cell
CNA_10xv2_1	GATACGACTAACGTGG	SNG	sampleB	10xv2	B cell
CNA_10xv2_1	TTGTTTGTGTAGCGAG	SNG	sampleA	10xv2	CD4+ T cell
CNA_10xv2_1	TGGCATCCTAAGTCTC	SNG	sampleB	10xv2	CD4+ T cell
CNA_10xv2_1	CCTACGTTGAGGCGTA	SNG	sampleA	10xv2	Natural killer cell
CNA_10xv2_1	TTCCTAAACAACGTAA	SNG	sampleA	10xv2	CD4+ T cell
CNA_10xv2_1	ACCTACCTGGCAGGAT	SNG	sampleA	10xv2	CD4+ T cell
CNA_10xv2_1	ATATTCGCTATGGCCC	SNG	sampleB	10xv2	B cell
CNA_10xv2_1	CGTCGTTTGACAGGCA	SNG	sampleB	10xv2	CD4+ T cell
CNA_10xv2_1	ATCGTTTACAGCCCTG	SNG	sampleB	10xv2	CD14+ monocyte
CNA_10xv2_1	CCTTCAGTGAAATCGA	SNG	sampleB	10xv2	CD4+ T cell
CNA_10xv2_1	GCCGTTTACCCGATTA	SNG	sampleA	10xv2	CD14+ monocyte
CNA_10xv2_1	TTTACCAACGCTCTTC	SNG	sampleA	10xv2	Dendritic cell
CNA_10xv2_1	CTTCCACGATAGCGAG	SNG	sampleB	10xv2	CD14+ monocyte
CNA_10xv2_1	ACTCGGGACATGTCCA	SNG	sampleA	10xv2	CD14+ monocyte
CNA_10xv2_1	GCAGACCTGCAAGTTC	SNG	sampleB	10xv2	Cytotoxic T cell
CNA_10xv2_1	GACCGTGTGCCTGTGG_TGCGTCTACCCGCAGT	SNG	sampleA	10xv2	CD4+ T cell
CNA_10xv2_1	AAACCGTACTACACTG	SNG	sampleA	10xv2	CD14+ monocyte
CNA_10xv2_1	TTGCTAACTGGTTTGT	SNG	sampleA	10xv2	Cytotoxic T cell
CNA_10xv2_1	CTGCACGGACTCCTAC	SNG	sampleB	10xv2	B cell
CNA_10xv2_1	ACTGCTAGACGAACGA	SNG	sampleA	10xv2	Natural killer cell
CNA_10xv2_1	GCCGTTTACTTCGGGC	SNG	sampleA	10xv2	CD14+ monocyte
CNA_10xv2_1	ACGTTCAGAGTGGTGA	SNG	sampleB	10xv2	B cell
CNA_10xv2_1	AACACTGACATTCTGG	SNG	sampleA	10xv2	Cytotoxic T cell
CNA_10xv2_1	GTGGCAGCTCCAGCAC	SNG	sampleA	10xv2	CD4+ T cell
CNA_10xv2_1	AACATCCGAGGACCAA	SNG	sampleB	10xv2	CD4+ T cell
CNA_10xv2_1	ATCGGCGTGCCAGAGA	SNG	sampleA	10xv2	B cell
CNA_10xv2_1	TCAGTCCTGGCTAGAG	SNG	sampleB	10xv2	CD14+ monocyte
CNA_10xv2_1	TTATGGTCTAGTGAGC	SNG	sampleB	10xv2	CD4+ T cell
CNA_10xv2_1	CACTCTTCTGTACTAC	SNG	sampleB	10xv2	Cytotoxic T cell
CNA_10xv2_1	CCCTCCTTGGGTATGG	SNG	sampleA	10xv2	CD14+ monocyte
CNA_10xv2_1	TTGGTCCACGTACACT	SNG	sampleB	10xv2	CD4+ T cell
CNA_10xv2_1	GGGTGAAACTAGGTTC	SNG	sampleB	10xv2	CD4+ T cell
CNA_10xv2_1	ACTACCCACTTAGAAG	SNG	sampleB	10xv2	Cytotoxic T cell
CNA_10xv2_1	GTCGTGGTGGAAGGCT	SNG	sampleA	10xv2	Cytotoxic T cell
CNA_10xv2_1	TTCGCACTGGTCCCGA	SNG	sampleA	10xv2	B cell
CNA_10xv2_1	CCAACGGTGGCTCTTC	SNG	sampleA	10xv2	Natural killer cell
CNA_10xv2_1	CTAGAGACTGGTTGAG	SNG	sampleB	10xv2	B cell
CNA_10xv2_1	CTGCCATTGAGGGAGG	SNG	sampleA	10xv2	CD4+ T cell
CNA_10xv2_1	CGAACATACACCGTTA	SNG	sampleB	10xv2	CD4+ T cell
CNA_10xv2_1	GGTACGCTGCTGGCAC	SNG	sampleB	10xv2	Dendritic cell
CNA_10xv2_1	TTCTAGTACCTATCTT	SNG	sampleA	10xv2	CD14+ monocyte
CNA_10xv2_1	AATCTGCGAAGCCATT	SNG	sampleA	10xv2	CD14+ monocyte
CNA_10xv2_1	TACCCGGGACGCCACA	SNG	sampleB	10xv2	Cytotoxic T cell
CNA_10xv2_1	GTTATGCGATACCAAC	SNG	sampleB	10xv2	CD16+ monocyte
CNA_10xv2_1	GGGAAAGCTGGCCATC	SNG	sampleA	10xv2	CD4+ T cell
CNA_10xv2_1	GGTATTTCTGCTACGC	SNG	sampleA	10xv2	Natural killer cell
CNA_10xv2_1	CATAGCATGCCACAAT	SNG	sampleA	10xv2	CD14+ monocyte
CNA_10xv2_1	TATAGCCGAATCAGGG	SNG	sampleA	10xv2	CD4+ T cell
CNA_10xv2_1	CTCTATATGAATCCTG	SNG	sampleB	10xv2	CD4+ T cell
CNA_10xv2_1	AGAGAATACGTCCCGA	SNG	sampleB	10xv2	Cytotoxic T cell
CNA_10xv2_1	AGGAATTGAGTTTACG	SNG	sampleB	10xv2	Cytotoxic T cell
CNA_10xv2_1	CTATGTTACGCGCAAA	SNG	sampleB	10xv2	Cytotoxic T cell
CNA_10xv2_1	AAGAAACACTTACGAC	SNG	sampleB	10xv2	Dendritic cell
CNA_10xv2_1	CCAACTCACACCATGT	SNG	sampleA	10xv2	Cytotoxic T cell
CNA_10xv2_1	GTCACCTACGTTAGGG	SNG	sampleB	10xv2	Cytotoxic T cell
CNA_10xv2_1	CTCTGCAACGCTTTGA	SNG	sampleB	10xv2	CD14+ monocyte
CNA_10xv2_1	GGGTATGGACACAGTT	SNG	sampleB	10xv2	Cytotoxic T cell
CNA_10xv2_1	TTTCGCTCTTTCGTTT	SNG	sampleB	10xv2	CD16+ monocyte
CNA_10xv2_1	GGCTTGCGATTCGCAA	SNG	sampleB	10xv2	CD4+ T cell
CNA_10xv2_1	GCCAATTGATTGGGAG	SNG	sampleA	10xv2	CD14+ monocyte
CNA_10xv2_1	CAGTAGTTGTTCCATT	SNG	sampleB	10xv2	B cell
CNA_10xv2_1	CACAGCGTGTGGCTGC	SNG	sampleA	10xv2	Natural killer cell
CNA_10xv2_1	GTTAATCCTCGGTTGC	SNG	sampleB	10xv2	CD14+ monocyte
CNA_10xv2_1	AGTCGCGTGACCAAGG	SNG	sampleA	10xv2	CD14+ monocyte
CNA_10xv2_1	GTCCGTTACGTCTGGC	SNG	sampleB	10xv2	CD4+ T cell
CNA_10xv2_1	ACTTCATACCCGGCTA	SNG	sampleB	10xv2	Natural killer cell
CNA_10xv2_1	CCTCACAACTACCAAC	SNG	sampleB	10xv2	CD14+ monocyte
CNA_10xv2_1	TAAGCACACATCCTAG	SNG	sampleA	10xv2	Cytotoxic T cell
CNA_10xv2_1	CGTCTTGACGGTAGAC	SNG	sampleB	10xv2	Cytotoxic T cell
CNA_10xv2_1	TGTTCCTCTTGAGTAA	SNG	sampleB	10xv2	Cytotoxic T cell
CNA_10xv2_1	GTCCTGACTACCTTGA	SNG	sampleA	10xv2	CD14+ monocyte
CNA_10xv2_1	TCTGGTCACTGCAAGG	SNG	sampleB	10xv2	Natural killer cell
CNA_10xv2_1	TGTCGAAACTGCCACG	SNG	sampleB	10xv2	CD16+ monocyte
CNA_10xv2_1	CGAGAGATGTTTCTGT	SNG	sampleB	10xv2	Cytotoxic T cell
CNA_10xv2_1	AGCCCAGTGAGTTGAA	SNG	sampleB	10xv2	CD4+ T cell
CNA_10xv2_1	TAGGATAGATCATGTG	SNG	sampleB	10xv2	CD4+ T cell
CNA_10xv2_1	ACGGCCATGTAGACAA	SNG	sampleA	10xv2	CD4+ T cell
CNA_10xv2_1	TCCATGGCTAGTACGG	SNG	sampleB	10xv2	Cytotoxic T cell
CNA_10xv2_1	CTGTGCACTGTTAGAA	SNG	sampleA	10xv2	CD4+ T cell
CNA_10xv2_1	CATTTGTACTACAGCT	SNG	sampleB	10xv2	CD4+ T cell
CNA_10xv2_1	TCGCGGAACAATACAG	SNG	sampleB	10xv2	Cytotoxic T cell
CNA_10xv2_1	TCCGGGTGATTCGCCT	SNG	sampleA	10xv2	CD4+ T cell
CNA_10xv2_1	AAGTCTTCTCCATAAC	SNG	sampleB	10xv2	CD4+ T cell
CNA_10xv2_1	ATCAAAGGACCTGTGG	SNG	sampleA	10xv2	Natural killer cell
CNA_10xv2_1	TCAGCTAGAGACGCCT	SNG	sampleB	10xv2	Natural killer cell
CNA_10xv2_1	TTCCCGAACTCTGGAT	SNG	sampleA	10xv2	CD4+ T cell
CNA_10xv2_1	TACATTGCTCATGCAT	SNG	sampleB	10xv2	B cell
CNA_10xv2_1	GCGAAGCCTACACCGC	SNG	sampleB	10xv2	CD14+ monocyte
CNA_10xv2_1	CAGGACCTGGTACGTT	SNG	sampleB	10xv2	Cytotoxic T cell
CNA_10xv2_1	CATAGCATGGCTAGAG	SNG	sampleA	10xv2	Cytotoxic T cell
CNA_10xv2_1	GTTTCATTGCCTAGGC	SNG	sampleA	10xv2	CD14+ monocyte
CNA_10xv2_1	AAGAGAGGAGGGTAGT	SNG	sampleA	10xv2	CD14+ monocyte
CNA_10xv2_1	AAACCGTACGCTTCGG_ATTTCGACTTCCGTAA	SNG	sampleA	10xv2	B cell
CNA_10xv2_1	GCTGGACACTAACCCA	SNG	sampleA	10xv2	CD4+ T cell
CNA_10xv2_1	TCGCACGGACGAGGTA	SNG	sampleB	10xv2	Natural killer cell
CNA_10xv2_1	GACTATTCTTTAGCTG	SNG	sampleB	10xv2	Natural killer cell
CNA_10xv2_1	GCACGGACTGACAAAT	SNG	sampleB	10xv2	CD16+ monocyte
CNA_10xv2_1	GGGCAATGAGCTCCTT	SNG	sampleB	10xv2	Natural killer cell
CNA_10xv2_1	ATGCATCGATGAGGCA	SNG	sampleB	10xv2	B cell
CNA_10xv2_1	CGTGAATACTGTCACA	SNG	sampleB	10xv2	CD4+ T cell
CNA_10xv2_1	CACATCCTGGCCCTTT	SNG	sampleA	10xv2	CD4+ T cell
CNA_10xv2_1	CAGTGATTGAGTACGG	SNG	sampleA	10xv2	CD4+ T cell
CNA_10xv2_1	ACTCTAACTGTTAGTC	SNG	sampleB	10xv2	CD4+ T cell
CNA_10xv2_1	CAAGGGATGTGCCACG	SNG	sampleA	10xv2	CD14+ monocyte
CNA_10xv2_1	GCTTACCACCGACTAT	SNG	sampleA	10xv2	CD4+ T cell
CNA_10xv2_1	AACAGCTACCATGCTA	SNG	sampleB	10xv2	CD4+ T cell
CNA_10xv2_1	CAGCGCATGGGGTTCC	SNG	sampleB	10xv2	Natural killer cell
CNA_10xv2_1	GCTGTTCTGTAACCCA	SNG	sampleB	10xv2	Cytotoxic T cell
CNA_10xv2_1	GACCTTAGACCTAGCG	SNG	sampleB	10xv2	CD14+ monocyte
CNA_10xv2_1	GAGCCTCGATTGTTTC	SNG	sampleA	10xv2	CD4+ T cell
CNA_10xv2_1	AAATAGGACTAATCGC	SNG	sampleA	10xv2	CD4+ T cell
CNA_10xv2_1	GCTACTGCTCTACTCC	SNG	sampleA	10xv2	B cell
CNA_10xv2_1	GCTGTTCTGTACCTGA	SNG	sampleA	10xv2	B cell
CNA_10xv2_1	AGGGTTTACGTACGTT	SNG	sampleB	10xv2	CD4+ T cell
CNA_10xv2_1	TAGTCCGCTTAATGCC	SNG	sampleB	10xv2	Natural killer cell
CNA_10xv2_1	TTGCATTACGGGATTG	SNG	sampleA	10xv2	B cell
CNA_10xv2_1	AAGGGCATGGCTCTTC	SNG	sampleB	10xv2	B cell
CNA_10xv2_1	CCACTTGTGCTTTAGG	SNG	sampleB	10xv2	B cell
CNA_10xv2_1	GGTCTAAACCTTGTGA	SNG	sampleB	10xv2	B cell
CNA_10xv2_1	TCCCTGTGAGCCCTAG	SNG	sampleB	10xv2	B cell
CNA_10xv2_1	AAAGCATGATCGTAGT	SNG	sampleA	10xv2	B cell
CNA_10xv2_1	GGCTTAAACGGGTTCC	SNG	sampleB	10xv2	Cytotoxic T cell
CNA_10xv2_1	GGCTTACCTAAGCTAA	SNG	sampleB	10xv2	Cytotoxic T cell
CNA_10xv2_1	CATCAGTGAGTCCCGA	SNG	sampleB	10xv2	B cell
CNA_10xv2_1	CTTAGAGACTGAACAA	SNG	sampleB	10xv2	B cell
CNA_10xv2_1	CATTAGTCTAGGTGCA	SNG	sampleA	10xv2	B cell
CNA_10xv2_1	AGCCAATTGATCATGC	SNG	sampleA	10xv2	CD4+ T cell
CNA_10xv2_1	GCAGACCTGCGACTAT	SNG	sampleB	10xv2	B cell
CNA_10xv2_1	TAACGAGCTTTGGGAG	SNG	sampleB	10xv2	B cell
CNA_10xv2_1	TGCGGGACTGCACGCT	SNG	sampleB	10xv2	Cytotoxic T cell
CNA_10xv2_1	AAACGCTACATTGCCA	SNG	sampleA	10xv2	B cell
CNA_10xv2_1	TCGCACGGAGCACCCA	SNG	sampleB	10xv2	B cell
CNA_10xv2_1	TGGATAGCTATCAGCT	SNG	sampleB	10xv2	B cell
CNA_10xv2_1	ACCGTTGCTCGAATCT_CGTGCCAGATAGACAA	SNG	sampleA	10xv2	CD4+ T cell
CNA_10xv2_1	TGGCCTGGACAGATTC	SNG	sampleB	10xv2	B cell
CNA_10xv2_1	AGCTCGGACTTCTGGA	SNG	sampleB	10xv2	B cell
CNA_10xv2_1	GCCATTCACACGCCAC	SNG	sampleA	10xv2	CD4+ T cell
CNA_10xv2_1	CCCAGGATGCGTACAT	SNG	sampleB	10xv2	B cell
CNA_10xv2_1	AAACCGTACGCTTCGG_CATCTGAGACCATGTA	SNG	sampleA	10xv2	B cell
CNA_10xv2_1	CATTACACTAGCAAGC	SNG	sampleB	10xv2	CD4+ T cell
CNA_10xv2_1	TCATCATTGGATTAAG	SNG	sampleA	10xv2	CD4+ T cell
CNA_10xv2_1	CCGAACTCTGAACCTT	SNG	sampleA	10xv2	CD4+ T cell
CNA_10xv2_1	GGCGTACACCCTGCGA	SNG	sampleA	10xv2	B cell
CNA_10xv2_1	TACCACCACAGTGAGC	SNG	sampleB	10xv2	B cell
CNA_10xv2_1	CCTAGCACTATTCTGG	SNG	sampleB	10xv2	B cell
CNA_10xv2_1	TTGTCAACTGAAATCA	SNG	sampleB	10xv2	CD4+ T cell
CNA_10xv2_1	GCGTTTAGAGAAATCA	SNG	sampleB	10xv2	CD4+ T cell
CNA_10xv2_1	GAACAACCTCGGTACC	SNG	sampleB	10xv2	CD4+ T cell
CNA_10xv2_1	TGTCATGGACGGAATG	SNG	sampleA	10xv2	B cell
CNA_10xv2_1	GGGTATACTCCAAACT	SNG	sampleB	10xv2	B cell
CNA_10xv2_1	AGTGACACTGACATAA	SNG	sampleA	10xv2	B cell
CNA_10xv2_1	TACCAGTGAAGGCGTA	SNG	sampleB	10xv2	CD14+ monocyte
CNA_10xv2_1	TTATCGACTATTGCCA	SNG	sampleB	10xv2	Cytotoxic T cell
CNA_10xv2_1	CACGAATTGTAATAGG	SNG	sampleA	10xv2	Cytotoxic T cell
CNA_10xv2_1	ACGCTCTTGGGTGTCC	SNG	sampleA	10xv2	B cell
CNA_10xv2_1	AAAGCGGACACAGATA	SNG	sampleA	10xv2	CD4+ T cell
CNA_10xv2_1	TACACAGACCGGTACC	SNG	sampleA	10xv2	CD4+ T cell
CNA_10xv2_1	AGTCACAACTTATGGC	SNG	sampleB	10xv2	CD4+ T cell
CNA_10xv2_1	TCGTTGCTGTAATCGC	SNG	sampleB	10xv2	CD4+ T cell
CNA_10xv2_1	AGAGTACCTCTACTCC	SNG	sampleA	10xv2	CD4+ T cell
CNA_10xv2_1	TACTGGCCTCCTATCC	SNG	sampleA	10xv2	CD4+ T cell
CNA_10xv2_1	GAAATCCACTATTGCG	SNG	sampleA	10xv2	CD4+ T cell
CNA_10xv2_1	CAAACCATGTAAGTAG	SNG	sampleB	10xv2	B cell
CNA_10xv2_1	CTCCGTAACCATGCGC	SNG	sampleA	10xv2	Cytotoxic T cell
CNA_10xv2_1	TGAACTGTGGAAATCA	SNG	sampleB	10xv2	Natural killer cell
CNA_10xv2_1	CACCCATACAATAGCA	SNG	sampleA	10xv2	Cytotoxic T cell
CNA_10xv2_1	TGGAATGCTCGGTTGC	SNG	sampleA	10xv2	Cytotoxic T cell
CNA_10xv2_1	CCAGGACTGAGTGAGC	SNG	sampleA	10xv2	CD4+ T cell
CNA_10xv2_1	TCCCTGTGAGCCGTTG	SNG	sampleB	10xv2	Cytotoxic T cell
CNA_10xv2_1	CCTGAGGACTGGGCCT	SNG	sampleB	10xv2	Natural killer cell
CNA_10xv2_1	GTAAGGCGATCTATCT	SNG	sampleB	10xv2	Cytotoxic T cell
CNA_10xv2_1	ACTCGCTACTGAACAA	SNG	sampleB	10xv2	Natural killer cell
CNA_10xv2_1	TCCTTCACTCATGATC	SNG	sampleA	10xv2	CD4+ T cell
CNA_10xv2_1	CGATACATGTGAACAA	SNG	sampleA	10xv2	Cytotoxic T cell
CNA_10xv2_1	TAACGTTCTGCTGGCT	SNG	sampleB	10xv2	Natural killer cell
CNA_10xv2_1	TGCTACCTGGCAGGAT	SNG	sampleA	10xv2	CD4+ T cell
CNA_10xv2_1	TAGTGCATGGGTAGAC	SNG	sampleA	10xv2	Natural killer cell
CNA_10xv2_1	AACGTAGCTTTATGGC	SNG	sampleA	10xv2	CD4+ T cell
CNA_10xv2_1	CCTGAGGACACGTGCC	SNG	sampleA	10xv2	CD4+ T cell
CNA_10xv2_1	GATACGTACGAACATA	SNG	sampleA	10xv2	CD4+ T cell
CNA_10xv2_1	TGTTACTACGGATGGT	SNG	sampleB	10xv2	Natural killer cell
CNA_10xv2_1	TGTTCTCCTCCTATCC	SNG	sampleB	10xv2	Cytotoxic T cell
CNA_10xv2_1	GAGTCATTGTTAGAAG	SNG	sampleB	10xv2	CD4+ T cell
CNA_10xv2_1	TATCGATCTTGGCTGC	SNG	sampleB	10xv2	Natural killer cell
CNA_10xv2_1	TGGGAGTGAAGACTTC	SNG	sampleB	10xv2	Natural killer cell
CNA_10xv2_1	CGCACTTACGCACGCT	SNG	sampleB	10xv2	CD4+ T cell
CNA_10xv2_1	TAATTGCCTTTGACAC	SNG	sampleB	10xv2	CD4+ T cell
CNA_10xv2_1	CTTTATGTGATGTCAC	SNG	sampleA	10xv2	B cell
CNA_10xv2_1	TCAAGCAACCAATAGA	SNG	sampleA	10xv2	Natural killer cell
CNA_10xv2_1	TGGACAACTCGGCTCA	SNG	sampleB	10xv2	Cytotoxic T cell
CNA_10xv2_1	GGAACTACTAACGTTC	SNG	sampleB	10xv2	CD14+ monocyte
CNA_10xv2_1	CCCACAGGAGAGTGAC	SNG	sampleA	10xv2	Natural killer cell
CNA_10xv2_1	TCAGCGCGAGAAATCA	SNG	sampleB	10xv2	Natural killer cell
CNA_10xv2_1	GTAACTCGACAGTCCG	SNG	sampleA	10xv2	CD14+ monocyte
CNA_10xv2_1	CTATGGATGTCGACAT	SNG	sampleB	10xv2	Dendritic cell
CNA_10xv2_1	CGCAATCCTGGACCTC	SNG	sampleB	10xv2	Cytotoxic T cell
CNA_10xv2_1	GCAGGTCTGAAGACAT	SNG	sampleB	10xv2	CD4+ T cell
CNA_10xv2_1	ATGTACGTGTTGCAGT	SNG	sampleA	10xv2	CD14+ monocyte
CNA_10xv2_1	TAGTGAAGATAACCCA	SNG	sampleA	10xv2	Cytotoxic T cell
CNA_10xv2_1	GTGCATTGAGGACCTC	SNG	sampleA	10xv2	CD14+ monocyte
CNA_10xv2_1	GCTAGCGACAATCCTG	SNG	sampleB	10xv2	Cytotoxic T cell
CNA_10xv2_1	CTCATAACTAGATTCC_TGTTGACGATTGCAGT	SNG	sampleB	10xv2	CD16+ monocyte
CNA_10xv2_1	TGATAGAGAGTTAGAA	SNG	sampleA	10xv2	CD14+ monocyte
CNA_10xv2_1	TTGTAACCTTCTATCT	SNG	sampleA	10xv2	CD14+ monocyte
CNA_10xv2_1	CGCTGAGTGCTGGCAC	SNG	sampleB	10xv2	CD14+ monocyte
CNA_10xv2_1	TAATGAGGAGACGCCT	SNG	sampleA	10xv2	CD14+ monocyte
CNA_10xv2_1	TAACGAAGATCGGGCT	SNG	sampleA	10xv2	CD14+ monocyte
CNA_10xv2_1	CATCTGAGACCGATTA	SNG	sampleB	10xv2	CD4+ T cell
CNA_10xv2_1	TCAGCCGGACCTTCCA	SNG	sampleB	10xv2	Cytotoxic T cell
CNA_10xv2_1	TAGTTGCGATAGCTTG	SNG	sampleB	10xv2	CD14+ monocyte
CNA_10xv2_1	TCAAAGCACCGTTATG	SNG	sampleA	10xv2	B cell
CNA_10xv2_1	CGAGCACTGCATGCAT	SNG	sampleB	10xv2	Natural killer cell
CNA_10xv2_1	TGAGACTTGGATAGCG	SNG	sampleA	10xv2	CD14+ monocyte
CNA_10xv2_1	TCTACAGGAAGCTTTG	SNG	sampleB	10xv2	Natural killer cell
CNA_10xv2_1	CGTGGAAGATTAGCTG	SNG	sampleA	10xv2	CD14+ monocyte
CNA_10xv2_1	AGCTGATACAATCTGC	SNG	sampleA	10xv2	Natural killer cell
CNA_10xv2_1	CCACGGATGTCATTTC	SNG	sampleA	10xv2	B cell
CNA_10xv2_1	AGGACAGACAAGACAT	SNG	sampleB	10xv2	Cytotoxic T cell
CNA_10xv2_1	CCTGATCACTGTTGTG	SNG	sampleB	10xv2	B cell
CNA_10xv2_1	TCCTTCACTACAGATA	SNG	sampleA	10xv2	CD4+ T cell
CNA_10xv2_1	GGACCACTGTTGCGTA	SNG	sampleA	10xv2	Natural killer cell
CNA_10xv2_1	TACCTGCTGGGACCAA	SNG	sampleA	10xv2	CD14+ monocyte
CNA_10xv2_1	GCGAGAATGCCCGAGT	SNG	sampleA	10xv2	CD14+ monocyte
CNA_10xv2_1	TTGGGTAACATTGGTC	SNG	sampleB	10xv2	CD16+ monocyte
CNA_10xv2_1	CTGACGTCTCGCACTG	SNG	sampleB	10xv2	B cell
CNA_10xv2_1	GATGAATGACTTCACC	SNG	sampleB	10xv2	Natural killer cell
CNA_10xv2_1	TCAGTCCTGTAGGAGC	SNG	sampleB	10xv2	CD14+ monocyte
CNA_10xv2_1	TCCCTGTGATACAGCT	SNG	sampleB	10xv2	Dendritic cell
CNA_10xv2_1	GCTATACGATGATGAA	SNG	sampleA	10xv2	CD14+ monocyte
CNA_10xv2_1	ATGCATCGACGACAAG	SNG	sampleB	10xv2	CD4+ T cell
CNA_10xv2_1	CAGTGGAGACCGGACT	SNG	sampleA	10xv2	CD14+ monocyte
CNA_10xv2_1	GCATCACCTCTGAGAG	SNG	sampleA	10xv2	CD14+ monocyte
CNA_10xv2_1	ACTTATCACTTTCCGC	SNG	sampleA	10xv2	CD14+ monocyte
CNA_10xv2_1	CAAGAAATGGCTCAGC	SNG	sampleB	10xv2	CD14+ monocyte
CNA_10xv2_1	GCAAACTACAGGTGCA	SNG	sampleA	10xv2	CD4+ T cell
CNA_10xv2_1	TCGCATCACTCCCAGG	SNG	sampleB	10xv2	Cytotoxic T cell
CNA_10xv2_1	AGGTCAGGAGCTTTGA	SNG	sampleA	10xv2	Natural killer cell
CNA_10xv2_1	AGTGCATTGTACCTGA	SNG	sampleB	10xv2	CD14+ monocyte
CNA_10xv2_1	GTATTCACTTCTTTGT	SNG	sampleB	10xv2	CD4+ T cell
CNA_10xv2_1	CCGTTAAGAATGTGGG	SNG	sampleB	10xv2	B cell
CNA_10xv2_1	TTACTGGGACGTAGAG	SNG	sampleB	10xv2	CD4+ T cell
CNA_10xv2_1	ACGCAGAGAACCTTGA	SNG	sampleA	10xv2	CD14+ monocyte
CNA_10xv2_1	GAACTACTGAGGGAGG	SNG	sampleA	10xv2	Cytotoxic T cell
CNA_10xv2_1	TGTACGATGTCTGTAG	SNG	sampleB	10xv2	Cytotoxic T cell
CNA_10xv2_1	TCTACTAACTTGTGAC	SNG	sampleB	10xv2	CD14+ monocyte
CNA_10xv2_1	CGTTACCTGGAATCTC	SNG	sampleA	10xv2	Natural killer cell
CNA_10xv2_1	GTAGGTTTGCCTAGCG	SNG	sampleB	10xv2	CD14+ monocyte
CNA_10xv2_1	AGAACCTTGCCTGTGG	SNG	sampleB	10xv2	CD14+ monocyte
CNA_10xv2_1	TGAGCCCGACTTTAGG	SNG	sampleA	10xv2	B cell
CNA_10xv2_1	TCGTTGCTGCGAAGCA	SNG	sampleA	10xv2	CD14+ monocyte
CNA_10xv2_1	AGCAACTTGGCGTATT	SNG	sampleA	10xv2	CD4+ T cell
CNA_10xv2_1	GCAGTCGACAGTCTAC	SNG	sampleA	10xv2	B cell
CNA_10xv2_1	ATCGAGACTCAAGTTC	SNG	sampleA	10xv2	B cell
CNA_10xv2_1	ATGGCCGTGTTACGAC	SNG	sampleB	10xv2	Dendritic cell
CNA_10xv2_1	TCCGAGCGAATGTGGG	SNG	sampleB	10xv2	Natural killer cell
CNA_10xv2_1	CTCACGACTTGAGGCA	SNG	sampleA	10xv2	CD4+ T cell
CNA_10xv2_1	TTAAGGAGAGCGTATT	SNG	sampleA	10xv2	CD4+ T cell
CNA_10xv2_1	GGCAACGCTAGTACGG	SNG	sampleB	10xv2	CD4+ T cell
CNA_10xv2_1	ATGGGACGAGTCGGTC	SNG	sampleB	10xv2	CD16+ monocyte
CNA_10xv2_1	TCCTTCACTTCATTTC	SNG	sampleB	10xv2	Cytotoxic T cell
CNA_10xv2_1	CTAACAGTGGTTGGTT	SNG	sampleA	10xv2	CD14+ monocyte
CNA_10xv2_1	CAAGAATGATTTGTCT	SNG	sampleB	10xv2	Natural killer cell
CNA_10xv2_1	ATCCAGCCTCGGTTGC	SNG	sampleA	10xv2	CD14+ monocyte
CNA_10xv2_1	AGATCCTGATGGGCAA	SNG	sampleB	10xv2	CD4+ T cell
CNA_10xv2_1	TTGGCAAACCTTAAGC	SNG	sampleB	10xv2	CD4+ T cell
CNA_10xv2_1	ATCTTACTGTTTGGGT	SNG	sampleB	10xv2	B cell
CNA_10xv2_1	GCGGTTCGACCACAAT	SNG	sampleB	10xv2	CD14+ monocyte
CNA_10xv2_1	GCATAGTACACCTGCG	SNG	sampleA	10xv2	Cytotoxic T cell
CNA_10xv2_1	GCAGACGCTAAGTAAC	SNG	sampleA	10xv2	Natural killer cell
CNA_10xv2_1	CTTTCCGGAGGAATGC	SNG	sampleB	10xv2	CD4+ T cell
CNA_10xv2_1	ACCGTTGCTAGCAATA	SNG	sampleB	10xv2	B cell
CNA_10xv2_1	GTTCCTGTGCGAGTTT	SNG	sampleA	10xv2	CD14+ monocyte
CNA_10xv2_1	CGTAGTAACCCTTTGC	SNG	sampleA	10xv2	CD4+ T cell
CNA_10xv2_1	GACAAGGTGCTTTGTT	SNG	sampleB	10xv2	CD4+ T cell
CNA_10xv2_1	ACCTGCTTGAGTTGAA	SNG	sampleB	10xv2	CD14+ monocyte
CNA_10xv2_1	GTAATCTCTTTGCGTA	SNG	sampleA	10xv2	CD14+ monocyte
CNA_10xv2_1	AGGACGCCTGGCCTTG	SNG	sampleB	10xv2	CD14+ monocyte
CNA_10xv2_1	AGACCATTGGAAGGTC	SNG	sampleA	10xv2	CD4+ T cell
CNA_10xv2_1	TTTCTCGCTAATCCTG	SNG	sampleA	10xv2	Natural killer cell
CNA_10xv2_1	GTAGGTGGACATCTTT	SNG	sampleA	10xv2	CD14+ monocyte
CNA_10xv2_1	GGTACCTCTTAACGGG	SNG	sampleB	10xv2	CD16+ monocyte
CNA_10xv2_1	ATGGGTTACCCCGAGT	SNG	sampleA	10xv2	CD14+ monocyte
CNA_10xv2_1	TCCTTAAACCGTTCTC	SNG	sampleA	10xv2	CD14+ monocyte
CNA_10xv2_1	GGAAGGACTAAGCTAA	SNG	sampleA	10xv2	CD14+ monocyte
CNA_10xv2_1	CCGTTAAGATACAGAA	SNG	sampleA	10xv2	CD16+ monocyte
CNA_10xv2_1	CGCTTGTACACTAGGG	SNG	sampleA	10xv2	CD14+ monocyte
CNA_10xv2_1	GAAGCCCTGAACGCAG	SNG	sampleB	10xv2	CD4+ T cell
CNA_10xv2_1	CACCCATACGAAGGTC	SNG	sampleA	10xv2	Natural killer cell
CNA_10xv2_1	TACCTTCCTGCGCAAA	SNG	sampleA	10xv2	CD14+ monocyte
CNA_10xv2_1	GTACCGGACAGGTAAT	SNG	sampleA	10xv2	CD4+ T cell
CNA_10xv2_1	AGCTATGACTAGGCGA	SNG	sampleA	10xv2	CD14+ monocyte
CNA_10xv2_1	CCCAGGATGCGTTCTC	SNG	sampleB	10xv2	Cytotoxic T cell
CNA_10xv2_1	TCCATATACTTACGAC	SNG	sampleA	10xv2	Cytotoxic T cell
CNA_10xv2_1	ATCCCGACTTTTCCGC	SNG	sampleA	10xv2	CD4+ T cell
CNA_10xv2_1	TACCACCTGGTTAGAA_TGTACTGGAGTTTACG	SNG	sampleA	10xv2	Cytotoxic T cell
CNA_10xv2_1	GACCGTGTGAATAGCA	SNG	sampleB	10xv2	Cytotoxic T cell
CNA_10xv2_1	TTAGTCTTGATTCGGT	SNG	sampleB	10xv2	Cytotoxic T cell
CNA_10xv2_1	GTGAGATCTCCACAAT	SNG	sampleB	10xv2	Cytotoxic T cell
CNA_10xv2_1	GATAAGAACTTGACAC	SNG	sampleA	10xv2	CD4+ T cell
CNA_10xv2_1	GAAGCGCCTCCTCCTA	SNG	sampleA	10xv2	CD4+ T cell
CNA_10xv2_1	GATGAATGAATAGGTA	SNG	sampleB	10xv2	CD4+ T cell
CNA_10xv2_1	GCACAATACTGCTTGA	SNG	sampleB	10xv2	Cytotoxic T cell
CNA_10xv2_1	CCACATCACAAACTGA	SNG	sampleA	10xv2	CD4+ T cell
CNA_10xv2_1	GACAATAGAGCTTCGG	SNG	sampleA	10xv2	CD4+ T cell
CNA_10xv2_1	GAAGAATACGAATAAC	SNG	sampleA	10xv2	CD4+ T cell
CNA_10xv2_1	AGCTTCCACTGGAACG	SNG	sampleB	10xv2	B cell
CNA_10xv2_1	GAAGCAGTGGGCCTGT	SNG	sampleB	10xv2	Natural killer cell
CNA_10xv2_1	GAAGCAGTGAAGTTAG	SNG	sampleB	10xv2	CD4+ T cell
CNA_10xv2_1	CTGGGACACGGCCAAA	SNG	sampleA	10xv2	CD4+ T cell
CNA_10xv2_1	TCGCATCACACTAGTC	SNG	sampleB	10xv2	Cytotoxic T cell
CNA_10xv2_1	AAATAGGACGCTCAGC	SNG	sampleA	10xv2	B cell
CNA_10xv2_1	CTCTGGACTTGAAAGT	SNG	sampleB	10xv2	CD4+ T cell
CNA_10xv2_1	GCACAATACCTGCGGT	SNG	sampleB	10xv2	Natural killer cell
CNA_10xv2_1	GACCTTAGACGACAAG	SNG	sampleB	10xv2	B cell
CNA_10xv2_1	CTATGCCACTGCATCA	SNG	sampleA	10xv2	CD16+ monocyte
CNA_10xv2_1	ACCTCACACAGGTCCC	SNG	sampleA	10xv2	CD14+ monocyte
CNA_10xv2_1	GACAATAGACCATGTA	SNG	sampleA	10xv2	Dendritic cell
CNA_10xv2_1	GTCTCGTACTGGCTGC	SNG	sampleA	10xv2	CD14+ monocyte
CNA_10xv2_1	AAACTCTCTCTTAAGC	SNG	sampleA	10xv2	CD14+ monocyte
CNA_10xv2_1	CAGGCTTCTCAGCAAG	SNG	sampleB	10xv2	Cytotoxic T cell
CNA_10xv2_1	CCTCACAACAGCCCTG	SNG	sampleA	10xv2	CD14+ monocyte
CNA_10xv2_1	CTGTAAGTGTCATGTG	SNG	sampleB	10xv2	Dendritic cell
CNA_10xv2_1	GTTCAGAACAGGGAGG	SNG	sampleA	10xv2	CD16+ monocyte
CNA_10xv2_1	TCTACTCCTACCAAGG	SNG	sampleB	10xv2	CD4+ T cell
CNA_10xv2_1	GTGCTCACTAAGTCTC	SNG	sampleA	10xv2	CD14+ monocyte
CNA_10xv2_1	CACTTTATGGGTTGAG	SNG	sampleA	10xv2	CD14+ monocyte
CNA_10xv2_1	GCTTCTCGAAAGGTGC	SNG	sampleA	10xv2	Natural killer cell
CNA_10xv2_1	TACCACCACTGATGAA	SNG	sampleA	10xv2	CD4+ T cell
CNA_10xv2_1	ATCCCGACTAAAGTAC	SNG	sampleB	10xv2	CD14+ monocyte
CNA_10xv2_1	TTGTTAGCTAATCGAA	SNG	sampleA	10xv2	CD14+ monocyte
CNA_10xv2_1	AAACGCTACAGTCGGA	SNG	sampleA	10xv2	CD14+ monocyte
CNA_10xv2_1	CAGTCGTCTGGGATTG	SNG	sampleA	10xv2	Natural killer cell
CNA_10xv2_1	ACGGTTAACACACCGC	SNG	sampleB	10xv2	Natural killer cell
CNA_10xv2_1	GGTAGCCTGGTTGACT	SNG	sampleB	10xv2	CD14+ monocyte
CNA_10xv2_1	TTGGAGACTTCGACAT	SNG	sampleA	10xv2	CD4+ T cell
CNA_10xv2_1	GTGAGATCTGAATTGA	SNG	sampleA	10xv2	CD4+ T cell
CNA_10xv2_1	TAATTGCCTAAGGCCA	SNG	sampleA	10xv2	CD4+ T cell
CNA_10xv2_1	GTGCATAACAATCGCT	SNG	sampleA	10xv2	CD4+ T cell
CNA_10xv2_1	ACGATAGCTTGAGCAG	SNG	sampleB	10xv2	CD4+ T cell
CNA_10xv2_1	CTAACTGGAGTCCCGA	SNG	sampleB	10xv2	CD16+ monocyte
CNA_10xv2_1	GCGTTGTCTTACTTTC	SNG	sampleA	10xv2	Natural killer cell
CNA_10xv2_1	CGTGTCTACCTTAAGC	SNG	sampleB	10xv2	B cell
CNA_10xv2_1	TTATCGACTGCTTCGG	SNG	sampleA	10xv2	CD14+ monocyte
CNA_10xv2_1	GCGGTTCGAGCACTTA	SNG	sampleB	10xv2	CD4+ T cell
CNA_10xv2_1	TCAACAGACGCATGAG	SNG	sampleB	10xv2	CD16+ monocyte
CNA_10xv2_1	ACTGTGATGCCATGTA	SNG	sampleA	10xv2	Cytotoxic T cell
CNA_10xv2_1	TGTGGCTCTGCTGTTA	SNG	sampleB	10xv2	B cell
CNA_10xv2_1	TTCAAGCGACTAACGT	SNG	sampleB	10xv2	Cytotoxic T cell
CNA_10xv2_1	TTCGACCACAGTGGTG	SNG	sampleA	10xv2	CD14+ monocyte
CNA_10xv2_1	GAAAGTCCTGACTCGC	SNG	sampleB	10xv2	CD4+ T cell
CNA_10xv2_1	CGAACATACGAGCTGA	SNG	sampleB	10xv2	CD14+ monocyte
CNA_10xv2_1	TAACGAGCTTCGTACA	SNG	sampleB	10xv2	Natural killer cell
CNA_10xv2_1	GCATCGCGAATGTCCA	SNG	sampleB	10xv2	CD16+ monocyte
CNA_10xv2_1	AAGTCTTCTGCACCCA	SNG	sampleB	10xv2	Cytotoxic T cell
CNA_10xv2_1	TGTCTGCACTCGCTAA	SNG	sampleB	10xv2	CD4+ T cell
CNA_10xv2_1	CGACGACACAGGGAGG	SNG	sampleB	10xv2	CD16+ monocyte
CNA_10xv2_1	CCATGATGATCTGCAA	SNG	sampleB	10xv2	Cytotoxic T cell
CNA_10xv2_1	GGACACAGAAGGCGTA	SNG	sampleB	10xv2	Cytotoxic T cell
CNA_10xv2_1	GGTACGCTGAGCAATA	SNG	sampleB	10xv2	CD14+ monocyte
CNA_10xv2_1	GTTCCCAACAGGACCA	SNG	sampleB	10xv2	Cytotoxic T cell
CNA_10xv2_1	CTTCCACGAAGCTTTG	SNG	sampleB	10xv2	Cytotoxic T cell
CNA_10xv2_1	ACCTCCATGGCGAGTA	SNG	sampleA	10xv2	Natural killer cell
CNA_10xv2_1	CGCTAGTCTTCAATGC	SNG	sampleA	10xv2	CD4+ T cell
CNA_10xv2_1	TCCATTCCTTGTCACA	SNG	sampleA	10xv2	CD14+ monocyte
CNA_10xv2_1	TGCCATCTGAGTCTAC	SNG	sampleB	10xv2	CD16+ monocyte
CNA_10xv2_1	TATGGGTACCGCACTG	SNG	sampleA	10xv2	CD4+ T cell
CNA_10xv2_1	CCGACTACTTAGCAGG	SNG	sampleA	10xv2	Cytotoxic T cell
CNA_10xv2_1	TAAACGCACGTTGACT	SNG	sampleB	10xv2	Cytotoxic T cell
CNA_10xv2_1	AGGTATAGAATCACAC	SNG	sampleB	10xv2	CD16+ monocyte
CNA_10xv2_1	GGAGTTACTCAATAGA	SNG	sampleA	10xv2	CD4+ T cell
CNA_10xv2_1	CGTAGCTCTACACCGC	SNG	sampleA	10xv2	CD14+ monocyte
CNA_10xv2_1	GTTACCCTGTTCGCAA	SNG	sampleA	10xv2	Natural killer cell
CNA_10xv2_1	TCGCCGAGACGGCACT	SNG	sampleB	10xv2	Cytotoxic T cell
CNA_10xv2_1	ACCTGCTTGAAACTGA	SNG	sampleA	10xv2	B cell
CNA_10xv2_1	GTCGTTCTGTTAGCTG	SNG	sampleA	10xv2	Natural killer cell
CNA_10xv2_1	AGGTAGGTGGACAAAT	SNG	sampleB	10xv2	CD16+ monocyte
CNA_10xv2_1	TGAGGAGTGACTAGTC	SNG	sampleB	10xv2	CD14+ monocyte
CNA_10xv2_1	CGATAAAGACAGCACC	SNG	sampleB	10xv2	CD14+ monocyte
CNA_10xv2_1	GGCTGACTGCGGCACT_GGGCGATCTCTCGATA	SNG	sampleB	10xv2	CD14+ monocyte
CNA_10xv2_1	TCGTATACTCTGGCAC	SNG	sampleB	10xv2	B cell
CNA_10xv2_1	TGCGCAGACTCGTACA	SNG	sampleB	10xv2	B cell
CNA_10xv2_1	GCGCAGTTGGAATAAC	SNG	sampleB	10xv2	CD4+ T cell
CNA_10xv2_1	TGTAGACACGCACCCA	SNG	sampleB	10xv2	CD4+ T cell
CNA_10xv2_1	GATGCATTGGGCCAAA	SNG	sampleB	10xv2	CD16+ monocyte
CNA_10xv2_1	CACTCTTCTATCACAC	SNG	sampleB	10xv2	Natural killer cell
CNA_10xv2_1	ACCTACCTGTAAGTAG	SNG	sampleA	10xv2	CD4+ T cell
CNA_10xv2_1	GGGATGTGAATCATCG	SNG	sampleA	10xv2	CD14+ monocyte
CNA_10xv2_1	CTGACGTCTACGAGCA	SNG	sampleA	10xv2	CD4+ T cell
CNA_10xv2_1	CGATATTCTCGTGCAC	SNG	sampleA	10xv2	CD14+ monocyte
CNA_10xv2_1	CCAGGCAACAGCGCTC	SNG	sampleA	10xv2	Natural killer cell
CNA_10xv2_1	GTGAGATCTACCATGT	SNG	sampleB	10xv2	CD16+ monocyte
CNA_10xv2_1	CTGTTGCACGGGACTA	SNG	sampleB	10xv2	CD4+ T cell
CNA_10xv2_1	CGTAGCGACGCTCAGC	SNG	sampleA	10xv2	CD14+ monocyte
CNA_10xv2_1	CCACAGGTGCGATGTT	SNG	sampleA	10xv2	CD4+ T cell
CNA_10xv2_1	CTGCGACGACGACAAG	SNG	sampleB	10xv2	Natural killer cell
CNA_10xv2_1	CTGCGACGACCAAACT	SNG	sampleA	10xv2	CD14+ monocyte
CNA_10xv2_1	ACTGTGATGCCGCAGT	SNG	sampleA	10xv2	CD14+ monocyte
CNA_10xv2_1	ATAGGGTCTGTTAGTC	SNG	sampleA	10xv2	Natural killer cell
CNA_10xv2_1	TGTACGATGGATAGCG	SNG	sampleB	10xv2	CD4+ T cell
CNA_10xv2_1	GTCTACAGATGCGCCA	SNG	sampleA	10xv2	CD14+ monocyte
CNA_10xv2_1	TGAATGGCTCTTCACC	SNG	sampleA	10xv2	CD4+ T cell
CNA_10xv2_1	ATTGTGCGACAGTCCG	SNG	sampleB	10xv2	Natural killer cell
CNA_10xv2_1	CGCTTCAACTCATGCA	SNG	sampleA	10xv2	CD14+ monocyte
CNA_10xv2_1	CGAACATACACAGGCA	SNG	sampleB	10xv2	CD14+ monocyte
CNA_10xv2_1	CCGACTACTAGCCATT	SNG	sampleB	10xv2	CD14+ monocyte
CNA_10xv2_1	GGTCAAGGATGTGCTA	SNG	sampleB	10xv2	B cell
CNA_10xv2_1	TCGCGGAACATAGCAA	SNG	sampleA	10xv2	CD14+ monocyte
CNA_10xv2_1	ATACATCCTATCACAC	SNG	sampleB	10xv2	Cytotoxic T cell
CNA_10xv2_1	ATTAGCGTGACGCGAA	SNG	sampleA	10xv2	CD4+ T cell
CNA_10xv2_1	TGGCTAATGCAACGCC	SNG	sampleB	10xv2	CD16+ monocyte
CNA_10xv2_1	GACTACTGATAACGGG	SNG	sampleB	10xv2	CD4+ T cell
CNA_10xv2_1	TCACCTGACTGCACCG	SNG	sampleB	10xv2	Cytotoxic T cell
CNA_10xv2_1	GCCTAGTCTGATCATC	SNG	sampleB	10xv2	CD4+ T cell
CNA_10xv2_1	AAAGCGGACGGCATTT	SNG	sampleB	10xv2	Cytotoxic T cell
CNA_10xv2_1	TGGGTGCACAAGCTAA	SNG	sampleB	10xv2	CD4+ T cell
CNA_10xv2_1	TGGATAGCTTTTGTCT	SNG	sampleA	10xv2	CD14+ monocyte
CNA_10xv2_1	ATCAATCCTTAAGTAG	SNG	sampleB	10xv2	Cytotoxic T cell
CNA_10xv2_1	CGTAGCTCTCCGCAGT	SNG	sampleB	10xv2	CD14+ monocyte
CNA_10xv2_1	GGACGAATGCGGTTGC	SNG	sampleB	10xv2	Natural killer cell
CNA_10xv2_1	GATAGCGGACTGGCAC	SNG	sampleA	10xv2	CD14+ monocyte
CNA_10xv2_1	CTTCACGTGTACGATC	SNG	sampleB	10xv2	CD4+ T cell
CNA_10xv2_1	AACGAACCTAGACAAT	SNG	sampleB	10xv2	CD4+ T cell
CNA_10xv2_1	TAACTCACTCGTTCTC	SNG	sampleB	10xv2	CD4+ T cell
CNA_10xv2_1	AGGAAGCACCGAGGTA	SNG	sampleB	10xv2	CD4+ T cell
CNA_10xv2_1	AGGCGATGAGTTAGAA	SNG	sampleB	10xv2	Cytotoxic T cell
CNA_10xv2_1	AACCGGCACATGTCAC	SNG	sampleA	10xv2	Cytotoxic T cell
CNA_10xv2_1	CCTCTTGGAATCAGCT	SNG	sampleB	10xv2	CD4+ T cell
CNA_10xv2_1	GACAATCTGCTTTGTT	SNG	sampleB	10xv2	Natural killer cell
CNA_10xv2_1	AGGTCAGGAGCATGAG	SNG	sampleB	10xv2	Cytotoxic T cell
CNA_10xv2_1	TTGGCGTCTTTGACAC	SNG	sampleB	10xv2	CD4+ T cell
CNA_10xv2_1	CTTCAGCACGAATGTA	SNG	sampleB	10xv2	Cytotoxic T cell
CNA_10xv2_1	CGATAAAGAGCACTTA	SNG	sampleB	10xv2	CD4+ T cell
CNA_10xv2_1	ACTGATTCTCTGGGTC	SNG	sampleB	10xv2	CD4+ T cell
CNA_10xv2_1	TCAACAGACGCTGGCT	SNG	sampleA	10xv2	CD14+ monocyte
CNA_10xv2_1	CCGACTACTCAGGGAT	SNG	sampleB	10xv2	CD4+ T cell
CNA_10xv2_1	TTGCATTACGAAATCA	SNG	sampleB	10xv2	CD4+ T cell
CNA_10xv2_1	CAAAGAATGCGAGGTA	SNG	sampleA	10xv2	CD14+ monocyte
CNA_10xv2_1	CCCTCCTTGTTTCTGT	SNG	sampleB	10xv2	CD14+ monocyte
CNA_10xv2_1	CTGCTTTCTATCAGGG	SNG	sampleA	10xv2	CD14+ monocyte
CNA_10xv2_1	CTTTCGGTGATCCTAG	SNG	sampleB	10xv2	CD16+ monocyte
CNA_10xv2_1	TCAAACTCTTCGTCCT	SNG	sampleA	10xv2	CD14+ monocyte
CNA_10xv2_1	GTATTCACTCTCATCC	SNG	sampleA	10xv2	CD14+ monocyte
CNA_10xv2_1	CCAGGCAACCTGGAAG	SNG	sampleB	10xv2	CD16+ monocyte
CNA_10xv2_1	ACCGGAGCTACACCGC	SNG	sampleB	10xv2	CD14+ monocyte
CNA_10xv2_1	CGTGTAATGTGGCAAG	SNG	sampleB	10xv2	Cytotoxic T cell
CNA_10xv2_1	CAGGAGCCTTGACTCA	SNG	sampleA	10xv2	CD14+ monocyte
CNA_10xv2_1	AATCGGACTAGTCTAC	SNG	sampleA	10xv2	CD14+ monocyte
CNA_10xv2_1	AACCTATCTCTGGAAG	SNG	sampleB	10xv2	Natural killer cell
CNA_10xv2_1	CAAACCTGACGATCGC	SNG	sampleA	10xv2	B cell
CNA_10xv2_1	GACCAGGCTAACGTTC	SNG	sampleB	10xv2	CD4+ T cell
CNA_10xv2_1	CCCTCCTTGCTGAGAG	SNG	sampleB	10xv2	Cytotoxic T cell
CNA_10xv2_1	CCAAGGAGAGCACGCT	SNG	sampleA	10xv2	CD14+ monocyte
CNA_10xv2_1	AATAAGGACGAATAGT	SNG	sampleA	10xv2	B cell
CNA_10xv2_1	TCTAACGGAAAATGCA	SNG	sampleB	10xv2	CD14+ monocyte
CNA_10xv2_1	TGTACTGGATCGAGAG	SNG	sampleA	10xv2	CD14+ monocyte
CNA_10xv2_1	AGGAGTTCTCAGTCTA	SNG	sampleA	10xv2	Cytotoxic T cell
CNA_10xv2_1	TGCAGATACCAGGGAT	SNG	sampleA	10xv2	CD14+ monocyte
CNA_10xv2_1	CATGCAAACCAGGCCT	SNG	sampleA	10xv2	CD14+ monocyte
CNA_10xv2_1	TAGGACTTGGACTGTT	SNG	sampleB	10xv2	CD16+ monocyte
CNA_10xv2_1	CCCAGAGACCTAACGT_TAGCAGACTCCTTTGC	SNG	sampleA	10xv2	CD4+ T cell
CNA_10xv2_1	AGTGAAATGTTTGTCT	SNG	sampleB	10xv2	CD14+ monocyte
CNA_10xv2_1	AGGGCGTCTCAGACCC	SNG	sampleA	10xv2	Cytotoxic T cell
CNA_10xv2_1	AGTTTGCGATAATCGC	SNG	sampleA	10xv2	Natural killer cell
CNA_10xv2_1	ACTGTCCACTACCTGA	SNG	sampleB	10xv2	Natural killer cell
CNA_10xv2_1	CTACCTGTGTGAGTAA	SNG	sampleB	10xv2	CD14+ monocyte
CNA_10xv2_1	GACCTATGACGATTAC	SNG	sampleB	10xv2	Natural killer cell
CNA_10xv2_1	TGTTCCTCTTCCCGTT	SNG	sampleB	10xv2	CD14+ monocyte
CNA_10xv2_1	TGGACCTCTTTGTGAC	SNG	sampleB	10xv2	CD14+ monocyte
CNA_10xv2_1	GCTATTGGATAATAGG	SNG	sampleA	10xv2	CD14+ monocyte
CNA_10xv2_1	GCACGGACTTTCTCGC	SNG	sampleA	10xv2	Cytotoxic T cell
CNA_10xv2_1	TATTGCTTGATTGCCA	SNG	sampleA	10xv2	CD14+ monocyte
CNA_10xv2_1	TGGTTAGACCGATGTT	SNG	sampleA	10xv2	CD14+ monocyte
CNA_10xv2_1	TCGTTCGTGTAGGAGC	SNG	sampleA	10xv2	Dendritic cell
CNA_10xv2_1	GCTGAATTGAACGAAT	SNG	sampleB	10xv2	Cytotoxic T cell
CNA_10xv2_1	CGCTTCAACCTGATCA	SNG	sampleB	10xv2	B cell
CNA_10xv2_1	AGAACGCGACACCTAA	SNG	sampleB	10xv2	CD14+ monocyte
CNA_10xv2_1	GTAAGGGTGGAATCTC	SNG	sampleA	10xv2	CD4+ T cell
CNA_10xv2_1	GCGGCAACTATAACCC	SNG	sampleA	10xv2	CD4+ T cell
CNA_10xv2_1	TCACCTGACTAAGTAG	SNG	sampleB	10xv2	CD16+ monocyte
CNA_10xv2_1	TCGTAATCTAAACTGA	SNG	sampleB	10xv2	CD14+ monocyte
CNA_10xv2_1	CAGTTGATGTGCATGT	SNG	sampleB	10xv2	CD14+ monocyte
CNA_10xv2_1	AACTTGGACTCTGGGC	SNG	sampleA	10xv2	CD4+ T cell
CNA_10xv2_1	ACGGGTAGAGCGAGTA	SNG	sampleA	10xv2	Natural killer cell
CNA_10xv2_1	CAGTATTCTGCGCTGT	SNG	sampleB	10xv2	Cytotoxic T cell
CNA_10xv2_1	AAACTCCGAGGGTAGT	SNG	sampleB	10xv2	CD14+ monocyte
CNA_10xv2_1	TACACGTGAAACGAAT	SNG	sampleB	10xv2	CD14+ monocyte
CNA_10xv2_1	TATTGCTTGCAGCAAG	SNG	sampleB	10xv2	CD14+ monocyte
CNA_10xv2_1	TTTCTGATGTGTTCCC	SNG	sampleB	10xv2	CD4+ T cell
CNA_10xv2_1	GGGATTGGAGCAGTTT	SNG	sampleA	10xv2	CD14+ monocyte
CNA_10xv2_1	GCCGTTTACTGTCACA	SNG	sampleB	10xv2	CD16+ monocyte
CNA_10xv2_1	GGTACCTCTTAGCGAG	SNG	sampleB	10xv2	Cytotoxic T cell
CNA_10xv2_1	CGTTACCTGCGTGCAC	SNG	sampleA	10xv2	CD14+ monocyte
CNA_10xv2_1	TTGTCAACTTGCTACA	SNG	sampleA	10xv2	CD14+ monocyte
CNA_10xv2_1	CCGTTACTGCCTATCC	SNG	sampleA	10xv2	CD14+ monocyte
CNA_10xv2_1	AGTTTGCGAGTCAATC	SNG	sampleA	10xv2	CD14+ monocyte
CNA_10xv2_1	GCATCTCTGGACACCC	SNG	sampleB	10xv2	Dendritic cell
CNA_10xv2_1	TGCGAATACACCGTGC	SNG	sampleA	10xv2	CD4+ T cell
CNA_10xv2_1	CCCGACAGATGAACAA	SNG	sampleA	10xv2	CD4+ T cell
CNA_10xv2_1	TACTGTTTGAGCTTGT	SNG	sampleA	10xv2	Natural killer cell
CNA_10xv2_1	TGGATAGCTCTCCTAC	SNG	sampleA	10xv2	CD14+ monocyte
CNA_10xv2_1	TACCGCTACGAACGTG	SNG	sampleB	10xv2	CD14+ monocyte
CNA_10xv2_1	GTAGCATACCGATTCA	SNG	sampleB	10xv2	Cytotoxic T cell
CNA_10xv2_1	GCGCGATACCTGTACA	SNG	sampleB	10xv2	CD14+ monocyte
CNA_10xv2_1	TCAATCGGAGAAGGCT	SNG	sampleB	10xv2	CD14+ monocyte
CNA_10xv2_1	CCTACGTACCCGGACT	SNG	sampleA	10xv2	CD4+ T cell
CNA_10xv2_1	GTGTTGTGACATCTTT	SNG	sampleB	10xv2	CD14+ monocyte
CNA_10xv2_1	TAGTGAAGACAGCAAG	SNG	sampleB	10xv2	CD4+ T cell
CNA_10xv2_1	ATTTAGCCTCCTAACA	SNG	sampleB	10xv2	CD14+ monocyte
CNA_10xv2_1	GACACCGTGCGATTAC	SNG	sampleA	10xv2	B cell
CNA_10xv2_1	CAAGAAATGGGACACA	SNG	sampleA	10xv2	CD14+ monocyte
CNA_10xv2_1	GTAGTGGGACGACAAG	SNG	sampleA	10xv2	Natural killer cell
CNA_10xv2_1	ACCCGAGACCATGATC	SNG	sampleB	10xv2	Cytotoxic T cell
CNA_10xv2_1	TCGCGGAACGATCATC	SNG	sampleA	10xv2	CD14+ monocyte
CNA_10xv2_1	GCCCATACTGAACAGC	SNG	sampleA	10xv2	CD4+ T cell
CNA_10xv2_1	TTGGTCCACCCAGCAC	SNG	sampleA	10xv2	CD14+ monocyte
CNA_10xv2_1	CGTCGTACTCGCTCGA	SNG	sampleB	10xv2	Natural killer cell
CNA_10xv2_1	TATAGCCGAGGATGGT	SNG	sampleB	10xv2	B cell
CNA_10xv2_1	GTAATCGTGCCGATTA	SNG	sampleB	10xv2	CD14+ monocyte
CNA_10xv2_1	GTCTACCACAGGCGTA	SNG	sampleA	10xv2	CD14+ monocyte
CNA_10xv2_1	CTCTTTCTGTGAGTAA	SNG	sampleB	10xv2	B cell
CNA_10xv2_1	TCACTATTGCCAACGC	SNG	sampleA	10xv2	CD14+ monocyte
CNA_10xv2_1	GTACACTGACAAGTTC	SNG	sampleB	10xv2	CD14+ monocyte
CNA_10xv2_1	ACAGCGGCTAAGTTCC	SNG	sampleB	10xv2	Cytotoxic T cell
CNA_10xv2_1	AAACGACCTGAAGTTA_GAGATCACTAGACAAT	SNG	sampleB	10xv2	CD14+ monocyte
CNA_10xv2_1	AGGGAGTTGGCTGAGA	SNG	sampleB	10xv2	CD4+ T cell
CNA_10xv2_1	GCGCAGTTGAGCAATA	SNG	sampleB	10xv2	Cytotoxic T cell
CNA_10xv2_1	GCGTGCTGATATGACC	SNG	sampleB	10xv2	CD14+ monocyte
CNA_10xv2_1	AACTCCCTGCAAGTAA	SNG	sampleA	10xv2	CD4+ T cell
CNA_10xv2_1	TTCTAGACTAAGACAT	SNG	sampleA	10xv2	CD14+ monocyte
CNA_10xv2_1	TATGTACCTGAGTAAT	SNG	sampleA	10xv2	CD4+ T cell
CNA_10xv2_1	GCGTTGTCTCTATCTT	SNG	sampleA	10xv2	CD4+ T cell
CNA_10xv2_1	CTTGCGGGAGGGTAGT	SNG	sampleA	10xv2	CD4+ T cell
CNA_10xv2_1	TCCTCATCTCTACTCC	SNG	sampleA	10xv2	CD4+ T cell
CNA_10xv2_1	ATCTCTAACCAGTCCG	SNG	sampleA	10xv2	CD4+ T cell
CNA_10xv2_1	TGCTGAAACTACGATC	SNG	sampleB	10xv2	CD4+ T cell
CNA_10xv2_1	GGTAGCAGACTCACTC	SNG	sampleA	10xv2	CD14+ monocyte
CNA_10xv2_1	GGTGGAAACACCATGT	SNG	sampleB	10xv2	CD16+ monocyte
CNA_10xv2_1	TAGCGCGACGCAGGAT	SNG	sampleB	10xv2	CD4+ T cell
CNA_10xv2_1	AACCACTGATGCTCAA	SNG	sampleB	10xv2	CD14+ monocyte
CNA_10xv2_1	AATCCAGACTGGTGAG_TCGCCTCCTGGCCTTG	SNG	sampleA	10xv2	CD14+ monocyte
CNA_10xv2_1	CTGCTGGGAAGTCGGA	SNG	sampleB	10xv2	Cytotoxic T cell
CNA_10xv2_1	GCTGGACACCGAGTGA	SNG	sampleB	10xv2	B cell
CNA_10xv2_1	CTAACTGGACCTGTGG	SNG	sampleB	10xv2	Cytotoxic T cell
CNA_10xv2_1	CCATTGCTGCTGTACA_GAAATCCACCAGACCC	SNG	sampleA	10xv2	Natural killer cell
CNA_10xv2_1	CACCCATACTGAGTAA	SNG	sampleB	10xv2	Cytotoxic T cell
CNA_10xv2_1	CAGCTCACTCTGGAAG	SNG	sampleB	10xv2	Natural killer cell
CNA_10xv2_1	TCAGCTAGAAGCAATA	SNG	sampleB	10xv2	Cytotoxic T cell
CNA_10xv2_1	ATCGCAAACCCGTGAC	SNG	sampleB	10xv2	CD4+ T cell
CNA_10xv2_1	ACGGCCTGAGAATAGT	SNG	sampleB	10xv2	CD14+ monocyte
CNA_10xv2_1	ACAGACTTGGTTGTCA	SNG	sampleB	10xv2	B cell
CNA_10xv2_1	ACACTCCACCGGCACT	SNG	sampleB	10xv2	CD14+ monocyte
CNA_10xv2_1	ACCTCGTTGCCATAAC	SNG	sampleB	10xv2	Cytotoxic T cell
CNA_10xv2_1	CCTCACAACTAATGCC	SNG	sampleB	10xv2	CD14+ monocyte
CNA_10xv2_1	CAGTGCTCTATCCGTA	SNG	sampleB	10xv2	Cytotoxic T cell
CNA_10xv2_1	GACTATCGACCGATTA	SNG	sampleB	10xv2	Cytotoxic T cell
CNA_10xv2_1	CACGGAAGAGCTCCTT	SNG	sampleA	10xv2	CD16+ monocyte
CNA_10xv2_1	TACCCGTTGTGCGTGC	SNG	sampleB	10xv2	Cytotoxic T cell
CNA_10xv2_1	AAGGCTTACGTACTAC	SNG	sampleB	10xv2	Cytotoxic T cell
CNA_10xv2_1	ATTTCTGACGTTAGAA	SNG	sampleB	10xv2	CD4+ T cell
CNA_10xv2_1	GGCTTGCGAGGACAGT	SNG	sampleB	10xv2	CD16+ monocyte
CNA_10xv2_1	AGGGACATGCGAGTGA	SNG	sampleB	10xv2	Natural killer cell
CNA_10xv2_1	GAGAGGTTGGCGGTTC	SNG	sampleA	10xv2	Natural killer cell
CNA_10xv2_1	CATCAGTGATAGCAGG	SNG	sampleA	10xv2	Cytotoxic T cell
CNA_10xv2_1	ATCGAGTTGCCTAACA	SNG	sampleB	10xv2	CD14+ monocyte
CNA_10xv2_1	TTAGTCTTGCGACACC	SNG	sampleB	10xv2	CD14+ monocyte
CNA_10xv2_1	AGGTGATCTTCGTACA	SNG	sampleB	10xv2	CD14+ monocyte
CNA_10xv2_1	TTGCGGTCTCCACAAT	SNG	sampleA	10xv2	CD14+ monocyte
CNA_10xv2_1	TACCTGCTGGCTCAGC	SNG	sampleA	10xv2	CD4+ T cell
CNA_10xv2_1	AGTACGACTAAGTAAC	SNG	sampleA	10xv2	CD14+ monocyte
CNA_10xv2_1	GTTCAGAACCGTGCAC	SNG	sampleB	10xv2	Dendritic cell
CNA_10xv2_1	CACTCTTCTACGCGAA	SNG	sampleA	10xv2	CD4+ T cell
CNA_10xv2_1	TTAGCCAGATAGGAGC	SNG	sampleB	10xv2	Cytotoxic T cell
CNA_10xv2_1	GCATCCTTGGCTGAGA	SNG	sampleA	10xv2	CD4+ T cell
CNA_10xv2_1	GCGGTTCGATCGACAT	SNG	sampleB	10xv2	Cytotoxic T cell
CNA_10xv2_1	AACATCCGAATGTCCA	SNG	sampleB	10xv2	Cytotoxic T cell
CNA_10xv2_1	AACTTACCTTGGCTTA	SNG	sampleB	10xv2	Cytotoxic T cell
CNA_10xv2_1	CTTCACGTGCTGCGGT	SNG	sampleB	10xv2	CD16+ monocyte
CNA_10xv2_1	GACGACAGATGCACCG	SNG	sampleA	10xv2	B cell
CNA_10xv2_1	CTCTCTTTGTGATCAC	SNG	sampleA	10xv2	Natural killer cell
CNA_10xv2_1	ATACCACGATTGACCA	SNG	sampleA	10xv2	B cell
CNA_10xv2_1	GCTGGACACTGGCTTA	SNG	sampleB	10xv2	Natural killer cell
CNA_10xv2_1	AGTCGAACTGGACAGT	SNG	sampleB	10xv2	CD4+ T cell
CNA_10xv2_1	CTATGCCACCACTCAA	SNG	sampleB	10xv2	CD4+ T cell
CNA_10xv2_1	GGGTCGTACGCACTTA	SNG	sampleB	10xv2	CD14+ monocyte
CNA_10xv2_1	CCCGAGTGAGGGACTA	SNG	sampleB	10xv2	CD4+ T cell
CNA_10xv2_1	CGCATCTTGGCCACGT	SNG	sampleB	10xv2	CD14+ monocyte
CNA_10xv2_1	CATAGCATGCGGTTTA	SNG	sampleA	10xv2	Natural killer cell
CNA_10xv2_1	CGCATCGGAAGGGAGG	SNG	sampleA	10xv2	CD14+ monocyte
CNA_10xv2_1	GTGCTAATGTCAGGTT	SNG	sampleA	10xv2	CD4+ T cell
CNA_10xv2_1	CGCGATCGAGTTGACT	SNG	sampleA	10xv2	CD14+ monocyte
CNA_10xv2_1	TAGGATAGAGCTTACA	SNG	sampleB	10xv2	CD4+ T cell
CNA_10xv2_1	ACAGTCATGCTGGAAG	SNG	sampleB	10xv2	CD4+ T cell
CNA_10xv2_1	GTTACAGTGATTGCCA	SNG	sampleA	10xv2	CD14+ monocyte
CNA_10xv2_1	GGGTCGTACCGTACAT	SNG	sampleB	10xv2	Natural killer cell
CNA_10xv2_1	AAAGTCAGAAAGGCCA	SNG	sampleB	10xv2	Natural killer cell
CNA_10xv2_1	GGCACAAGAAGGACAC	SNG	sampleA	10xv2	B cell
CNA_10xv2_1	GTAAGAAACCGACAAG	SNG	sampleB	10xv2	CD14+ monocyte
CNA_10xv2_1	TCGGGTCGAGCTGGCT	SNG	sampleB	10xv2	CD14+ monocyte
CNA_10xv2_1	CACTATACTGGATGGT	SNG	sampleB	10xv2	CD4+ T cell
CNA_10xv2_1	TCGGGTCGACAAGTTC	SNG	sampleA	10xv2	CD4+ T cell
CNA_10xv2_1	CCCTGATTGACCAAGG	SNG	sampleB	10xv2	Cytotoxic T cell
CNA_10xv2_1	CGGTGTGTGTGGAACG	SNG	sampleA	10xv2	CD14+ monocyte
CNA_10xv2_1	GAGGCAATGCTGATCA	SNG	sampleB	10xv2	CD14+ monocyte
CNA_10xv2_1	ATGATAGGAGGTGTCC	SNG	sampleA	10xv2	CD14+ monocyte
CNA_10xv2_1	CCTTACTCTAGCCATT	SNG	sampleB	10xv2	B cell
CNA_10xv2_1	ATCCAGCCTAGCCATT	SNG	sampleB	10xv2	Cytotoxic T cell
CNA_10xv2_1	GTATAGCTGAAGCTAA	SNG	sampleB	10xv2	CD16+ monocyte
CNA_10xv2_1	ATGGGACGAAGGACCA	SNG	sampleA	10xv2	CD4+ T cell
CNA_10xv2_1	CGTGGAAGACTAACGT	SNG	sampleB	10xv2	CD4+ T cell
CNA_10xv2_1	TGTCTGCACTTCGCCT	SNG	sampleB	10xv2	Cytotoxic T cell
CNA_10xv2_1	GCATCTCTGACCAAGG	SNG	sampleB	10xv2	Natural killer cell
CNA_10xv2_1	TTGTACTACGGCCTTG	SNG	sampleB	10xv2	B cell
CNA_10xv2_1	AAGATCAGACGATGTT	SNG	sampleB	10xv2	CD4+ T cell
CNA_10xv2_1	AATAAGGACGATCATC	SNG	sampleA	10xv2	CD4+ T cell
CNA_10xv2_1	GCCAGTCGAGGTAGAC	SNG	sampleB	10xv2	CD4+ T cell
CNA_10xv2_1	GCCCATACTAGGCGTA	SNG	sampleB	10xv2	CD4+ T cell
CNA_10xv2_1	TGGAAGTCTTGGTGAG	SNG	sampleB	10xv2	CD4+ T cell
CNA_10xv2_1	TTAGCCAGATGTGGGA	SNG	sampleB	10xv2	B cell
CNA_10xv2_1	CTGGGACACTACACTG	SNG	sampleB	10xv2	CD14+ monocyte
CNA_10xv2_1	CAACCCTACGAAGGTC	SNG	sampleA	10xv2	CD4+ T cell
CNA_10xv2_1	CCTACGTACGATAGCG	SNG	sampleB	10xv2	CD14+ monocyte
CNA_10xv2_1	TCACTATTGGGATGGT	SNG	sampleB	10xv2	CD4+ T cell
CNA_10xv2_1	CTCTGAAGAAGGGCTA	SNG	sampleA	10xv2	Cytotoxic T cell
CNA_10xv2_1	TGAGGTACTGCCGTTG	SNG	sampleA	10xv2	Dendritic cell
CNA_10xv2_1	GCATAGTACAAGACAT	SNG	sampleB	10xv2	CD16+ monocyte
CNA_10xv2_1	TTACTGGGATCTTTGT	SNG	sampleA	10xv2	Natural killer cell
CNA_10xv2_1	TACGTGTGAGCTTCGG	SNG	sampleA	10xv2	CD16+ monocyte
CNA_10xv2_1	TATGCTTTGCAGGCCT	SNG	sampleB	10xv2	B cell
CNA_10xv2_1	TGTAAGCTGGTCGGTC	SNG	sampleA	10xv2	CD14+ monocyte
CNA_10xv2_1	GCATATCGACGAGTGA	SNG	sampleB	10xv2	CD14+ monocyte
CNA_10xv2_1	CAAAGGGACGGGTAGT	SNG	sampleB	10xv2	CD14+ monocyte
CNA_10xv2_1	AGTCACAACATTCGGT	SNG	sampleB	10xv2	CD4+ T cell
CNA_10xv2_1	GAAGCCCTGAGCTGAG	SNG	sampleB	10xv2	Cytotoxic T cell
CNA_10xv2_1	ACGAGGATGAACTAGA	SNG	sampleA	10xv2	CD14+ monocyte
CNA_10xv2_1	CACAGCGTGCACCTAA	SNG	sampleA	10xv2	CD4+ T cell
CNA_10xv2_1	AGGTAGGTGCAGGGTA	SNG	sampleA	10xv2	CD16+ monocyte
CNA_10xv2_1	GACCTTGCTACACCGC	SNG	sampleB	10xv2	CD14+ monocyte
CNA_10xv2_1	GACGCACACTGCCACG	SNG	sampleB	10xv2	B cell
CNA_10xv2_1	AGTCGCGTGCGACATT	SNG	sampleA	10xv2	Natural killer cell
CNA_10xv2_1	TCGCGGTGATTGCGTA	SNG	sampleB	10xv2	B cell
CNA_10xv2_1	CTTCCTTTGCCAGCTG	SNG	sampleB	10xv2	CD14+ monocyte
CNA_10xv2_1	GGATTAAGACTGTACA	SNG	sampleA	10xv2	CD4+ T cell
CNA_10xv2_1	GGTATTTCTCGTTATG	SNG	sampleA	10xv2	Cytotoxic T cell
CNA_10xv2_1	TTAGTCTTGGGACCAA	SNG	sampleA	10xv2	CD14+ monocyte
CNA_10xv2_1	TTGGCGCGATCCCGTT	SNG	sampleA	10xv2	CD14+ monocyte
CNA_10xv2_1	GAATCAGCTGCGGTAA	SNG	sampleB	10xv2	Natural killer cell
CNA_10xv2_1	TGTATTCACATAACCC	SNG	sampleA	10xv2	CD14+ monocyte
CNA_10xv2_1	GTTCGGCGATTGACCA	SNG	sampleB	10xv2	CD14+ monocyte
CNA_10xv2_1	CCCAGGATGCAGTCTA	SNG	sampleA	10xv2	Cytotoxic T cell
CNA_10xv2_1	AATGGGTCTTACGATC	SNG	sampleA	10xv2	Natural killer cell
CNA_10xv2_1	AGATACGCTTGAGTAA	SNG	sampleA	10xv2	Cytotoxic T cell
CNA_10xv2_1	CCATGATGAGACTCGC	SNG	sampleA	10xv2	CD4+ T cell
CNA_10xv2_1	GATAAGAACCGAATCT	SNG	sampleB	10xv2	CD16+ monocyte
CNA_10xv2_1	AGTGTGACTTTGCGTA	SNG	sampleB	10xv2	Cytotoxic T cell
CNA_10xv2_1	TCCGACACTATCCTTT	SNG	sampleA	10xv2	CD4+ T cell
CNA_10xv2_1	ATTCCTAACCTGGAAG	SNG	sampleA	10xv2	CD16+ monocyte
CNA_10xv2_1	TTCCTAAACTAGGCGA	SNG	sampleA	10xv2	CD14+ monocyte
CNA_10xv2_1	CTGCTTTCTCCGGCTA	SNG	sampleB	10xv2	CD14+ monocyte
CNA_10xv2_1	CTAGTGCCTAAGTTAG	SNG	sampleB	10xv2	Natural killer cell
CNA_10xv2_1	ATCCCGACTTGTGGGA	SNG	sampleA	10xv2	CD14+ monocyte
CNA_10xv2_1	TTAGACCGATGGCATT	SNG	sampleB	10xv2	CD4+ T cell
CNA_10xv2_1	CTATGCCACCGACAAG	SNG	sampleA	10xv2	CD4+ T cell
CNA_10xv2_1	GGGCTTCGATACTTTC	SNG	sampleA	10xv2	B cell
CNA_10xv2_1	TTATCGACTGGTTTGT	SNG	sampleA	10xv2	CD14+ monocyte
CNA_10xv2_1	CAATTCGGAAGTAGGC	SNG	sampleA	10xv2	CD4+ T cell
CNA_10xv2_1	ACGGCTTCTCATACTG	SNG	sampleB	10xv2	CD16+ monocyte
CNA_10xv2_1	TTACACACTAGTCTGT	SNG	sampleB	10xv2	Natural killer cell
CNA_10xv2_1	TGCGACGACCCGGCTA	SNG	sampleA	10xv2	Natural killer cell
CNA_10xv2_1	GTTGAAGCTACCGTGC	SNG	sampleA	10xv2	CD4+ T cell
CNA_10xv2_1	TGGACGCACTATCTGG	SNG	sampleB	10xv2	CD14+ monocyte
CNA_10xv2_1	GACAGGAACAGAGGCT	SNG	sampleA	10xv2	CD16+ monocyte
CNA_10xv2_1	CAGTATTCTTTCGTTT	SNG	sampleB	10xv2	Cytotoxic T cell
CNA_10xv2_1	AGAACCTTGAATCGAA	SNG	sampleA	10xv2	CD4+ T cell
CNA_10xv2_1	CTCCGTAACCCATAAC	SNG	sampleB	10xv2	CD4+ T cell
CNA_10xv2_1	CTCGGCAGACTGTACA	SNG	sampleA	10xv2	CD14+ monocyte
CNA_10xv2_1	AAGACCTACAAGGCTG	SNG	sampleA	10xv2	CD14+ monocyte
CNA_10xv2_1	AAGGCTTACTTCTGGA	SNG	sampleA	10xv2	CD4+ T cell
CNA_10xv2_1	TCTACTAACTGATCAC	SNG	sampleA	10xv2	Natural killer cell
CNA_10xv2_1	CCGATTCACCATACTG	SNG	sampleA	10xv2	CD14+ monocyte
CNA_10xv2_1	ATCTTACTGGTCTTGA	SNG	sampleB	10xv2	CD4+ T cell
CNA_10xv2_1	GCGAGAATGTGCAAGG	SNG	sampleB	10xv2	CD14+ monocyte
CNA_10xv2_1	GTCATATCTGGACCAA	SNG	sampleB	10xv2	B cell
CNA_10xv2_1	GCGCGAACTGTACTAC	SNG	sampleB	10xv2	CD16+ monocyte
CNA_10xv2_1	TTCGCCAACTGCTGTA	SNG	sampleA	10xv2	CD14+ monocyte
CNA_10xv2_1	TCTTTAGACTACGTTG	SNG	sampleB	10xv2	CD14+ monocyte
CNA_10xv2_1	AAGTTTCCTATGTCCA_TGCTACCTGTGATCAC	SNG	sampleA	10xv2	CD14+ monocyte
CNA_10xv2_1	GGGAACCCTCTATCTT	SNG	sampleB	10xv2	B cell
CNA_10xv2_1	GCGACAAGACCATAAC_TACTGTTTGGTTCTCC	SNG	sampleB	10xv2	CD4+ T cell
CNA_10xv2_1	GAACTAGCTTGCAAGG	SNG	sampleB	10xv2	B cell
CNA_10xv2_1	GCTACAAACCCGTTAA	SNG	sampleB	10xv2	Cytotoxic T cell
CNA_10xv2_1	AAAGTCAGAGGGTAGT	SNG	sampleB	10xv2	CD14+ monocyte
CNA_10xv2_1	CGCTTACTGTCGTAGT	SNG	sampleA	10xv2	CD14+ monocyte
CNA_10xv2_1	TGATAGAGAATAGGTA	SNG	sampleA	10xv2	CD14+ monocyte
CNA_10xv2_1	CTTCCACGAGCTTACA	SNG	sampleB	10xv2	Cytotoxic T cell
CNA_10xv2_1	AGCGCTCGAGGACTGA	SNG	sampleB	10xv2	Cytotoxic T cell
CNA_10xv2_1	TTGTTTGACACAGGCA	SNG	sampleA	10xv2	CD14+ monocyte
CNA_10xv2_1	TCAAGCAACCTGCCAG	SNG	sampleA	10xv2	Cytotoxic T cell
CNA_10xv2_1	ATTGAGAGAAAAGCTA	SNG	sampleB	10xv2	CD4+ T cell
CNA_10xv2_1	GGTTCACCTATACGCT	SNG	sampleB	10xv2	CD14+ monocyte
CNA_10xv2_1	GCCTAGTCTAGTACGG	SNG	sampleA	10xv2	CD14+ monocyte
CNA_10xv2_1	CATTGGAACTTCTGGA	SNG	sampleB	10xv2	CD14+ monocyte
CNA_10xv2_1	TGCTAAGACGGCATTT	SNG	sampleA	10xv2	CD14+ monocyte
CNA_10xv2_1	TGGGCGTACGCCGTTG	SNG	sampleB	10xv2	CD16+ monocyte
CNA_10xv2_1	TTGTTAGCTCAAGTTC	SNG	sampleA	10xv2	CD14+ monocyte
CNA_10xv2_1	CAAGATAGACCAACGC	SNG	sampleB	10xv2	CD14+ monocyte
CNA_10xv2_1	GTACCGGACAACTAGA	SNG	sampleB	10xv2	B cell
CNA_10xv2_1	GACTCTCACTGGCTTA	SNG	sampleB	10xv2	Dendritic cell
CNA_10xv2_1	TGACTCAGACGGCTCA	SNG	sampleB	10xv2	CD16+ monocyte
CNA_10xv2_1	GACCGTGTGTCGTAGT	SNG	sampleA	10xv2	B cell
CNA_10xv2_1	TTACGTTACTCATTTC	SNG	sampleB	10xv2	CD4+ T cell
CNA_10xv2_1	AGAGACCGATTCTGAG	SNG	sampleB	10xv2	CD16+ monocyte
CNA_10xv2_1	TAAGCCAACCCAGAGA	SNG	sampleA	10xv2	CD4+ T cell
CNA_10xv2_1	GTTGACTGAACAGGTG	SNG	sampleB	10xv2	B cell
CNA_10xv2_1	TTTCGTAACCATAGCT	SNG	sampleB	10xv2	CD4+ T cell
CNA_10xv2_1	AGAGAATTGGCCAGCT	SNG	sampleA	10xv2	Cytotoxic T cell
CNA_10xv2_1	TATCCATACAGTTGAA	SNG	sampleA	10xv2	CD14+ monocyte
CNA_10xv2_1	AGTTTCTTGGGCAGTA	SNG	sampleB	10xv2	CD16+ monocyte
CNA_10xv2_1	GAGTCTCCTTGCGTGC	SNG	sampleB	10xv2	B cell
CNA_10xv2_1	TTTACCATGTCCAATG	SNG	sampleB	10xv2	Cytotoxic T cell
CNA_10xv2_1	TGAGGAGTGAGCAGGT	SNG	sampleA	10xv2	CD14+ monocyte
CNA_10xv2_1	GCTTACCACACCCGGT	SNG	sampleA	10xv2	CD14+ monocyte
CNA_10xv2_1	AGAACCTTGAGGACCA_TAAGCACACTCGTACA	SNG	sampleA	10xv2	CD14+ monocyte
CNA_10xv2_1	TTGCTAACTAAGGCTG	SNG	sampleB	10xv2	CD14+ monocyte
CNA_10xv2_1	GCCCTTAACCCTAACA	SNG	sampleA	10xv2	CD14+ monocyte
CNA_10xv2_1	ATCGCCGGATGCTGGC	SNG	sampleB	10xv2	CD14+ monocyte
CNA_10xv2_1	TGGTCAAACAATAGCA	SNG	sampleB	10xv2	Cytotoxic T cell
CNA_10xv2_1	ATGACAAGAGAGTAAT	SNG	sampleA	10xv2	CD14+ monocyte
CNA_10xv2_1	TCACACAGATACAGAA	SNG	sampleB	10xv2	Natural killer cell
CNA_10xv2_1	CGACCTTTGGCTTACA	SNG	sampleB	10xv2	CD14+ monocyte
CNA_10xv2_1	AAGCCATTGCCTACGG	SNG	sampleA	10xv2	CD4+ T cell
CNA_10xv2_1	TAAGCCAACGCCCAAC	SNG	sampleA	10xv2	B cell
CNA_10xv2_1	GATGCGCACCTAACGT	SNG	sampleA	10xv2	CD4+ T cell
CNA_10xv2_1	CGGAATTTGTGCAAGG	SNG	sampleA	10xv2	CD4+ T cell
CNA_10xv2_1	CAACGAACTGTGAGCA	SNG	sampleB	10xv2	CD14+ monocyte
CNA_10xv2_1	TCGGACTCTCTTAGTG	SNG	sampleB	10xv2	CD14+ monocyte
CNA_10xv2_1	GGGCGATCTGCGGTTC	SNG	sampleB	10xv2	Natural killer cell
CNA_10xv2_1	CTTCAGCACCGAGGAT	SNG	sampleB	10xv2	Natural killer cell
CNA_10xv2_1	TCGACTAGATTCTGAG	SNG	sampleB	10xv2	CD14+ monocyte
CNA_10xv2_1	CCGACTACTTCGACAT	SNG	sampleB	10xv2	CD4+ T cell
CNA_10xv2_1	TCTAACGGACCGCTAG	SNG	sampleA	10xv2	CD4+ T cell
CNA_10xv2_1	GGACACCTGACGCGAA	SNG	sampleA	10xv2	CD14+ monocyte
CNA_10xv2_1	ATGCATCGACCGCAGT	SNG	sampleA	10xv2	CD14+ monocyte
CNA_10xv2_1	AAACATGGATTGACAC	SNG	sampleB	10xv2	CD4+ T cell
CNA_10xv2_1	AATGGTGCTAGCGCTC	SNG	sampleA	10xv2	CD4+ T cell
CNA_10xv2_1	TGTCTGCACAAGGCCA	SNG	sampleA	10xv2	Cytotoxic T cell
CNA_10xv2_1	TTTCGTAACTTAGAAG	SNG	sampleA	10xv2	CD14+ monocyte
CNA_10xv2_1	ACTCTAGGACGCTCGA	SNG	sampleB	10xv2	CD14+ monocyte
CNA_10xv2_1	ATGCAACTGCCGGACT	SNG	sampleA	10xv2	Natural killer cell
CNA_10xv2_1	CTAATCTTGGATAGCG	SNG	sampleB	10xv2	CD16+ monocyte
CNA_10xv2_1	TCGCGGAACTAATGCC	SNG	sampleA	10xv2	CD4+ T cell
CNA_10xv2_1	AGTCGCGTGAACCAAA	SNG	sampleA	10xv2	CD4+ T cell
CNA_10xv2_1	TATCAGCGATTGCAGT	SNG	sampleB	10xv2	CD4+ T cell
CNA_10xv2_1	GGTTCATGAATCAGCT	SNG	sampleA	10xv2	Cytotoxic T cell
CNA_10xv2_1	ACATGTGTGAGGGAGG	SNG	sampleB	10xv2	Cytotoxic T cell
CNA_10xv2_1	TGAGGCCACGTTAGAA	SNG	sampleA	10xv2	CD14+ monocyte
CNA_10xv2_1	CCGCTAACTTCGACAT	SNG	sampleA	10xv2	CD4+ T cell
CNA_10xv2_1	CTCGGTTACCAAGTAA	SNG	sampleB	10xv2	CD4+ T cell
CNA_10xv2_1	TGCGGCAACAAATGCA	SNG	sampleB	10xv2	CD4+ T cell
CNA_10xv2_1	CACTATTTGACACCTA	SNG	sampleA	10xv2	Cytotoxic T cell
CNA_10xv2_1	CGCACACGAGCTCCTT	SNG	sampleB	10xv2	CD4+ T cell
CNA_10xv2_1	GCCTATAGATAATAGG	SNG	sampleA	10xv2	CD4+ T cell
CNA_10xv2_1	AATAAGGACACCGTTA	SNG	sampleB	10xv2	CD14+ monocyte
CNA_10xv2_1	CTTTATGTGATACGCT	SNG	sampleA	10xv2	CD16+ monocyte
CNA_10xv2_1	ATAGGCGGAAGCAAGC	SNG	sampleB	10xv2	CD14+ monocyte
CNA_10xv2_1	ATCGAGACTACGTGCC	SNG	sampleA	10xv2	CD16+ monocyte
CNA_10xv2_1	TTTCGGCTGGAATGTA	SNG	sampleB	10xv2	CD14+ monocyte
CNA_10xv2_1	GACTATTCTAGACTTC	SNG	sampleA	10xv2	CD14+ monocyte
CNA_10xv2_1	GCTTACCACTGGAACG	SNG	sampleA	10xv2	CD16+ monocyte
CNA_10xv2_1	GGGTTCTCTTGGTGAG	SNG	sampleB	10xv2	CD14+ monocyte
CNA_10xv2_1	CGGTGTGTGAAATGCA	SNG	sampleA	10xv2	CD14+ monocyte
CNA_10xv2_1	TAAGCACACATGGCCC	SNG	sampleB	10xv2	B cell
CNA_10xv2_1	GTCGACCGAGCCCTGA	SNG	sampleA	10xv2	CD14+ monocyte
CNA_10xv2_1	AACGAACCTGCAGGAT	SNG	sampleA	10xv2	Natural killer cell
CNA_10xv2_1	GACTATCGACGTTAGT	SNG	sampleA	10xv2	CD14+ monocyte
CNA_10xv2_1	AGATACGCTTCTGCAA_CAGGGCACTTCTGCAA_CTGGGACACGGTTTGT_TGTTCCTCTCTCCTAC	SNG	sampleB	10xv2	CD14+ monocyte
CNA_10xv2_1	CAAACCATGGCACGCT	SNG	sampleB	10xv2	CD14+ monocyte
CNA_10xv2_1	GCTAGCGACGATGGAC	SNG	sampleA	10xv2	CD14+ monocyte
CNA_10xv2_1	TCCGCGAGATGGTCCG	SNG	sampleA	10xv2	CD16+ monocyte
CNA_10xv2_1	TGGTTAGACACCTGCG	SNG	sampleB	10xv2	B cell
CNA_10xv2_1	GGTACTCCTGTGAGCA	SNG	sampleA	10xv2	Dendritic cell
CNA_10xv2_1	TCGTAGAACCAGCACC	SNG	sampleB	10xv2	B cell
CNA_10xv2_1	ACGATCATGTCGACAT	SNG	sampleB	10xv2	CD14+ monocyte
CNA_10xv2_1	TAAGCTGACTGATCAC	SNG	sampleA	10xv2	CD14+ monocyte
CNA_10xv2_1	TCGTAATCTAACCCGC	SNG	sampleB	10xv2	CD16+ monocyte
CNA_10xv2_1	CAAGGGATGTAAGCAA	SNG	sampleA	10xv2	CD4+ T cell
CNA_10xv2_1	ACACATCGACGAAGCA	SNG	sampleB	10xv2	Cytotoxic T cell
CNA_10xv2_1	AGTAGAAACTTTCGCC	SNG	sampleA	10xv2	CD4+ T cell
CNA_10xv2_1	TCCTGTGACTTCGCAA	SNG	sampleB	10xv2	CD4+ T cell
CNA_10xv2_1	TCCTAATTGACTAGGG	SNG	sampleA	10xv2	Cytotoxic T cell
CNA_10xv2_1	CTGCTGGGAGACACCC	SNG	sampleB	10xv2	CD14+ monocyte
CNA_10xv2_1	GTCTAATCTCATGCAT	SNG	sampleA	10xv2	CD14+ monocyte
CNA_10xv2_1	TTTCGGCTGAGCAGGT	SNG	sampleB	10xv2	B cell
CNA_10xv2_1	GGCCTTTACTGCGTGC	SNG	sampleB	10xv2	CD16+ monocyte
CNA_10xv2_1	AAGTCTTCTACAGGCA	SNG	sampleB	10xv2	Cytotoxic T cell
CNA_10xv2_1	GATTCTGGAGCTAATC	SNG	sampleA	10xv2	Cytotoxic T cell
CNA_10xv2_1	CGACGTTCTGCTGAGA	SNG	sampleB	10xv2	B cell
CNA_10xv2_1	ACTGTCCACCACTCAA	SNG	sampleA	10xv2	CD14+ monocyte
CNA_10xv2_1	CCACGAGTGTGAAAGT	SNG	sampleB	10xv2	CD14+ monocyte
CNA_10xv2_1	ATCGCCGGACGATTCA	SNG	sampleA	10xv2	CD4+ T cell
CNA_10xv2_1	ACCGGAGCTATCCGTA	SNG	sampleA	10xv2	Cytotoxic T cell
CNA_10xv2_1	AGCCGGTACTAAGCAA	SNG	sampleB	10xv2	Cytotoxic T cell
CNA_10xv2_1	GATACGTACACCTGCG	SNG	sampleA	10xv2	Cytotoxic T cell
CNA_10xv2_1	GTCGGCTGAACCCGGT	SNG	sampleA	10xv2	CD4+ T cell
CNA_10xv2_1	AGGTAGCGATGATCAC	SNG	sampleB	10xv2	CD4+ T cell
CNA_10xv2_1	TCAACATCTCCAAGTT	SNG	sampleA	10xv2	CD14+ monocyte
CNA_10xv2_1	ACGTGTTGATTCGCAA	SNG	sampleB	10xv2	Natural killer cell
CNA_10xv2_1	GCGCTACGAGAAGTTA	SNG	sampleB	10xv2	CD16+ monocyte
CNA_10xv2_1	CCGACAGTGTGCTACA	SNG	sampleB	10xv2	CD16+ monocyte
CNA_10xv2_1	CAACGAACTCAATGAA	SNG	sampleA	10xv2	CD14+ monocyte
CNA_10xv2_1	ACCTACCTGGAAGGTC	SNG	sampleA	10xv2	Cytotoxic T cell
CNA_10xv2_1	GCGTTGTCTGCGAGTA	SNG	sampleB	10xv2	CD16+ monocyte
CNA_10xv2_1	CTGTAAGTGCACCTAA	SNG	sampleB	10xv2	CD4+ T cell
CNA_10xv2_1	ACTTATCTGTCGGGCT	SNG	sampleB	10xv2	CD16+ monocyte
CNA_10xv2_1	CGAGTTAACGCAGTTT_GGGCAATGAGACAAAT	SNG	sampleB	10xv2	CD4+ T cell
CNA_10xv2_1	ACACAGACTGACCGAA	SNG	sampleB	10xv2	B cell
CNA_10xv2_1	TGTTACTACTTGTGAC	SNG	sampleA	10xv2	CD14+ monocyte
CNA_10xv2_1	TGGAATCACCATGATC	SNG	sampleB	10xv2	CD4+ T cell
CNA_10xv2_1	GCGGCTATGAATCCAC	SNG	sampleA	10xv2	Cytotoxic T cell
CNA_10xv2_1	ACAGTCATGAGTCTAC	SNG	sampleB	10xv2	Cytotoxic T cell
CNA_10xv2_1	GCCAGTCGATAACGGG	SNG	sampleB	10xv2	Cytotoxic T cell
CNA_10xv2_1	GAACAAATGATTAAGG	SNG	sampleA	10xv2	CD4+ T cell
CNA_10xv2_1	TAACGAGCTCATAGCT	SNG	sampleB	10xv2	CD4+ T cell
CNA_10xv2_1	GACTATCGAAGTCTAC	SNG	sampleB	10xv2	CD14+ monocyte
CNA_10xv2_1	AGCAGAGACCGGAATG	SNG	sampleA	10xv2	CD14+ monocyte
CNA_10xv2_1	ATGCAAAGACGTTATG	SNG	sampleA	10xv2	Natural killer cell
CNA_10xv2_1	TTACCATTGTACCTGA	SNG	sampleB	10xv2	Natural killer cell
CNA_10xv2_1	CATGGAGGAACCAAGG	SNG	sampleB	10xv2	CD14+ monocyte
CNA_10xv2_1	AAGGCTTACATCAGCT	SNG	sampleB	10xv2	CD14+ monocyte
CNA_10xv2_1	GTCGGCTGAGCTTACA	SNG	sampleB	10xv2	CD4+ T cell
CNA_10xv2_1	GACCGTGTGCGATCGC	SNG	sampleB	10xv2	Cytotoxic T cell
CNA_10xv2_1	TGTCCCATGGCACGCT	SNG	sampleA	10xv2	CD14+ monocyte
CNA_10xv2_1	TAGACCTGATGTTGTG	SNG	sampleB	10xv2	CD16+ monocyte
CNA_10xv2_1	CCCAGAGACCTCATTT	SNG	sampleA	10xv2	CD14+ monocyte
CNA_10xv2_1	GGCGCAACTTGGCAAG	SNG	sampleB	10xv2	CD4+ T cell
CNA_10xv2_1	ACAGACTTGCGAGTTT	SNG	sampleB	10xv2	Cytotoxic T cell
CNA_10xv2_1	CGTGGAAGAGCCCAAC	SNG	sampleA	10xv2	Cytotoxic T cell
CNA_10xv2_1	GGAGTTACTTGAGTAA	SNG	sampleB	10xv2	B cell
CNA_10xv2_1	CCTCATGACCGTACAT	SNG	sampleB	10xv2	CD16+ monocyte
CNA_10xv2_1	CGCATCGGACAGGGAT	SNG	sampleB	10xv2	CD14+ monocyte
CNA_10xv2_1	CCACAACCTTCGTCAA	SNG	sampleB	10xv2	B cell
CNA_10xv2_1	GGGTTCTCTCGTAGAG	SNG	sampleB	10xv2	CD4+ T cell
CNA_10xv2_1	TGTATGCGAACGTAAA	SNG	sampleB	10xv2	CD4+ T cell
CNA_10xv2_1	CGTTACCTGTCTGCAA	SNG	sampleB	10xv2	Cytotoxic T cell
CNA_10xv2_1	CTAACTGGATCGTAGT	SNG	sampleA	10xv2	Natural killer cell
CNA_10xv2_1	TGTTACTACCAATGAA	SNG	sampleA	10xv2	Cytotoxic T cell
CNA_10xv2_1	GTAACTGTGTCGTCAA	SNG	sampleA	10xv2	CD4+ T cell
CNA_10xv2_1	CCTCCTGCTTTGTTTC	SNG	sampleA	10xv2	Cytotoxic T cell
CNA_10xv2_1	ATGTTTCACAGAGGCT	SNG	sampleB	10xv2	CD14+ monocyte
CNA_10xv2_1	GGTATCTGACTTTGTT	SNG	sampleA	10xv2	CD4+ T cell
CNA_10xv2_1	GACCGTGTGGTTAGGG	SNG	sampleB	10xv2	CD16+ monocyte
CNA_10xv2_1	GGACCTCGAGTTGTCA	SNG	sampleB	10xv2	B cell
CNA_10xv2_1	CCCTCCTTGTGCCACG	SNG	sampleA	10xv2	B cell
CNA_10xv2_1	ATGTGTGTGCGTTCTC	SNG	sampleA	10xv2	Cytotoxic T cell
CNA_10xv2_1	TTCACGAGACGTTATG	SNG	sampleA	10xv2	CD4+ T cell
CNA_10xv2_1	CAGGGCACTCGTACAT	SNG	sampleB	10xv2	B cell
CNA_10xv2_1	TGCGAATACGACACCC	SNG	sampleB	10xv2	CD14+ monocyte
CNA_10xv2_1	TGAGCGCACGAAGGCT	SNG	sampleB	10xv2	CD14+ monocyte
CNA_10xv2_1	ATCGAAAGAGCGCTGT	SNG	sampleB	10xv2	Cytotoxic T cell
CNA_10xv2_1	GCAAATCTGGAATCTC	SNG	sampleB	10xv2	Cytotoxic T cell
CNA_10xv2_1	TTGTACTACAGGCGTA	SNG	sampleA	10xv2	CD14+ monocyte
CNA_10xv2_1	GAAGCACGATGCATGT	SNG	sampleB	10xv2	Cytotoxic T cell
CNA_10xv2_1	CTCTCTTTGGGGATTG	SNG	sampleB	10xv2	Natural killer cell
CNA_10xv2_1	GCCAATTGACGCTCGA	SNG	sampleA	10xv2	Natural killer cell
CNA_10xv2_1	GACTCTCACTGGTCCG	SNG	sampleA	10xv2	Natural killer cell
CNA_10xv2_1	CCATTGCTGGACATAA	SNG	sampleB	10xv2	CD16+ monocyte
CNA_10xv2_1	GCGAAGCCTCCACTTC	SNG	sampleA	10xv2	CD4+ T cell
CNA_10xv2_1	CCATTGCTGGTTTACG	SNG	sampleB	10xv2	Cytotoxic T cell
CNA_10xv2_1	ACTTCATACGGAGTCA	SNG	sampleA	10xv2	Cytotoxic T cell
CNA_10xv2_1	CTCTATAACTTGTGAC	SNG	sampleB	10xv2	B cell
CNA_10xv2_1	GGCTGACTGCCAGGCT	SNG	sampleB	10xv2	CD14+ monocyte
CNA_10xv2_1	ATCGCAAACTTGCGTA	SNG	sampleB	10xv2	B cell
CNA_10xv2_1	GCTATGATGTGCTACA	SNG	sampleA	10xv2	Cytotoxic T cell
CNA_10xv2_1	CTAACTGGACGCCACA	SNG	sampleB	10xv2	Dendritic cell
CNA_10xv2_1	TACACGTGATTGCGTA	SNG	sampleB	10xv2	Cytotoxic T cell
CNA_10xv2_1	GGGTAGTGAAGGGCTA	SNG	sampleA	10xv2	Natural killer cell
CNA_10xv2_1	CACATGATGAGTGGTG	SNG	sampleA	10xv2	CD14+ monocyte
CNA_10xv2_1	CAGACTCCTTAAAGCA	SNG	sampleA	10xv2	B cell
CNA_10xv2_1	TGCCTACTGCCTATCC	SNG	sampleB	10xv2	Cytotoxic T cell
CNA_10xv2_1	ATCAAAGGACCTCCTA	SNG	sampleB	10xv2	Cytotoxic T cell
CNA_10xv2_1	ATTCCTAACAAGTCTC	SNG	sampleB	10xv2	B cell
CNA_10xv2_1	CTACCTGTGTACCTGA	SNG	sampleB	10xv2	Cytotoxic T cell
CNA_10xv2_1	CCGTTTGTGGAGCTGA	SNG	sampleA	10xv2	Cytotoxic T cell
CNA_10xv2_2	TTACGTTACCGACACC	SNG	sampleA	10xv2	CD4+ T cell
CNA_10xv2_2	ACGTGGCTGGAGCCTC	SNG	sampleA	10xv2	CD4+ T cell
CNA_10xv2_2	GTTCCTGTGCAGCACC	SNG	sampleA	10xv2	Natural killer cell
CNA_10xv2_2	GTCTGGCGAGGCCATC	SNG	sampleA	10xv2	CD4+ T cell
CNA_10xv2_2	TAGAGCGGACGAAGCA	SNG	sampleA	10xv2	Cytotoxic T cell
CNA_10xv2_2	GTCACAATGTTTGTCT	SNG	sampleB	10xv2	CD16+ monocyte
CNA_10xv2_2	AATGTGCACCCGCTAG	SNG	sampleA	10xv2	Cytotoxic T cell
CNA_10xv2_2	GGGATCAGATACAGAA	SNG	sampleB	10xv2	Cytotoxic T cell
CNA_10xv2_2	TGGACTATGGTGGTGA	SNG	sampleB	10xv2	B cell
CNA_10xv2_2	AGAATGTGAGCTGAGA	SNG	sampleB	10xv2	CD4+ T cell
CNA_10xv2_2	CTGCTTTCTCTGAGAG	SNG	sampleA	10xv2	Cytotoxic T cell
CNA_10xv2_2	GCGCTACGAGCGGTAA	SNG	sampleA	10xv2	Dendritic cell
CNA_10xv2_2	GCATGATACCATGCTA	SNG	sampleA	10xv2	B cell
CNA_10xv2_2	ACGTAGGGATGGGCCT	SNG	sampleB	10xv2	Cytotoxic T cell
CNA_10xv2_2	ACTCGCTACGCACCCA	SNG	sampleB	10xv2	Cytotoxic T cell
CNA_10xv2_2	CCCATTTCTCGGAAGT	SNG	sampleB	10xv2	Dendritic cell
CNA_10xv2_2	CGCGTTGGATGACCTA_GCGAGAATGCTGATCA	SNG	sampleB	10xv2	Dendritic cell
CNA_10xv2_2	AAGGGCATGATCCTAG	SNG	sampleB	10xv2	B cell
CNA_10xv2_2	CGATACCCTAGGGCTA	SNG	sampleB	10xv2	CD4+ T cell
CNA_10xv2_2	CTGGTGGTGGGACACA	SNG	sampleA	10xv2	Natural killer cell
CNA_10xv2_2	CAACCCTACACCGTGC	SNG	sampleA	10xv2	Natural killer cell
CNA_10xv2_2	ACTGGGCACGCTAATC	SNG	sampleA	10xv2	Natural killer cell
CNA_10xv2_2	AAGAATGTGTGCATCA	SNG	sampleA	10xv2	Natural killer cell
CNA_10xv2_2	TCCGCCTCTTTTCTTG	SNG	sampleB	10xv2	Cytotoxic T cell
CNA_10xv2_2	GCCTAGTCTTTGACAC	SNG	sampleA	10xv2	Natural killer cell
CNA_10xv2_2	ACGATCATGCCGTTAA	SNG	sampleA	10xv2	Cytotoxic T cell
CNA_10xv2_2	GGGATGTGAGCATGAG	SNG	sampleB	10xv2	Cytotoxic T cell
CNA_10xv2_2	AGTAAGTGATCTGGAT	SNG	sampleA	10xv2	B cell
CNA_10xv2_2	TCAGGAGGAATCCTCC	SNG	sampleA	10xv2	CD14+ monocyte
CNA_10xv2_2	CAAGAATGACTGATCA	SNG	sampleB	10xv2	CD16+ monocyte
CNA_10xv2_2	GTACTCAGAGAGCCTC	SNG	sampleB	10xv2	Natural killer cell
CNA_10xv2_2	CAAGAATGAGAACGTG	SNG	sampleA	10xv2	Cytotoxic T cell
CNA_10xv2_2	GCCGTTTACGGCCAAA	SNG	sampleA	10xv2	B cell
CNA_10xv2_2	CTTTATGTGTGACCTA	SNG	sampleB	10xv2	CD14+ monocyte
CNA_10xv2_2	TCTACTAACGGTGTCC	SNG	sampleA	10xv2	CD14+ monocyte
CNA_10xv2_2	AGCCGAGCTCTATCTT	SNG	sampleA	10xv2	CD14+ monocyte
CNA_10xv2_2	CTCTGAAGAGCTTCGG	SNG	sampleB	10xv2	Cytotoxic T cell
CNA_10xv2_2	GTAGGCGCTGGCCATC	SNG	sampleB	10xv2	CD4+ T cell
CNA_10xv2_2	GGTTGTATGCCCGCAA	SNG	sampleB	10xv2	B cell
CNA_10xv2_2	TGCTGCTACAGCGCTC	SNG	sampleA	10xv2	Natural killer cell
CNA_10xv2_2	ACGGGTAGATAACTCG	SNG	sampleB	10xv2	CD4+ T cell
CNA_10xv2_2	AGGACGCCTCGACATT	SNG	sampleB	10xv2	Cytotoxic T cell
CNA_10xv2_2	TTCAAGTCTTACAGAA	SNG	sampleB	10xv2	CD14+ monocyte
CNA_10xv2_2	TCGGCTTACTTCGGGC	SNG	sampleA	10xv2	Natural killer cell
CNA_10xv2_2	TGGCCTGGAATTCTGG	SNG	sampleA	10xv2	CD4+ T cell
CNA_10xv2_2	CGACAATACACGCCAC	SNG	sampleA	10xv2	Cytotoxic T cell
CNA_10xv2_2	CGTTCTCGATAGCGAG	SNG	sampleB	10xv2	B cell
CNA_10xv2_2	GTGGCTGTGAGGCGTA	SNG	sampleA	10xv2	CD4+ T cell
CNA_10xv2_2	AACTACGACCTGTGCG	SNG	sampleB	10xv2	CD16+ monocyte
CNA_10xv2_2	AGATGGGTGGAGTGAC	SNG	sampleB	10xv2	CD4+ T cell
CNA_10xv2_2	GCGGCAACTTGCGCCA	SNG	sampleA	10xv2	CD4+ T cell
CNA_10xv2_2	ACAAGACCTCGAAGCA	SNG	sampleA	10xv2	Natural killer cell
CNA_10xv2_2	ACACAGACTTGCTTGA	SNG	sampleB	10xv2	Natural killer cell
CNA_10xv2_2	CATAGCATGTTAGAAG	SNG	sampleB	10xv2	Natural killer cell
CNA_10xv2_2	GGTTGTATGTCCTACC	SNG	sampleB	10xv2	Cytotoxic T cell
CNA_10xv2_2	TGTCGAAACGAAGGCT	SNG	sampleB	10xv2	Cytotoxic T cell
CNA_10xv2_2	AGACTACTGGCTCCTT	SNG	sampleB	10xv2	Natural killer cell
CNA_10xv2_2	TTAAGGAGATTTCTGT	SNG	sampleB	10xv2	B cell
CNA_10xv2_2	AGTGACACTGCTCTTC	SNG	sampleA	10xv2	Cytotoxic T cell
CNA_10xv2_2	AACACTCGATCTGGGC	SNG	sampleA	10xv2	Dendritic cell
CNA_10xv2_2	AAGTCTTCTGGTTTGT	SNG	sampleB	10xv2	Cytotoxic T cell
CNA_10xv2_2	ATTTCAGCTCATGCAT	SNG	sampleA	10xv2	Cytotoxic T cell
CNA_10xv2_2	CTGTCGTTGACCAGTT	SNG	sampleB	10xv2	Natural killer cell
CNA_10xv2_2	TATCATGCTGGAATAT	SNG	sampleB	10xv2	B cell
CNA_10xv2_2	TCCGTGGGAAAGGTGC	SNG	sampleB	10xv2	Natural killer cell
CNA_10xv2_2	TGGAACACTAATCCTG	SNG	sampleA	10xv2	Natural killer cell
CNA_10xv2_2	CAGCCGATGTTGGCGC	SNG	sampleA	10xv2	Natural killer cell
CNA_10xv2_2	TGAATGCACTGTTGTG	SNG	sampleB	10xv2	CD4+ T cell
CNA_10xv2_2	GTTCCTGTGTGGCAAG	SNG	sampleA	10xv2	CD14+ monocyte
CNA_10xv2_2	GAGAGCCCTCGGTTGC	SNG	sampleB	10xv2	Cytotoxic T cell
CNA_10xv2_2	CGACCTGGATAACGGG	SNG	sampleB	10xv2	CD14+ monocyte
CNA_10xv2_2	GAGCCTCGACTGGAAG	SNG	sampleB	10xv2	Cytotoxic T cell
CNA_10xv2_2	AAGGGCATGTGGTCCG	SNG	sampleA	10xv2	CD4+ T cell
CNA_10xv2_2	TATGGAGCTGGCATTT	SNG	sampleB	10xv2	B cell
CNA_10xv2_2	AGGAGTTCTGCTTACA	SNG	sampleB	10xv2	Cytotoxic T cell
CNA_10xv2_2	CAGGGCACTCCTAGGC	SNG	sampleA	10xv2	CD4+ T cell
CNA_10xv2_2	CGCTTAAGAGTGAGCA	SNG	sampleB	10xv2	Natural killer cell
CNA_10xv2_2	AGCAACTTGGGGTAGT	SNG	sampleA	10xv2	Cytotoxic T cell
CNA_10xv2_2	ATCGCCGGAAAGGCCA_GCCAATTGATGCGGCT	SNG	sampleA	10xv2	CD14+ monocyte
CNA_10xv2_2	GTGCCATCTCAGCACC	SNG	sampleA	10xv2	B cell
CNA_10xv2_2	TAACGTTCTGGCCTTG	SNG	sampleA	10xv2	Cytotoxic T cell
CNA_10xv2_2	GCACTCACTTTCAGTG	SNG	sampleB	10xv2	B cell
CNA_10xv2_2	ATAGGCGGACTTTAGG	SNG	sampleA	10xv2	Cytotoxic T cell
CNA_10xv2_2	ACCCTTGTGGGACTGA	SNG	sampleA	10xv2	CD4+ T cell
CNA_10xv2_2	TGGATTGACCCGCAGT	SNG	sampleB	10xv2	CD16+ monocyte
CNA_10xv2_2	TTGTTTGTGCGACTAT	SNG	sampleA	10xv2	CD4+ T cell
CNA_10xv2_2	GCGTTGTCTCGATTAC	SNG	sampleB	10xv2	CD16+ monocyte
CNA_10xv2_2	CTTAATCTGGTTGTCA	SNG	sampleB	10xv2	CD4+ T cell
CNA_10xv2_2	AAACATGGACATTCAG	SNG	sampleA	10xv2	Cytotoxic T cell
CNA_10xv2_2	CTATTCAACCTATCTT	SNG	sampleA	10xv2	Natural killer cell
CNA_10xv2_2	GCTGTTCTGGAGTAAT	SNG	sampleA	10xv2	CD4+ T cell
CNA_10xv2_2	CTTTATGTGCTACTCC	SNG	sampleA	10xv2	Natural killer cell
CNA_10xv2_2	CATTGGCCTTTGGGAG	SNG	sampleB	10xv2	CD14+ monocyte
CNA_10xv2_2	TCAATGGACCGAAGCA	SNG	sampleA	10xv2	Cytotoxic T cell
CNA_10xv2_2	GCATGGGCTTGCGCCA	SNG	sampleB	10xv2	Natural killer cell
CNA_10xv2_2	TAAGCCAACGTTGTCA	SNG	sampleB	10xv2	CD14+ monocyte
CNA_10xv2_2	AACGAACCTGTACGTT	SNG	sampleA	10xv2	Cytotoxic T cell
CNA_10xv2_2	CGCCCTTCTCATTCAG	SNG	sampleB	10xv2	Cytotoxic T cell
CNA_10xv2_2	TGCGAATACATAGGTA	SNG	sampleA	10xv2	Cytotoxic T cell
CNA_10xv2_2	GATGAATGACTCCTAC	SNG	sampleA	10xv2	Cytotoxic T cell
CNA_10xv2_2	AACCGGCACGTTTGGT	SNG	sampleA	10xv2	Natural killer cell
CNA_10xv2_2	TCCGTTGACAAATCGA	SNG	sampleB	10xv2	CD16+ monocyte
CNA_10xv2_2	TCACCTGACTGATCAC	SNG	sampleB	10xv2	CD16+ monocyte
CNA_10xv2_2	TTTGGGATGCCGTGAC	SNG	sampleA	10xv2	Natural killer cell
CNA_10xv2_2	GCAGTATTGGGATGGT	SNG	sampleA	10xv2	Natural killer cell
CNA_10xv2_2	GCGAGAATGTTTCTTG	SNG	sampleA	10xv2	CD16+ monocyte
CNA_10xv2_2	GTATGAAGATACCTGA	SNG	sampleA	10xv2	CD14+ monocyte
CNA_10xv2_2	GGTTCACCTGCCCTTT	SNG	sampleA	10xv2	Natural killer cell
CNA_10xv2_2	CACAGCTCTACACAAA	SNG	sampleB	10xv2	CD4+ T cell
CNA_10xv2_2	AAAGCGGACTGCGCCA	SNG	sampleB	10xv2	CD4+ T cell
CNA_10xv2_2	TTTCGCTCTGCAGGAT	SNG	sampleB	10xv2	Cytotoxic T cell
CNA_10xv2_2	TGGCTAATGTGATGAA	SNG	sampleB	10xv2	CD16+ monocyte
CNA_10xv2_2	CAAACCATGCGAGGAT	SNG	sampleB	10xv2	CD4+ T cell
CNA_10xv2_2	GATACGGGACCCGAGT	SNG	sampleB	10xv2	Natural killer cell
CNA_10xv2_2	CGATACCCTGGCCTTG	SNG	sampleB	10xv2	CD4+ T cell
CNA_10xv2_2	AAACAACGACCAAACT	SNG	sampleA	10xv2	Natural killer cell
CNA_10xv2_2	TGGGAGTGATTCAGTG	SNG	sampleA	10xv2	Cytotoxic T cell
CNA_10xv2_2	GATGCATTGGCCCTGA	SNG	sampleB	10xv2	Cytotoxic T cell
CNA_10xv2_2	GCTTTAGGAAGACAAT	SNG	sampleA	10xv2	CD14+ monocyte
CNA_10xv2_2	TCGCGGAACTCGGGCT	SNG	sampleB	10xv2	CD4+ T cell
CNA_10xv2_2	CCGTTAAGAGAGTGAC	SNG	sampleA	10xv2	CD14+ monocyte
CNA_10xv2_2	ACCTCACACGACTGTT	SNG	sampleA	10xv2	B cell
CNA_10xv2_2	TCGACCTTGTGCATCA	SNG	sampleA	10xv2	B cell
CNA_10xv2_2	AAACTCTCTAGGACAC	SNG	sampleA	10xv2	CD16+ monocyte
CNA_10xv2_2	TCTAGTGGACAGACCC	SNG	sampleB	10xv2	Natural killer cell
CNA_10xv2_2	ACGCCACGAATCCTAG	SNG	sampleA	10xv2	B cell
CNA_10xv2_2	TATCGATCTCATTCAG	SNG	sampleB	10xv2	CD4+ T cell
CNA_10xv2_2	TCAATCGGAGTCGGTC	SNG	sampleA	10xv2	Natural killer cell
CNA_10xv2_2	TAAGCTGTGCAAGGTG	SNG	sampleA	10xv2	B cell
CNA_10xv2_2	GTTAGTTCTTAACGGG	SNG	sampleA	10xv2	Cytotoxic T cell
CNA_10xv2_2	TGCAATGTGGTTTGGT	SNG	sampleA	10xv2	Cytotoxic T cell
CNA_10xv2_2	CAAGTGGGAGTCAATC	SNG	sampleA	10xv2	CD14+ monocyte
CNA_10xv2_2	GAAGGCATGTGGCATT	SNG	sampleB	10xv2	Natural killer cell
CNA_10xv2_2	GTTGACTGAATTAAGG	SNG	sampleA	10xv2	Natural killer cell
CNA_10xv2_2	AGACCATTGAAACTGA	SNG	sampleB	10xv2	CD4+ T cell
CNA_10xv2_2	CAGTTGATGCGATGTT_GGACACAGAATGGCCC	SNG	sampleB	10xv2	B cell
CNA_10xv2_2	CAAGCAACTCGACAAG	SNG	sampleB	10xv2	Cytotoxic T cell
CNA_10xv2_2	TCAGACCCTGCACGCT	SNG	sampleA	10xv2	Cytotoxic T cell
CNA_10xv2_2	GCTATGATGTGCTACA	SNG	sampleB	10xv2	CD14+ monocyte
CNA_10xv2_2	GAGGTCCTGATCATCG	SNG	sampleA	10xv2	B cell
CNA_10xv2_2	CATTGCGCTTCCTACC	SNG	sampleB	10xv2	Dendritic cell
CNA_10xv2_2	TACGTTTACCTCGATA	SNG	sampleB	10xv2	Cytotoxic T cell
CNA_10xv2_2	GCCTAAATGTAACGGG	SNG	sampleB	10xv2	Natural killer cell
CNA_10xv2_2	TGGGAGTGAGCACGCT	SNG	sampleB	10xv2	B cell
CNA_10xv2_2	CAAGCAACTCATGCGC	SNG	sampleA	10xv2	CD4+ T cell
CNA_10xv2_2	TGCCGTTACTAGCAGG	SNG	sampleA	10xv2	CD4+ T cell
CNA_10xv2_2	GGGTCGTACGGTGTCC	SNG	sampleB	10xv2	Cytotoxic T cell
CNA_10xv2_2	AAAGACTGAATTAAGG	SNG	sampleB	10xv2	Natural killer cell
CNA_10xv2_2	TTCGCACTGTTCCATT	SNG	sampleB	10xv2	CD4+ T cell
CNA_10xv2_2	ACTGTCCACGTTAGGG	SNG	sampleB	10xv2	CD16+ monocyte
CNA_10xv2_2	GCGAAGCCTGCTGTTA	SNG	sampleA	10xv2	Natural killer cell
CNA_10xv2_2	CTTCAGCACTGCATGT	SNG	sampleB	10xv2	B cell
CNA_10xv2_2	ATCCTCGACCGAATCT	SNG	sampleA	10xv2	Cytotoxic T cell
CNA_10xv2_2	ATACAGGCTTAGGTTC	SNG	sampleA	10xv2	Natural killer cell
CNA_10xv2_2	CCAACTCACATAGGTA	SNG	sampleA	10xv2	Cytotoxic T cell
CNA_10xv2_2	AAGTCTTCTCAGTCCG	SNG	sampleA	10xv2	B cell
CNA_10xv2_2	TTGTGCGCTCGCCACA	SNG	sampleB	10xv2	CD16+ monocyte
CNA_10xv2_2	GTCACCTACCACAGTT	SNG	sampleA	10xv2	Cytotoxic T cell
CNA_10xv2_2	CAAGGCCACCATGATC	SNG	sampleB	10xv2	CD14+ monocyte
CNA_10xv2_2	GGGTCGTACGCGGTTC	SNG	sampleB	10xv2	CD14+ monocyte
CNA_10xv2_2	TGCTCGACTAACGAAT	SNG	sampleB	10xv2	Cytotoxic T cell
CNA_10xv2_2	CGATACATGCGGTTGC	SNG	sampleB	10xv2	Cytotoxic T cell
CNA_10xv2_2	TTGTATCTGTAGCAGG	SNG	sampleB	10xv2	Cytotoxic T cell
CNA_10xv2_2	CGAATTTCTTTCTGAG	SNG	sampleA	10xv2	Natural killer cell
CNA_10xv2_2	CGGCTAGTGGAATCTC	SNG	sampleA	10xv2	CD4+ T cell
CNA_10xv2_2	GGATATAGACGACAAG	SNG	sampleB	10xv2	CD4+ T cell
CNA_10xv2_2	TACCGCTTGCGAACAG	SNG	sampleB	10xv2	B cell
CNA_10xv2_2	GGTAGTTTGTAAAGCA	SNG	sampleA	10xv2	Natural killer cell
CNA_10xv2_2	TGCTAGTGAGCCAGCT	SNG	sampleA	10xv2	Natural killer cell
CNA_10xv2_2	TTACTGGGATATTGCG	SNG	sampleA	10xv2	CD14+ monocyte
CNA_10xv2_2	CTAATCTTGTAACGGG	SNG	sampleB	10xv2	Natural killer cell
CNA_10xv2_2	AGGAACCGAGTCTGGC	SNG	sampleB	10xv2	Natural killer cell
CNA_10xv2_2	AAGTACCACCCTAACA	SNG	sampleB	10xv2	B cell
CNA_10xv2_2	CGATACCCTGCGCACT	SNG	sampleB	10xv2	Cytotoxic T cell
CNA_10xv2_2	ATCTGCCTGCTAACGT	SNG	sampleB	10xv2	CD14+ monocyte
CNA_10xv2_2	TCCGTGGGACGAGGAT	SNG	sampleA	10xv2	CD4+ T cell
CNA_10xv2_2	TGTGGTAACGCTTCGG	SNG	sampleA	10xv2	CD14+ monocyte
CNA_10xv2_2	CTAGAGACTCTCATTT	SNG	sampleB	10xv2	CD14+ monocyte
CNA_10xv2_2	AAGAACCCTTACCTGA	SNG	sampleB	10xv2	CD4+ T cell
CNA_10xv2_2	CCCTGATTGTGATCAC	SNG	sampleA	10xv2	CD14+ monocyte
CNA_10xv2_2	CTTTCCGGATTCTCGC	SNG	sampleA	10xv2	Cytotoxic T cell
CNA_10xv2_2	CCACATGCTCGAGGTA	SNG	sampleA	10xv2	Natural killer cell
CNA_10xv2_2	ACTGGAACTACCGTTA	SNG	sampleA	10xv2	B cell
CNA_10xv2_2	CTCTGCAACCCGGACT	SNG	sampleB	10xv2	Cytotoxic T cell
CNA_10xv2_2	ACACTGCCTACCGTGC	SNG	sampleB	10xv2	B cell
CNA_10xv2_2	ATAGGCGGAGACATAA	SNG	sampleA	10xv2	Cytotoxic T cell
CNA_10xv2_2	GCGGTTCGAGAATAGT	SNG	sampleA	10xv2	Natural killer cell
CNA_10xv2_2	GCTTCCTGACAGGGAT	SNG	sampleB	10xv2	CD14+ monocyte
CNA_10xv2_2	AAGAAACACTCGTCAA	SNG	sampleA	10xv2	Natural killer cell
CNA_10xv2_2	CCACAACCTAATAGCA	SNG	sampleB	10xv2	Cytotoxic T cell
CNA_10xv2_2	TACGTGAACACTAGTC	SNG	sampleB	10xv2	CD14+ monocyte
CNA_10xv2_2	TTGTGCCTGTTTCTGT	SNG	sampleB	10xv2	CD16+ monocyte
CNA_10xv2_2	CGCTTAAGACGTACAT	SNG	sampleB	10xv2	Cytotoxic T cell
CNA_10xv2_2	CATTACACTCGGTTGC	SNG	sampleB	10xv2	CD14+ monocyte
CNA_10xv2_2	AGCGTATACCTGCCAG	SNG	sampleA	10xv2	Natural killer cell
CNA_10xv2_2	GCGTTTAGACAGGTGA	SNG	sampleB	10xv2	Cytotoxic T cell
CNA_10xv2_2	GCTAAGACTTCCAGCG	SNG	sampleB	10xv2	Dendritic cell
CNA_10xv2_2	GTTTCATTGAGGTGAC	SNG	sampleA	10xv2	Natural killer cell
CNA_10xv2_2	GGGATTGGATATCTGG	SNG	sampleA	10xv2	Natural killer cell
CNA_10xv2_2	GAGAGTGACATAACCC	SNG	sampleB	10xv2	Cytotoxic T cell
CNA_10xv2_2	TTTCTGATGGAACATA	SNG	sampleB	10xv2	Cytotoxic T cell
CNA_10xv2_2	CCAGGCAACTTCAGTG	SNG	sampleB	10xv2	Cytotoxic T cell
CNA_10xv2_2	CAAGCAACTACCGTGC	SNG	sampleA	10xv2	Cytotoxic T cell
CNA_10xv2_2	CCATCCATGCGATGGA	SNG	sampleB	10xv2	Cytotoxic T cell
CNA_10xv2_2	TGTAGACACTACAGAA	SNG	sampleA	10xv2	CD14+ monocyte
CNA_10xv2_2	TAAGCCAACTAGCAGG	SNG	sampleA	10xv2	CD14+ monocyte
CNA_10xv2_2	AGCTGCTCTAGACTTC	SNG	sampleB	10xv2	Natural killer cell
CNA_10xv2_2	ATAACCGTGTGCTGGC	SNG	sampleA	10xv2	CD4+ T cell
CNA_10xv2_2	CCTGCTATGCCTCAAA	SNG	sampleA	10xv2	Cytotoxic T cell
CNA_10xv2_2	TCGGACCGAGCTAGAG	SNG	sampleA	10xv2	Natural killer cell
CNA_10xv2_2	AGCGCTCGATTGTACG	SNG	sampleB	10xv2	Cytotoxic T cell
CNA_10xv2_2	TGAATGCACTTCGCCT	SNG	sampleB	10xv2	Natural killer cell
CNA_10xv2_2	GGTACGCTGGCTAATC	SNG	sampleB	10xv2	Cytotoxic T cell
CNA_10xv2_2	GGGCAATGATTTGGGT	SNG	sampleB	10xv2	CD4+ T cell
CNA_10xv2_2	CAAGGGTGAGCAGTTT	SNG	sampleB	10xv2	Cytotoxic T cell
CNA_10xv2_2	TAGCGCGACTAGCAGG	SNG	sampleB	10xv2	B cell
CNA_10xv2_2	AAACGACCTGCGTATT	SNG	sampleA	10xv2	CD4+ T cell
CNA_10xv2_2	CAAGAGTCTGGACTGA	SNG	sampleA	10xv2	Natural killer cell
CNA_10xv2_2	TCCTTAATGTGCCACG	SNG	sampleA	10xv2	CD4+ T cell
CNA_10xv2_2	CATCCGTACCGACAAG	SNG	sampleB	10xv2	CD4+ T cell
CNA_10xv2_2	CCCTATCGACACTCAA	SNG	sampleA	10xv2	CD4+ T cell
CNA_10xv2_2	TCCGCGAGACAAGTAA	SNG	sampleB	10xv2	Natural killer cell
CNA_10xv2_2	TCAATCGGATACAGCT	SNG	sampleB	10xv2	Natural killer cell
CNA_10xv2_2	TAGAGCGGAGAAGTTA	SNG	sampleB	10xv2	Cytotoxic T cell
CNA_10xv2_2	ACGCCACGAGGACAGT	SNG	sampleB	10xv2	Dendritic cell
CNA_10xv2_2	GTAGTGGGAACCCGGT	SNG	sampleB	10xv2	Natural killer cell
CNA_10xv2_2	AATCAGCTGGAAGTTA	SNG	sampleB	10xv2	Natural killer cell
CNA_10xv2_2	GTTCCCAACAGCTTGT	SNG	sampleA	10xv2	B cell
CNA_10xv2_2	CCAGTTGCTGTCTTGA	SNG	sampleB	10xv2	Cytotoxic T cell
CNA_10xv2_2	ACAAAGAACAGTACGG	SNG	sampleB	10xv2	Cytotoxic T cell
CNA_10xv2_2	AAGTACCACGAAATCA	SNG	sampleB	10xv2	Cytotoxic T cell
CNA_10xv2_2	TGCGTCTACGAAATCA	SNG	sampleB	10xv2	Natural killer cell
CNA_10xv2_2	ACGTAGGGATCGACAT	SNG	sampleA	10xv2	Natural killer cell
CNA_10xv2_2	AATCAGCTGTCATTGG	SNG	sampleB	10xv2	CD14+ monocyte
CNA_10xv2_2	GCCGAACTGCAGCACC	SNG	sampleA	10xv2	Natural killer cell
CNA_10xv2_2	GGTATTTCTAGTCTGT	SNG	sampleA	10xv2	Cytotoxic T cell
CNA_10xv2_2	ACTCGGGACCGCTCGA	SNG	sampleB	10xv2	CD14+ monocyte
CNA_10xv2_2	GGCACTGACCTATCTT_TGTACCCTGCCTCCTA	SNG	sampleA	10xv2	Cytotoxic T cell
CNA_10xv2_2	GAGTTGTTGGCTCAGC	SNG	sampleB	10xv2	Cytotoxic T cell
CNA_10xv2_2	CAGGACCTGAGCAAGC	SNG	sampleA	10xv2	Natural killer cell
CNA_10xv2_2	GTCTCGTACGAGCCTC	SNG	sampleB	10xv2	CD16+ monocyte
CNA_10xv2_2	AAGCATCACTTGGGAG	SNG	sampleB	10xv2	Cytotoxic T cell
CNA_10xv2_2	TGGTTAGACTTAGCTG	SNG	sampleA	10xv2	Natural killer cell
CNA_10xv2_2	ACCTCGTTGAGGCATG	SNG	sampleA	10xv2	Natural killer cell
CNA_10xv2_2	ACTTCATACGAATAAC	SNG	sampleA	10xv2	Natural killer cell
CNA_10xv2_2	CACATATCTTACAGCT	SNG	sampleA	10xv2	Dendritic cell
CNA_10xv2_2	TTCACGCTGCACTCAA	SNG	sampleA	10xv2	CD14+ monocyte
CNA_10xv2_2	GAACTACTGCCGCTAG	SNG	sampleB	10xv2	Natural killer cell
CNA_10xv2_2	CGGATAGGAAATCCTG	SNG	sampleA	10xv2	CD14+ monocyte
CNA_10xv2_2	CTTTAACTGAAGTCTC	SNG	sampleB	10xv2	CD14+ monocyte
CNA_10xv2_2	CCCTATCGAGAGTGAC	SNG	sampleA	10xv2	B cell
CNA_10xv2_2	GGCACAAGACCACTTC	SNG	sampleA	10xv2	CD4+ T cell
CNA_10xv2_2	TACTAGCGAAACGTGG	SNG	sampleB	10xv2	Natural killer cell
CNA_10xv2_2	GAGCGATGAGTACACT	SNG	sampleA	10xv2	B cell
CNA_10xv2_2	GGACGCTTGACAGGCA	SNG	sampleA	10xv2	B cell
CNA_10xv2_2	GAACAACCTCTTCACC	SNG	sampleB	10xv2	Dendritic cell
CNA_10xv2_2	TACGATGACCTAACGT	SNG	sampleB	10xv2	CD4+ T cell
CNA_10xv2_2	TATGGTTCTGAACCTT_TCCGGGAACTTAGCTG	SNG	sampleA	10xv2	Natural killer cell
CNA_10xv2_2	CGCTTCAACCATGATC	SNG	sampleA	10xv2	Natural killer cell
CNA_10xv2_2	GTGGTTTGATGGCAAG	SNG	sampleB	10xv2	Cytotoxic T cell
CNA_10xv2_2	CTGGCCAGAAGACAAT	SNG	sampleA	10xv2	CD4+ T cell
CNA_10xv2_2	AGAGACCGACTGGCAC	SNG	sampleB	10xv2	Dendritic cell
CNA_10xv2_2	CAAGGGATGTAGACAA	SNG	sampleA	10xv2	Dendritic cell
CNA_10xv2_2	TAGACCTGATAACTCG	SNG	sampleA	10xv2	Natural killer cell
CNA_10xv2_2	CTTATGTTGGGGTTCC	SNG	sampleB	10xv2	CD4+ T cell
CNA_10xv2_2	CGGATAGGACTTCACC	SNG	sampleA	10xv2	Cytotoxic T cell
CNA_10xv2_2	TTATGGTCTAGCAATA	SNG	sampleB	10xv2	CD14+ monocyte
CNA_10xv2_2	TGCTGAAACCGGCACT	SNG	sampleB	10xv2	Cytotoxic T cell
CNA_10xv2_2	TGGAGTTACTTCTCGC	SNG	sampleA	10xv2	B cell
CNA_10xv2_2	CAAAGGGACTGTTGTG	SNG	sampleB	10xv2	Cytotoxic T cell
CNA_10xv2_2	TTGACGTGAACGCGAA	SNG	sampleA	10xv2	CD14+ monocyte
CNA_10xv2_2	CCTGCCTCTATCATGC	SNG	sampleB	10xv2	Dendritic cell
CNA_10xv2_2	GGATTAAGACCGATTA	SNG	sampleA	10xv2	Natural killer cell
CNA_10xv2_2	ACCTGCTACCGAACAG	SNG	sampleB	10xv2	Natural killer cell
CNA_10xv2_2	GTGCATTGAATAGGTA	SNG	sampleB	10xv2	Cytotoxic T cell
CNA_10xv2_2	TCGACCTTGCGAACGA	SNG	sampleA	10xv2	CD14+ monocyte
CNA_10xv2_2	GCATCCTTGTCCGTAA	SNG	sampleA	10xv2	Cytotoxic T cell
CNA_10xv2_2	ACTAGTGTGAGTCTAC	SNG	sampleB	10xv2	Cytotoxic T cell
CNA_10xv2_2	AATGTGCTGTCGTAGT	SNG	sampleB	10xv2	Natural killer cell
CNA_10xv2_2	TCACACAGAGGCAGTA	SNG	sampleB	10xv2	CD16+ monocyte
CNA_10xv2_2	GCACGGACTGATGGAC	SNG	sampleB	10xv2	Cytotoxic T cell
CNA_10xv2_2	TCCATTCCTCGTTCTC	SNG	sampleA	10xv2	CD14+ monocyte
CNA_10xv2_2	TGCTACGCTCAGATTC	SNG	sampleA	10xv2	Cytotoxic T cell
CNA_10xv2_2	TTCGTCGTGAATCTGC	SNG	sampleA	10xv2	CD14+ monocyte
CNA_10xv2_2	ACGCCACGACAAGTAA	SNG	sampleA	10xv2	Natural killer cell
CNA_10xv2_2	CTGCTTTCTGAGTGAC	SNG	sampleA	10xv2	CD4+ T cell
CNA_10xv2_2	CCGTTAAGACTCCTAC	SNG	sampleB	10xv2	B cell
CNA_10xv2_2	TAACGAGCTTCGCTAA	SNG	sampleA	10xv2	CD14+ monocyte
CNA_10xv2_2	ATCGCAAACTGAGCAG	SNG	sampleA	10xv2	B cell
CNA_10xv2_2	CATCTGAGAGTACTAC	SNG	sampleA	10xv2	CD14+ monocyte
CNA_10xv2_2	TCCATATACGTCCCAG	SNG	sampleA	10xv2	Natural killer cell
CNA_10xv2_2	GCGTGCTGAAGGACAC	SNG	sampleB	10xv2	Natural killer cell
CNA_10xv2_2	GTCGTGGTGCTCACTC	SNG	sampleA	10xv2	B cell
CNA_10xv2_2	CAATTCGGAATTGCCA	SNG	sampleB	10xv2	B cell
CNA_10xv2_2	GGGCAATGAGGAATTA	SNG	sampleA	10xv2	Natural killer cell
CNA_10xv2_2	AACATCCGATGCTGTA	SNG	sampleB	10xv2	Natural killer cell
CNA_10xv2_2	TCCGAGTCTTGTGCTA	SNG	sampleB	10xv2	B cell
CNA_10xv2_2	CCAGGACTGTCTGTGA	SNG	sampleB	10xv2	Natural killer cell
CNA_10xv2_2	ACAGACTACCGATTGT	SNG	sampleB	10xv2	B cell
CNA_10xv2_2	GTAGGCGCTACGAGCA	SNG	sampleB	10xv2	Dendritic cell
CNA_10xv2_2	GAAGCAGTGAATCCAC	SNG	sampleB	10xv2	Cytotoxic T cell
CNA_10xv2_2	CAGTGGAGACAGGGTA	SNG	sampleB	10xv2	CD14+ monocyte
CNA_10xv2_2	CGGATAGGACGGTTTA	SNG	sampleB	10xv2	CD4+ T cell
CNA_10xv2_2	CGTCGTACTTGAGTAA	SNG	sampleA	10xv2	CD14+ monocyte
CNA_10xv2_2	CGTGAATACCGATTGT	SNG	sampleA	10xv2	CD14+ monocyte
CNA_10xv2_2	CACACCACTCATGCGC	SNG	sampleA	10xv2	Cytotoxic T cell
CNA_10xv2_2	GAACGTTTGGGTATGG_TGAGGGATGCTGTGCG	SNG	sampleA	10xv2	CD14+ monocyte
CNA_10xv2_2	TCTATGGGACGAACAG	SNG	sampleA	10xv2	Dendritic cell
CNA_10xv2_2	CTGATTACTTTCAGTG	SNG	sampleB	10xv2	Natural killer cell
CNA_10xv2_2	TAACGAAGAAGGTCCC	SNG	sampleA	10xv2	Natural killer cell
CNA_10xv2_2	TCCCAGACTCGAGTTT	SNG	sampleB	10xv2	B cell
CNA_10xv2_2	CTGCTGGGAACCTGCG	SNG	sampleB	10xv2	B cell
CNA_10xv2_2	ACAGTTGACCCTCCTA	SNG	sampleB	10xv2	CD4+ T cell
CNA_10xv2_2	GAGTCTCCTCATACTG	SNG	sampleA	10xv2	CD14+ monocyte
CNA_10xv2_2	TCACCTGACGCACGCT	SNG	sampleA	10xv2	Natural killer cell
CNA_10xv2_2	ACGTGTTGATCGAGAG	SNG	sampleB	10xv2	Natural killer cell
CNA_10xv2_2	ATCGCCGGATTTCTTG	SNG	sampleB	10xv2	CD14+ monocyte
CNA_10xv2_2	CCCACAGGAATCATCG	SNG	sampleA	10xv2	CD14+ monocyte
CNA_10xv2_2	GGAAGCCCTCGATTGT	SNG	sampleA	10xv2	Natural killer cell
CNA_10xv2_2	GTAATCGACGCTTTGA	SNG	sampleB	10xv2	Cytotoxic T cell
CNA_10xv2_2	TTCGATGGAGTTTGGT	SNG	sampleB	10xv2	CD14+ monocyte
CNA_10xv2_2	CGCTGAGTGACCAGTT_TCCAAAGTGATGAATG	SNG	sampleA	10xv2	Cytotoxic T cell
CNA_10xv2_2	ACTCTAACTCGTGCAC	SNG	sampleA	10xv2	CD4+ T cell
CNA_10xv2_2	CTCGGTTACACACCGC	SNG	sampleA	10xv2	Cytotoxic T cell
CNA_10xv2_2	GTTTCATTGCATCCTC	SNG	sampleA	10xv2	Natural killer cell
CNA_10xv2_2	GAAAGTCCTGCTCCTT	SNG	sampleA	10xv2	CD14+ monocyte
CNA_10xv2_2	ACTGGAGGACGTAACT_GATAAGAACACACCGC	SNG	sampleA	10xv2	Cytotoxic T cell
CNA_10xv2_2	TGAATGGCTACCAAGG	SNG	sampleA	10xv2	CD14+ monocyte
CNA_10xv2_2	CTTTCTGCTGCCCAAC	SNG	sampleB	10xv2	Dendritic cell
CNA_10xv2_2	CCAGCTTTGATGTGGG	SNG	sampleA	10xv2	CD14+ monocyte
CNA_10xv2_2	CAAGGGATGGTCTTGA	SNG	sampleA	10xv2	CD4+ T cell
CNA_10xv2_2	ATGTTTCACGTACGTT	SNG	sampleB	10xv2	CD16+ monocyte
CNA_10xv2_2	ACGGCCATGTTTCTTG	SNG	sampleB	10xv2	Cytotoxic T cell
CNA_10xv2_2	AAACTCTCTTCGACAT	SNG	sampleB	10xv2	CD4+ T cell
CNA_10xv2_2	TAAGTGCACTAACGGG	SNG	sampleB	10xv2	Cytotoxic T cell
CNA_10xv2_2	CAGATTTCTCCAAGTT	SNG	sampleB	10xv2	B cell
CNA_10xv2_2	CTAGTGCCTACCTGCG_CTCAAACGACATCCTC	SNG	sampleB	10xv2	B cell
CNA_10xv2_2	TAGACCTGATGGGCAA	SNG	sampleA	10xv2	Natural killer cell
CNA_10xv2_2	TGGAGTTACTAGGCGA	SNG	sampleA	10xv2	CD4+ T cell
CNA_10xv2_2	CGACAATACGTCCCAG	SNG	sampleB	10xv2	CD14+ monocyte
CNA_10xv2_2	TTCAAGTCTGGACTGA	SNG	sampleA	10xv2	B cell
CNA_10xv2_2	ACCCGAGACCGACAAG	SNG	sampleA	10xv2	Cytotoxic T cell
CNA_10xv2_2	GAGATCACTATCCTCC	SNG	sampleB	10xv2	Dendritic cell
CNA_10xv2_2	TCGCATCACTATGACC	SNG	sampleA	10xv2	CD4+ T cell
CNA_10xv2_2	TCCAAAGTGCCAGAGA	SNG	sampleB	10xv2	Cytotoxic T cell
CNA_10xv2_2	ATCATCTACTACCAAC	SNG	sampleB	10xv2	Cytotoxic T cell
CNA_10xv2_2	CAAGAATGAAGCCATT	SNG	sampleB	10xv2	CD4+ T cell
CNA_10xv2_2	AACTAGCACACCAAGG	SNG	sampleA	10xv2	CD14+ monocyte
CNA_10xv2_2	GGTTCACCTATTGCCA	SNG	sampleA	10xv2	CD4+ T cell
CNA_10xv2_2	AGTAAGTGACGGCTCA	SNG	sampleA	10xv2	CD14+ monocyte
CNA_10xv2_2	CTATTCAACAATAGCA	SNG	sampleA	10xv2	B cell
CNA_10xv2_2	ACAGACTACTAATAGG	SNG	sampleA	10xv2	CD4+ T cell
CNA_10xv2_2	GCGTTTAGATCATTTC	SNG	sampleA	10xv2	Natural killer cell
CNA_10xv2_2	TGGTCAAACCTGGCAC	SNG	sampleB	10xv2	Cytotoxic T cell
CNA_10xv2_2	AAAGACTGACGAAAGC	SNG	sampleB	10xv2	CD4+ T cell
CNA_10xv2_2	GGATCCCGAAAGCTAA	SNG	sampleA	10xv2	Natural killer cell
CNA_10xv2_2	GTTGATGACGCCCTTT	SNG	sampleA	10xv2	Natural killer cell
CNA_10xv2_2	TCGTCCAACTTGGTTG	SNG	sampleA	10xv2	Natural killer cell
CNA_10xv2_2	CCAGCTTTGTCATTTC	SNG	sampleB	10xv2	Cytotoxic T cell
CNA_10xv2_2	CTCGGTTTGATCATCG	SNG	sampleA	10xv2	B cell
CNA_10xv2_2	TTGTGCCTGATCCTCC	SNG	sampleA	10xv2	B cell
CNA_10xv2_2	CAAGGGTGAATGTCCA	SNG	sampleA	10xv2	Cytotoxic T cell
CNA_10xv2_2	CTTACATTGTAAGTAG	SNG	sampleA	10xv2	CD16+ monocyte
CNA_10xv2_2	AACACTCGACATGCGC	SNG	sampleA	10xv2	CD4+ T cell
CNA_10xv2_2	TCAACAGACTAAGTAG	SNG	sampleB	10xv2	CD14+ monocyte
CNA_10xv2_2	CTCTGAAGAAAGTTAG	SNG	sampleA	10xv2	CD14+ monocyte
CNA_10xv2_2	GGGTTGCTGTTTCTGT	SNG	sampleB	10xv2	CD14+ monocyte
CNA_10xv2_2	TCTTCCTTGTCATGTG	SNG	sampleB	10xv2	Natural killer cell
CNA_10xv2_2	CTCGAACCTCTATCTT	SNG	sampleB	10xv2	Dendritic cell
CNA_10xv2_2	TACGTTTACATGTCAC	SNG	sampleB	10xv2	CD16+ monocyte
CNA_10xv2_2	TGCTGCTACGGACACA	SNG	sampleB	10xv2	CD16+ monocyte
CNA_10xv2_2	ATTACTCACCGACAAG	SNG	sampleB	10xv2	CD14+ monocyte
CNA_10xv2_2	TCACTATTGCCAACGC	SNG	sampleA	10xv2	CD4+ T cell
CNA_10xv2_2	AGGTCGAGACTATCTT	SNG	sampleA	10xv2	B cell
CNA_10xv2_2	TGGTCCTTGTTGCGCG	SNG	sampleB	10xv2	CD16+ monocyte
CNA_10xv2_2	CAATCAGTGAGTGAGC	SNG	sampleB	10xv2	Cytotoxic T cell
CNA_10xv2_2	GTGGCTGTGTCTATCT	SNG	sampleA	10xv2	Natural killer cell
CNA_10xv2_2	TCTGAGCCTCCTAGGC	SNG	sampleB	10xv2	Natural killer cell
CNA_10xv2_2	GGCTTGCGACATGCGC	SNG	sampleB	10xv2	Natural killer cell
CNA_10xv2_2	TCGGGTGACCGCTCGA	SNG	sampleA	10xv2	CD4+ T cell
CNA_10xv2_2	AGCTTGCCTCGCTCGA	SNG	sampleA	10xv2	Cytotoxic T cell
CNA_10xv2_2	GCCGAACTGCCACTTC	SNG	sampleA	10xv2	Cytotoxic T cell
CNA_10xv2_2	GTCTAATCTTTCGTTT	SNG	sampleA	10xv2	B cell
CNA_10xv2_2	AGCCGAGCTCCTAGTA	SNG	sampleA	10xv2	CD4+ T cell
CNA_10xv2_2	TGAGCGCACTGCGTGC	SNG	sampleB	10xv2	CD4+ T cell
CNA_10xv2_2	GTTGTGATGATTCTGG	SNG	sampleA	10xv2	Natural killer cell
CNA_10xv2_2	GCGCGATACACAGATA	SNG	sampleA	10xv2	B cell
CNA_10xv2_2	CAGTTGATGGAGCCTC	SNG	sampleB	10xv2	Natural killer cell
CNA_10xv2_2	GTACTCAGATATTGCG	SNG	sampleB	10xv2	Natural killer cell
CNA_10xv2_2	GTAAAGCCTCCTATCC	SNG	sampleA	10xv2	CD14+ monocyte
CNA_10xv2_2	ACCTCGTTGATTGCCA	SNG	sampleB	10xv2	B cell
CNA_10xv2_2	GTATAGGCTCGCAAAG	SNG	sampleB	10xv2	Cytotoxic T cell
CNA_10xv2_2	GTAAAGCCTGCGCAAA	SNG	sampleA	10xv2	B cell
CNA_10xv2_2	CGTGTAATGCCCGCAA	SNG	sampleB	10xv2	B cell
CNA_10xv2_2	TCCGTTGTGGTTTGGT	SNG	sampleB	10xv2	CD4+ T cell
CNA_10xv2_2	TGCAATGTGTGCGGCT	SNG	sampleA	10xv2	Natural killer cell
CNA_10xv2_2	CTCAATGGACGGTTGC	SNG	sampleA	10xv2	Natural killer cell
CNA_10xv2_2	AGGAAGAGAGCAGGAT	SNG	sampleB	10xv2	CD16+ monocyte
CNA_10xv2_2	GAAGTAATGAAACATG	SNG	sampleA	10xv2	CD14+ monocyte
CNA_10xv2_2	TTCCACTCTCGAAGCA	SNG	sampleB	10xv2	Natural killer cell
CNA_10xv2_2	GGTTCAATGCCGCTAG	SNG	sampleB	10xv2	Natural killer cell
CNA_10xv2_2	AGATACGCTGCTACGC	SNG	sampleB	10xv2	Natural killer cell
CNA_10xv2_2	CATTCCTCTGTTGGTT	SNG	sampleB	10xv2	Dendritic cell
CNA_10xv2_2	CTTTCCGGAGGCCTGT	SNG	sampleB	10xv2	CD4+ T cell
CNA_10xv2_2	TGTTGACGATGGAACG	SNG	sampleA	10xv2	Natural killer cell
CNA_10xv2_2	CTATTGGGAAAGTAAC	SNG	sampleA	10xv2	CD4+ T cell
CNA_10xv2_2	AGTTTCACTCACAGTT	SNG	sampleA	10xv2	Natural killer cell
CNA_10xv2_2	CTGATTACTCTGATCA	SNG	sampleB	10xv2	B cell
CNA_10xv2_2	GGGAACCCTGCTCCTT	SNG	sampleB	10xv2	B cell
CNA_10xv2_2	GGTTTAGTGATCACAC	SNG	sampleA	10xv2	Natural killer cell
CNA_10xv2_2	AAAGATCGAAGTTGAA	SNG	sampleB	10xv2	Cytotoxic T cell
CNA_10xv2_2	CATAGGTACATTGGTC	SNG	sampleB	10xv2	Natural killer cell
CNA_10xv2_2	CCCAGAGACCCATGTA	SNG	sampleA	10xv2	CD4+ T cell
CNA_10xv2_2	CACATATCTACCAAGG	SNG	sampleA	10xv2	CD4+ T cell
CNA_10xv2_2	GTCCTGACTGCGCTGT	SNG	sampleA	10xv2	CD4+ T cell
CNA_10xv2_2	GGTAGCCTGAGCCATT	SNG	sampleA	10xv2	CD4+ T cell
CNA_10xv2_2	CAGCGCATGTGAGGCA	SNG	sampleA	10xv2	CD4+ T cell
CNA_10xv2_2	TTTCGCTCTGCTCCTT	SNG	sampleA	10xv2	Natural killer cell
CNA_10xv2_2	TCAAAGGCTATCCTCC	SNG	sampleB	10xv2	Cytotoxic T cell
CNA_10xv2_2	GTAACTCGAGTGGTGA	SNG	sampleA	10xv2	Natural killer cell
CNA_10xv2_2	TAGTACCGAGGCAGTA	SNG	sampleA	10xv2	CD14+ monocyte
CNA_10xv2_2	GTCTACAGAACCTTGA	SNG	sampleB	10xv2	B cell
CNA_10xv2_2	AATCACCGATTCGCAA	SNG	sampleA	10xv2	CD4+ T cell
CNA_10xv2_2	TTGGCTCTGAAATCGA	SNG	sampleB	10xv2	Natural killer cell
CNA_10xv2_2	CAACTGAACGCATGAG	SNG	sampleB	10xv2	B cell
CNA_10xv2_2	GAGTCTCCTACTAGTC	SNG	sampleA	10xv2	Natural killer cell
CNA_10xv2_2	TTTCTCGCTTACCTGA	SNG	sampleA	10xv2	B cell
CNA_10xv2_2	CCGAGACACGAGTGAC	SNG	sampleA	10xv2	CD16+ monocyte
CNA_10xv2_2	ATTGCTACTGCGGTTC	SNG	sampleA	10xv2	Natural killer cell
CNA_10xv2_2	CCCTGAACTGCATGAG	SNG	sampleB	10xv2	Cytotoxic T cell
CNA_10xv2_2	CTATAGCGATCCGTAA	SNG	sampleB	10xv2	Cytotoxic T cell
CNA_10xv2_2	CCTCCCTTGTTCGCCT	SNG	sampleB	10xv2	Cytotoxic T cell
CNA_10xv2_2	CGTCGTACTTTACGCA	SNG	sampleB	10xv2	CD16+ monocyte
CNA_10xv2_2	TCGTATGGAGTCAATC	SNG	sampleB	10xv2	CD4+ T cell
CNA_10xv2_2	TACCTGCTGTAGCAGG	SNG	sampleA	10xv2	CD16+ monocyte
CNA_10xv2_2	CTGAGCGTGGAATCTC	SNG	sampleA	10xv2	Cytotoxic T cell
CNA_10xv2_2	CTTTCGGTGTGAGGCA_TATGGTTCTAAGCTAA	SNG	sampleA	10xv2	CD14+ monocyte
CNA_10xv2_2	TCACTATTGTGCTGTA	SNG	sampleA	10xv2	Natural killer cell
CNA_10xv2_2	ACGGTTAACCGACACC	SNG	sampleA	10xv2	Natural killer cell
CNA_10xv2_2	GAAAGTCCTGTCAATC	SNG	sampleB	10xv2	CD14+ monocyte
CNA_10xv2_2	AAGGTGCGAAGCTTGT	SNG	sampleA	10xv2	CD4+ T cell
CNA_10xv2_2	AAACACGCTCGAATCT	SNG	sampleB	10xv2	Natural killer cell
CNA_10xv2_2	CGTGTACCTTGAGGCA	SNG	sampleB	10xv2	Natural killer cell
CNA_10xv2_2	TCTTCAAACAATCCTG	SNG	sampleB	10xv2	CD4+ T cell
CNA_10xv2_2	GTAATCGACGTTCTCC	SNG	sampleA	10xv2	CD4+ T cell
CNA_10xv2_2	CAAGATAGAGGATGGT	SNG	sampleB	10xv2	Cytotoxic T cell
CNA_10xv2_2	GGTATACTGCCGTGAC	SNG	sampleB	10xv2	Cytotoxic T cell
CNA_10xv2_2	ACTTCCTCTCCACTTC	SNG	sampleA	10xv2	CD16+ monocyte
CNA_10xv2_2	AACATCCGATGTTCCC	SNG	sampleB	10xv2	Natural killer cell
CNA_10xv2_2	ACGAGGATGTCTGCAA	SNG	sampleB	10xv2	CD4+ T cell
CNA_10xv2_2	AGATGTAGATCCTACC	SNG	sampleA	10xv2	CD4+ T cell
CNA_10xv2_2	GGGCCTTGAAGCAGGT	SNG	sampleA	10xv2	Cytotoxic T cell
CNA_10xv2_2	TCGACGGACCAGCACC	SNG	sampleA	10xv2	B cell
CNA_10xv2_2	TCCGTAAGATAACCCA	SNG	sampleA	10xv2	Cytotoxic T cell
CNA_10xv2_2	AGGTGTGGAGGACACA	SNG	sampleA	10xv2	CD4+ T cell
CNA_10xv2_2	TAGACCTGAAGTACGG	SNG	sampleB	10xv2	CD4+ T cell
CNA_10xv2_2	TTCTAGTACATCATGC	SNG	sampleB	10xv2	CD4+ T cell
CNA_10xv2_2	TTCGCCAACGCTGTTA	SNG	sampleB	10xv2	B cell
CNA_10xv2_2	GTTCCTGTGGTCTGGC	SNG	sampleB	10xv2	Natural killer cell
CNA_10xv2_2	TCGCGGTGAAATCCTG	SNG	sampleA	10xv2	Cytotoxic T cell
CNA_10xv2_2	TTGTCCCGATTAGCTG	SNG	sampleA	10xv2	CD14+ monocyte
CNA_10xv2_2	ATCGAGACTTGCGCCA	SNG	sampleA	10xv2	CD16+ monocyte
CNA_10xv2_2	CGAGTCTCTATGAATG	SNG	sampleB	10xv2	Cytotoxic T cell
CNA_10xv2_2	GAATTCTCTTAGCGAG	SNG	sampleB	10xv2	Cytotoxic T cell
CNA_10xv2_2	TCAGCCGGAAGGACCA	SNG	sampleB	10xv2	B cell
CNA_10xv2_2	CAGTGCTCTCCAGAGA_CTTTAGGGATTACGAC	SNG	sampleB	10xv2	Cytotoxic T cell
CNA_10xv2_2	GGCGTACACCGGAATG	SNG	sampleB	10xv2	B cell
CNA_10xv2_2	CAGGCGACTCATCTTT	SNG	sampleA	10xv2	Cytotoxic T cell
CNA_10xv2_2	AGCCGGTACTGCACCG	SNG	sampleA	10xv2	CD14+ monocyte
CNA_10xv2_2	CAGTGCTCTTTCGTTT	SNG	sampleB	10xv2	CD14+ monocyte
CNA_10xv2_2	ATTCCAGGATGAGTAA	SNG	sampleA	10xv2	CD4+ T cell
CNA_10xv2_2	GGGTATACTAGGGCTA	SNG	sampleA	10xv2	Cytotoxic T cell
CNA_10xv2_2	TCGACTCACGACAAAT	SNG	sampleA	10xv2	CD4+ T cell
CNA_10xv2_2	GTAAACAGATGCTTGA	SNG	sampleB	10xv2	Natural killer cell
CNA_10xv2_2	TACCTGCTGCGGGTAA	SNG	sampleB	10xv2	B cell
CNA_10xv2_2	AAATGCCTGGTCGGTC	SNG	sampleA	10xv2	Natural killer cell
CNA_10xv2_2	TAAACGCACTCGTACA	SNG	sampleB	10xv2	Natural killer cell
CNA_10xv2_2	AAATAGGTGACACAAA	SNG	sampleB	10xv2	Natural killer cell
CNA_10xv2_2	CCAACACCTAGGTGAC	SNG	sampleB	10xv2	Dendritic cell
CNA_10xv2_2	CTCGGATCTTGATCAC	SNG	sampleA	10xv2	B cell
CNA_10xv2_2	TGGTAAGCTGACGCCT	SNG	sampleB	10xv2	Natural killer cell
CNA_10xv2_2	GAACCATACTACCAAC	SNG	sampleB	10xv2	Cytotoxic T cell
CNA_10xv2_2	ACCTCGTTGGTTTGGT	SNG	sampleA	10xv2	Natural killer cell
CNA_10xv2_2	GCATCCTTGGCCAGCT	SNG	sampleB	10xv2	Cytotoxic T cell
CNA_10xv2_2	TCGCCGAGAGTTGGTT	SNG	sampleB	10xv2	B cell
CNA_10xv2_2	TACGTTTACGAATAAC	SNG	sampleB	10xv2	CD16+ monocyte
CNA_10xv2_2	TGCGAATACCTGATCA	SNG	sampleA	10xv2	CD4+ T cell
CNA_10xv2_2	CGAGGACCTAACGTAA	SNG	sampleB	10xv2	CD16+ monocyte
CNA_10xv2_2	GCACAGCACAACCAAA	SNG	sampleA	10xv2	CD4+ T cell
CNA_10xv2_2	TGGTCCTTGCCCGAGT	SNG	sampleB	10xv2	Natural killer cell
CNA_10xv2_2	CGCGTTGGAGCACGCT	SNG	sampleB	10xv2	CD16+ monocyte
CNA_10xv2_2	TGGGTGCACATAGCAA	SNG	sampleB	10xv2	CD14+ monocyte
CNA_10xv2_2	AGCCTACCTCACCTAA	SNG	sampleA	10xv2	CD14+ monocyte
CNA_10xv2_2	GAGGTTGGAAACCCGC	SNG	sampleB	10xv2	Natural killer cell
CNA_10xv2_2	TTGACAGTGGGTGTCC	SNG	sampleB	10xv2	CD14+ monocyte
CNA_10xv2_2	ACGATCATGCGGCACT	SNG	sampleB	10xv2	CD4+ T cell
CNA_10xv2_2	TCGTTGCTGCGAACAG	SNG	sampleB	10xv2	CD16+ monocyte
CNA_10xv2_2	TAGCTCGCTGAGCTGA	SNG	sampleB	10xv2	Cytotoxic T cell
CNA_10xv2_2	GGATGCCTGCCTAGGC	SNG	sampleA	10xv2	Natural killer cell
CNA_10xv2_2	TGGTTTGGACCAACGC	SNG	sampleA	10xv2	Cytotoxic T cell
CNA_10xv2_2	ATACAGGCTCCAACGC	SNG	sampleA	10xv2	Natural killer cell
CNA_10xv2_2	CTCTGAAGATGGTGAG	SNG	sampleA	10xv2	CD4+ T cell
CNA_10xv2_2	GCTATGATGGCTAGAG	SNG	sampleA	10xv2	Cytotoxic T cell
CNA_10xv2_2	TGGAGTTACTCGCAGC	SNG	sampleB	10xv2	CD14+ monocyte
CNA_10xv2_2	AGCCTACCTCCTTTGC	SNG	sampleA	10xv2	CD14+ monocyte
CNA_10xv2_2	GCTATTGGAGCTTCGG	SNG	sampleB	10xv2	Cytotoxic T cell
CNA_10xv2_2	TCTTGGCACCCTACGG	SNG	sampleB	10xv2	CD14+ monocyte
CNA_10xv2_2	GCCAGTCGACGCAACC	SNG	sampleB	10xv2	Cytotoxic T cell
CNA_10xv2_2	TACTGTTTGTACGATC	SNG	sampleB	10xv2	B cell
CNA_10xv2_2	TCAAATCCTAGACTTC	SNG	sampleA	10xv2	Natural killer cell
CNA_10xv2_2	AACTTGGACTGGGCCT	SNG	sampleA	10xv2	CD4+ T cell
CNA_10xv2_2	CACGATTGACCGGACT	SNG	sampleA	10xv2	CD4+ T cell
CNA_10xv2_2	GAAGGCATGTATTGCG	SNG	sampleB	10xv2	Cytotoxic T cell
CNA_10xv2_2	GGACACCTGTGGAACG	SNG	sampleB	10xv2	B cell
CNA_10xv2_2	GGGTGTGCTTCATGTG	SNG	sampleB	10xv2	Cytotoxic T cell
CNA_10xv2_2	TCTGAACGACATGCAT	SNG	sampleB	10xv2	CD4+ T cell
CNA_10xv2_2	ACTTATCACAGCAAGC	SNG	sampleB	10xv2	Cytotoxic T cell
CNA_10xv2_2	ACCCTTGTGAGTACGG	SNG	sampleA	10xv2	CD14+ monocyte
CNA_10xv2_2	CATTCCTCTGGACTGA	SNG	sampleB	10xv2	CD14+ monocyte
CNA_10xv2_2	AAGAATGTGGTTGTCA	SNG	sampleA	10xv2	Cytotoxic T cell
CNA_10xv2_2	GTAAACAGAGAACGTG	SNG	sampleB	10xv2	Cytotoxic T cell
CNA_10xv2_2	TGGGTTTGATCCCGTT	SNG	sampleA	10xv2	Cytotoxic T cell
CNA_10xv2_2	AACCGCTCTTCATTGG	SNG	sampleB	10xv2	CD4+ T cell
CNA_10xv2_2	CGATCGGTGTGGAACG	SNG	sampleA	10xv2	CD4+ T cell
CNA_10xv2_2	ACCAATGACACCATGT	SNG	sampleA	10xv2	Natural killer cell
CNA_10xv2_2	TAAGCCAACTTCGTTT	SNG	sampleA	10xv2	Natural killer cell
CNA_10xv2_2	TACATTCACGTTAGGG	SNG	sampleA	10xv2	Natural killer cell
CNA_10xv2_2	GTAATCGACCTCTGGG	SNG	sampleA	10xv2	Natural killer cell
CNA_10xv2_2	AGGACAGACCTGGGTC	SNG	sampleB	10xv2	Cytotoxic T cell
CNA_10xv2_2	GGCAACAGAAGACTTC	SNG	sampleA	10xv2	Cytotoxic T cell
CNA_10xv2_2	AAGCCTAACATTAAGG	SNG	sampleB	10xv2	Cytotoxic T cell
CNA_10xv2_2	GCAGGTCTGACAGATA	SNG	sampleB	10xv2	Cytotoxic T cell
CNA_10xv2_2	TGCGCAGACGAAACAT	SNG	sampleB	10xv2	Natural killer cell
CNA_10xv2_2	TCGACCTTGAGGACAC	SNG	sampleB	10xv2	CD4+ T cell
CNA_10xv2_2	CCTCCTGCTCTCGATA	SNG	sampleB	10xv2	CD14+ monocyte
CNA_10xv2_2	GCTGAATTGCGAATCT	SNG	sampleA	10xv2	Cytotoxic T cell
CNA_10xv2_2	GCGAGCACTCGCCACA	SNG	sampleB	10xv2	CD14+ monocyte
CNA_10xv2_2	ATGATAGGAAGAGGCT	SNG	sampleB	10xv2	CD4+ T cell
CNA_10xv2_2	GGGTTCTCTGCTAGAG	SNG	sampleB	10xv2	Cytotoxic T cell
CNA_10xv2_2	TTCGCCAACAATCCAC	SNG	sampleA	10xv2	CD14+ monocyte
CNA_10xv2_2	AGGGCAAACTCTGGGC	SNG	sampleA	10xv2	Natural killer cell
CNA_10xv2_2	GGCGTAGCTGCGTATT	SNG	sampleB	10xv2	B cell
CNA_10xv2_2	CATCGCGGAAATGCTC	SNG	sampleA	10xv2	CD14+ monocyte
CNA_10xv2_2	CCCTCCTTGAACGTTC	SNG	sampleA	10xv2	Natural killer cell
CNA_10xv2_2	GGTAGCCTGAGCTGAG	SNG	sampleA	10xv2	CD4+ T cell
CNA_10xv2_2	TTCAGTTACTAAAGCA	SNG	sampleA	10xv2	Cytotoxic T cell
CNA_10xv2_2	AAGGATCCTTACTTTC	SNG	sampleB	10xv2	Cytotoxic T cell
CNA_10xv2_2	GTGCCATCTCCGCTAG	SNG	sampleA	10xv2	CD14+ monocyte
CNA_10xv2_2	CTCTGGACTAACCCGC	SNG	sampleA	10xv2	CD4+ T cell
CNA_10xv2_2	ACGTCCACTACCTAGT	SNG	sampleA	10xv2	B cell
CNA_10xv2_2	TGGTCCTTGGAATAAC	SNG	sampleB	10xv2	Dendritic cell
CNA_10xv2_2	CGACCTACTGCCCTGA	SNG	sampleB	10xv2	Cytotoxic T cell
CNA_10xv2_2	GTCTACCACCATGCTA	SNG	sampleB	10xv2	Cytotoxic T cell
CNA_10xv2_2	AGACTACTGCGATGGA	SNG	sampleB	10xv2	Cytotoxic T cell
CNA_10xv2_2	AGTCGAACTTACGTTG	SNG	sampleA	10xv2	CD4+ T cell
CNA_10xv2_2	CGTGGAAGAGACAAAT	SNG	sampleB	10xv2	Cytotoxic T cell
CNA_10xv2_2	TGGAATCACTCAATGC	SNG	sampleB	10xv2	B cell
CNA_10xv2_2	GGGTTGCTGTAGCGAG	SNG	sampleA	10xv2	B cell
CNA_10xv2_2	GAACTAGCTATAACCC	SNG	sampleB	10xv2	Cytotoxic T cell
CNA_10xv2_2	GATGCATTGAATCTGC	SNG	sampleB	10xv2	Natural killer cell
CNA_10xv2_2	CATTGTTACTCCAATG	SNG	sampleB	10xv2	Natural killer cell
CNA_10xv2_2	GAAGCCCTGCGGTTGC	SNG	sampleA	10xv2	CD4+ T cell
CNA_10xv2_2	ACTTCCTCTCGCCACA	SNG	sampleA	10xv2	Natural killer cell
CNA_10xv2_2	GCAAACTACTAAAGCA	SNG	sampleA	10xv2	Natural killer cell
CNA_10xv2_2	ACACAGACTTTGGGAG	SNG	sampleA	10xv2	CD4+ T cell
CNA_10xv2_2	CTCTATATGCATCCTC	SNG	sampleB	10xv2	CD4+ T cell
CNA_10xv2_2	GCCATTCACTAGCAGG	SNG	sampleB	10xv2	CD4+ T cell
CNA_10xv2_2	GTGCAGAGAGCTCAGC	SNG	sampleB	10xv2	CD4+ T cell
CNA_10xv2_2	GGTCAGAGACATGATC	SNG	sampleB	10xv2	CD4+ T cell
CNA_10xv2_2	TTGGCGCGATGTTCCC	SNG	sampleA	10xv2	CD4+ T cell
CNA_10xv2_2	TCCGCCTCTCAGGGAT	SNG	sampleB	10xv2	CD16+ monocyte
CNA_10xv2_2	AGTAAGTGATTGGCGC	SNG	sampleA	10xv2	CD14+ monocyte
CNA_10xv2_2	GGTACGCTGTGCTGTA	SNG	sampleB	10xv2	CD4+ T cell
CNA_10xv2_2	GCAGACCTGTGGCTGC	SNG	sampleA	10xv2	B cell
CNA_10xv2_2	CTGTGCACTATTGCCA	SNG	sampleB	10xv2	CD16+ monocyte
CNA_10xv2_2	GGGAGAACTCTTTAGG	SNG	sampleB	10xv2	CD16+ monocyte
CNA_10xv2_2	CCGGGTATGCCCGAGT	SNG	sampleA	10xv2	CD4+ T cell
CNA_10xv2_2	AAACTCCGATAATGCC	SNG	sampleA	10xv2	CD4+ T cell
CNA_10xv2_2	CGCTTGTACACCAGTT	SNG	sampleB	10xv2	B cell
CNA_10xv2_2	TCTACTAACAGATTCC	SNG	sampleB	10xv2	Cytotoxic T cell
CNA_10xv2_2	CAAGAAATGGCACGCT	SNG	sampleB	10xv2	CD14+ monocyte
CNA_10xv2_2	GAAATGAACGGGTAGT	SNG	sampleA	10xv2	Natural killer cell
CNA_10xv2_2	GGCTTAAACTACTTTC	SNG	sampleB	10xv2	Natural killer cell
CNA_10xv2_2	TCAGACCCTAATCCGT	SNG	sampleB	10xv2	B cell
CNA_10xv2_2	TCGTAGAACGGACCTC	SNG	sampleA	10xv2	Cytotoxic T cell
CNA_10xv2_2	CAGTGATTGCTCATCC	SNG	sampleA	10xv2	Cytotoxic T cell
CNA_10xv2_2	CCACATGCTAATGCGG	SNG	sampleA	10xv2	Natural killer cell
CNA_10xv2_2	GATACCATGGCCACGT	SNG	sampleA	10xv2	Cytotoxic T cell
CNA_10xv2_2	GTTAAGAGAACGCCAC	SNG	sampleB	10xv2	Natural killer cell
CNA_10xv2_2	TACCAGTGATGGCATT	SNG	sampleA	10xv2	CD4+ T cell
CNA_10xv2_2	AATCTCTTGTTACGAC	SNG	sampleB	10xv2	Cytotoxic T cell
CNA_10xv2_2	GGCACACACCTGATCA	SNG	sampleA	10xv2	B cell
CNA_10xv2_2	CAGGAGCCTCTACTCC	SNG	sampleB	10xv2	Cytotoxic T cell
CNA_10xv2_2	TGGACTATGTTAGCTG	SNG	sampleB	10xv2	CD14+ monocyte
CNA_10xv2_2	TTCTACATGGGCCATC	SNG	sampleB	10xv2	Cytotoxic T cell
CNA_10xv2_2	CTCAATGGATCTTTGT	SNG	sampleB	10xv2	CD16+ monocyte
CNA_10xv2_2	ATAGCCAACACCGTTA	SNG	sampleB	10xv2	Dendritic cell
CNA_10xv2_2	CGTGCAGACACCCGGT	SNG	sampleB	10xv2	CD14+ monocyte
CNA_10xv2_2	TCGACGGACCAGTCTA	SNG	sampleB	10xv2	Natural killer cell
CNA_10xv2_2	GTAACTGTGACCCGGT	SNG	sampleA	10xv2	Natural killer cell
CNA_10xv2_2	ACGGTTAACCAAGGTG	SNG	sampleA	10xv2	CD14+ monocyte
CNA_10xv2_2	CTCTCTGGACGGTTTA	SNG	sampleA	10xv2	Natural killer cell
CNA_10xv2_2	TAAGGCTTGTGTTGTG	SNG	sampleA	10xv2	Cytotoxic T cell
CNA_10xv2_2	TTGTCCCGAACCTGCG	SNG	sampleA	10xv2	Natural killer cell
CNA_10xv2_2	ACGTCCACTTTCAGTG	SNG	sampleA	10xv2	CD14+ monocyte
CNA_10xv2_2	TGCGTCTACGACATAA	SNG	sampleA	10xv2	CD4+ T cell
CNA_10xv2_2	TGTGTAGTGTCTGGAT	SNG	sampleA	10xv2	B cell
CNA_10xv2_2	TGACTCAGACTTCAAG	SNG	sampleA	10xv2	Natural killer cell
CNA_10xv2_2	CTTGACGCTATACGCT	SNG	sampleB	10xv2	Natural killer cell
CNA_10xv2_2	GATACGACTCGAACGA	SNG	sampleA	10xv2	Natural killer cell
CNA_10xv2_2	ACGGGAATGGGCCTGT	SNG	sampleB	10xv2	Natural killer cell
CNA_10xv2_2	TTGTCGAGATTACGCA	SNG	sampleB	10xv2	Dendritic cell
CNA_10xv2_2	GTTGAGTTGGCTCAGC	SNG	sampleA	10xv2	B cell
CNA_10xv2_2	TCACACCTGCCGGACT	SNG	sampleA	10xv2	Natural killer cell
CNA_10xv2_2	TGCGCATCTCGTAACT	SNG	sampleA	10xv2	CD4+ T cell
CNA_10xv2_2	ACTGATTCTTGCACCG	SNG	sampleA	10xv2	Cytotoxic T cell
CNA_10xv2_2	GTCTAATCTAACCCGC	SNG	sampleA	10xv2	CD4+ T cell
CNA_10xv2_2	CATCGCGGAGCTAGAG	SNG	sampleB	10xv2	CD4+ T cell
CNA_10xv2_2	GGATATAGAAAGTTAG	SNG	sampleA	10xv2	CD4+ T cell
CNA_10xv2_2	AAGACAAACTGGTCCG	SNG	sampleB	10xv2	Natural killer cell
CNA_10xv2_2	ATTCCAGGAAATACAG	SNG	sampleB	10xv2	Cytotoxic T cell
CNA_10xv2_2	CTGACGTCTAGCAGGT	SNG	sampleB	10xv2	Natural killer cell
CNA_10xv2_2	TCTTTAGACGGACAGT	SNG	sampleB	10xv2	CD16+ monocyte
CNA_10xv2_2	AGTAAGTGAAACGTTC	SNG	sampleB	10xv2	CD14+ monocyte
CNA_10xv2_2	ATGGGTTACTTGGGAG	SNG	sampleB	10xv2	Cytotoxic T cell
CNA_10xv2_2	CAAGGCCACCCACTTC	SNG	sampleA	10xv2	CD14+ monocyte
CNA_10xv2_2	CTGGTGGACACCTGCG	SNG	sampleA	10xv2	CD14+ monocyte
CNA_10xv2_2	AGTGGAGTGTGCTCAA	SNG	sampleA	10xv2	CD14+ monocyte
CNA_10xv2_2	CTATTCAACGATCCAT	SNG	sampleB	10xv2	Cytotoxic T cell
CNA_10xv2_2	ATCAAGCACAAAGTAC	SNG	sampleA	10xv2	CD14+ monocyte
CNA_10xv2_2	CCGTTCTGACCTCGTT	SNG	sampleB	10xv2	Cytotoxic T cell
CNA_10xv2_2	CGTTATGGATGGCTTA	SNG	sampleA	10xv2	Cytotoxic T cell
CNA_10xv2_2	TCGTATGGAAAAGGTT	SNG	sampleA	10xv2	CD16+ monocyte
CNA_10xv2_2	CGCACACGACATGCTA	SNG	sampleB	10xv2	Cytotoxic T cell
CNA_10xv2_2	TAAGGCTTGCGAGTGA	SNG	sampleA	10xv2	Cytotoxic T cell
CNA_10xv2_2	AATGGCTACAGTACGG	SNG	sampleB	10xv2	Cytotoxic T cell
CNA_10xv2_2	ATTACTCACTTGGGAG	SNG	sampleB	10xv2	CD4+ T cell
CNA_10xv2_2	GTACTGAACTAATAGG	SNG	sampleB	10xv2	CD4+ T cell
CNA_10xv2_2	AGCTTCCACAGGGCTA	SNG	sampleA	10xv2	Natural killer cell
CNA_10xv2_2	TGGTCCTTGTTCGTTT	SNG	sampleB	10xv2	CD4+ T cell
CNA_10xv2_2	TCTGAACGAGGAATGC	SNG	sampleB	10xv2	Natural killer cell
CNA_10xv2_2	GGGCCTTGATAAAGCA	SNG	sampleB	10xv2	B cell
CNA_10xv2_2	TGCGCAGACGCTAGAG	SNG	sampleB	10xv2	CD16+ monocyte
CNA_10xv2_2	AGCAGAGACAAAGGTT	SNG	sampleA	10xv2	Cytotoxic T cell
CNA_10xv2_2	ATCGGCGTGCCACAAT	SNG	sampleB	10xv2	Cytotoxic T cell
CNA_10xv2_2	CCCATGTACTAGGCGA	SNG	sampleA	10xv2	CD4+ T cell
CNA_10xv2_2	TCTTTCAGAAAGTTCC	SNG	sampleB	10xv2	B cell
CNA_10xv2_2	AAGTCTTCTTCCAGCG	SNG	sampleB	10xv2	CD16+ monocyte
CNA_10xv2_2	TGCGGCAACCGATTCA	SNG	sampleB	10xv2	CD4+ T cell
CNA_10xv2_2	ACTGTGATGTCGTAAC	SNG	sampleA	10xv2	Natural killer cell
CNA_10xv2_2	AACTACGACGTTGACT	SNG	sampleB	10xv2	B cell
CNA_10xv2_2	TATCTCCCTGTCCCGA	SNG	sampleA	10xv2	Cytotoxic T cell
CNA_10xv2_2	TATTCCTGACCCGAGT	SNG	sampleA	10xv2	CD14+ monocyte
CNA_10xv2_2	TGGCAATTGGTACGTT	SNG	sampleA	10xv2	CD4+ T cell
CNA_10xv2_2	TAATTGCCTACCCGGT	SNG	sampleA	10xv2	CD4+ T cell
CNA_10xv2_2	TCCGTAAGAAAAGGTT	SNG	sampleB	10xv2	Natural killer cell
CNA_10xv2_2	TGTACGATGCTTCAAG	SNG	sampleA	10xv2	Natural killer cell
CNA_10xv2_2	GGGTCGTACTCTGGGC	SNG	sampleA	10xv2	B cell
CNA_10xv2_2	GAAGCAGTGATCCTTT	SNG	sampleA	10xv2	Natural killer cell
CNA_10xv2_2	CAAGTGGGACGGAAGT	SNG	sampleA	10xv2	CD14+ monocyte
CNA_10xv2_2	TCGTAATCTCCTGAGC	SNG	sampleA	10xv2	CD16+ monocyte
CNA_10xv2_2	CCTAAGAACTGCATCA	SNG	sampleA	10xv2	Cytotoxic T cell
CNA_10xv2_2	GGTCAGAGAGAATAAC	SNG	sampleA	10xv2	CD14+ monocyte
CNA_10xv2_2	ACTTCATACCGACTAT	SNG	sampleB	10xv2	CD14+ monocyte
CNA_10xv2_2	TTCTAACACCTGAGAG	SNG	sampleB	10xv2	Natural killer cell
CNA_10xv2_2	TATAGCCGATGTTCCC	SNG	sampleB	10xv2	Cytotoxic T cell
CNA_10xv2_2	TCGTTCGTGAGCAATA	SNG	sampleA	10xv2	CD16+ monocyte
CNA_10xv2_2	TACTAACCTCTCACGG	SNG	sampleB	10xv2	Natural killer cell
CNA_10xv2_2	CCTTTCTACTACACTG	SNG	sampleA	10xv2	CD4+ T cell
CNA_10xv2_2	CATTCAACTCGCCACA	SNG	sampleA	10xv2	Natural killer cell
CNA_10xv2_2	CCTAACGCTCGATGTT	SNG	sampleB	10xv2	CD16+ monocyte
CNA_10xv2_2	TACCACCTGCGAGGTA	SNG	sampleB	10xv2	CD4+ T cell
CNA_10xv2_2	TAGTCCGCTCATAGCT	SNG	sampleA	10xv2	Natural killer cell
CNA_10xv2_2	TGTATGCGACGTGCAC	SNG	sampleB	10xv2	CD16+ monocyte
CNA_10xv2_2	ATCTATCACATACGCT	SNG	sampleB	10xv2	Cytotoxic T cell
CNA_10xv2_2	TTCCGTCGAGCTAGAG	SNG	sampleB	10xv2	Natural killer cell
CNA_10xv2_2	CTGCACGGAAATCCAC	SNG	sampleA	10xv2	Natural killer cell
CNA_10xv2_2	CAAAGAATGTTGGCGC	SNG	sampleA	10xv2	CD4+ T cell
CNA_10xv2_2	AATGGTGCTCCTGAGC	SNG	sampleB	10xv2	CD16+ monocyte
CNA_10xv2_2	CAGTTGATGTCTGGAT	SNG	sampleB	10xv2	B cell
CNA_10xv2_2	TTGTCAACTTCTGGGC	SNG	sampleB	10xv2	B cell
CNA_10xv2_2	GGTTGTATGAACGCAG	SNG	sampleA	10xv2	B cell
CNA_10xv2_2	TCCGCCTCTATGTCCA	SNG	sampleA	10xv2	Natural killer cell
CNA_10xv2_2	TAACGAGCTGAGTAAT	SNG	sampleA	10xv2	Natural killer cell
CNA_10xv2_2	AGCTCGGACTTTCGCC	SNG	sampleA	10xv2	CD14+ monocyte
CNA_10xv2_2	AAAGTCAGAGACTGTT	SNG	sampleB	10xv2	CD4+ T cell
CNA_10xv2_2	GATCCAAACCTAACGT	SNG	sampleA	10xv2	CD4+ T cell
CNA_10xv2_2	TGCACGGACATCCTCC	SNG	sampleB	10xv2	CD4+ T cell
CNA_10xv2_2	GGGATCAGATGCGGCT	SNG	sampleA	10xv2	Cytotoxic T cell
CNA_10xv2_2	AGGACAGACTTGGTTG	SNG	sampleB	10xv2	Natural killer cell
CNA_10xv2_2	TACCTTCCTCCTCGTT	SNG	sampleB	10xv2	Natural killer cell
CNA_10xv2_2	CGCAAATACAATCGAA	SNG	sampleA	10xv2	B cell
CNA_10xv2_2	GGTTCACCTGCTCTTC	SNG	sampleA	10xv2	B cell
CNA_10xv2_2	ATAGATGGACCTACGG	SNG	sampleA	10xv2	CD4+ T cell
CNA_10xv2_2	TCCGGGATGATTGCCA	SNG	sampleA	10xv2	CD14+ monocyte
CNA_10xv2_2	ATTCCAGGAACGCGAA	SNG	sampleA	10xv2	CD4+ T cell
CNA_10xv2_2	GCAATCATGAAGTTAG	SNG	sampleB	10xv2	Natural killer cell
CNA_10xv2_2	TAATGGGCTTGACTCA	SNG	sampleB	10xv2	Natural killer cell
CNA_10xv2_2	ATCGCAAACTTACGCA	SNG	sampleB	10xv2	B cell
CNA_10xv2_2	TTCAAGTCTCTTAAGC	SNG	sampleA	10xv2	CD4+ T cell
CNA_10xv2_2	AGGTTACTGTACGATC	SNG	sampleA	10xv2	CD4+ T cell
CNA_10xv2_2	GCTTTAGGACAGGCCT	SNG	sampleA	10xv2	Natural killer cell
CNA_10xv2_2	GGTGCGTTGACGAGCA	SNG	sampleA	10xv2	Natural killer cell
CNA_10xv2_2	TGTACCAGACTGAGAG	SNG	sampleA	10xv2	CD4+ T cell
CNA_10xv2_2	ACCGGAGCTGATTAAG	SNG	sampleA	10xv2	CD4+ T cell
CNA_10xv2_2	GTTACAGTGGGAATGC	SNG	sampleA	10xv2	CD4+ T cell
CNA_10xv2_2	ACGGCCTGAACGAGCA	SNG	sampleB	10xv2	CD16+ monocyte
CNA_10xv2_2	TAACGCATGATTCTGG	SNG	sampleA	10xv2	CD4+ T cell
CNA_10xv2_2	CGAGTCTCTCGGGTAA	SNG	sampleA	10xv2	B cell
CNA_10xv2_2	ACACGTTGACGACAAG	SNG	sampleB	10xv2	CD4+ T cell
CNA_10xv2_2	CACTTAGGAGTTAGTC	SNG	sampleA	10xv2	Cytotoxic T cell
CNA_10xv2_2	GAACTCCCTCCTGTGG	SNG	sampleB	10xv2	B cell
CNA_10xv2_2	GGTTCATGAAAAGTAC	SNG	sampleA	10xv2	CD14+ monocyte
CNA_10xv2_2	CGTGAATACCCGTGAC	SNG	sampleA	10xv2	Cytotoxic T cell
CNA_10xv2_2	AGCCGGTACCCTCCTA	SNG	sampleA	10xv2	CD4+ T cell
CNA_10xv2_2	AGGAAGAGAAGCAATA	SNG	sampleA	10xv2	CD4+ T cell
CNA_10xv2_2	TTCTACATGTAGGAGC	SNG	sampleA	10xv2	CD4+ T cell
CNA_10xv2_2	GTCGAATACGCACTTA	SNG	sampleA	10xv2	Cytotoxic T cell
CNA_10xv2_2	TCCGGGTGATCGTACA	SNG	sampleB	10xv2	CD4+ T cell
CNA_10xv2_2	AACATCCGAAACGTTC	SNG	sampleB	10xv2	CD4+ T cell
CNA_10xv2_2	GAAGTCTTGCGAACAG	SNG	sampleA	10xv2	CD14+ monocyte
CNA_10xv2_2	TGGGTGCACTATGACC	SNG	sampleB	10xv2	CD14+ monocyte
CNA_10xv2_2	AGGTATAGATTGCGTA	SNG	sampleA	10xv2	CD4+ T cell
CNA_10xv2_2	AAATGCCTGGAGTGAC	SNG	sampleA	10xv2	Natural killer cell
CNA_10xv2_2	GTACTGAACGGACCTC	SNG	sampleA	10xv2	Natural killer cell
CNA_10xv2_2	GTTCGCTTGTCGTACA	SNG	sampleB	10xv2	B cell
CNA_10xv2_2	AACACACACTAGGTTC	SNG	sampleA	10xv2	Natural killer cell
CNA_10xv2_2	AAGAGAGGAGGCCTTG	SNG	sampleA	10xv2	CD4+ T cell
CNA_10xv2_2	AACCACTGATGGCTGC	SNG	sampleB	10xv2	CD16+ monocyte
CNA_10xv2_2	GGACCACTGCGCAACC	SNG	sampleB	10xv2	B cell
CNA_10xv2_2	AGGGACCCTAACTAGA	SNG	sampleA	10xv2	B cell
CNA_10xv2_2	CCATAAGTGCTGTGCG	SNG	sampleB	10xv2	Natural killer cell
CNA_10xv2_2	TGTTACTACACCGTTA	SNG	sampleA	10xv2	Dendritic cell
CNA_10xv2_2	AACCGCTCTCAGCTGC	SNG	sampleB	10xv2	CD4+ T cell
CNA_10xv2_2	GCTCGATCTCGAACGA	SNG	sampleB	10xv2	B cell
CNA_10xv2_2	TCGCTGGGACGTGCAC	SNG	sampleA	10xv2	CD14+ monocyte
CNA_10xv2_2	TGTACGATGACGCCAC	SNG	sampleA	10xv2	Natural killer cell
CNA_10xv2_2	TGTAACGTGATGTGGG	SNG	sampleB	10xv2	Dendritic cell
CNA_10xv2_2	ATTACCTACCCACATA	SNG	sampleA	10xv2	B cell
CNA_10xv2_2	CCGTTGTACGCACGCT	SNG	sampleB	10xv2	B cell
CNA_10xv2_2	GCTGTTCTGGCTCCTT	SNG	sampleA	10xv2	CD14+ monocyte
CNA_10xv2_2	CCTATCCGAGGGTAGT	SNG	sampleA	10xv2	Natural killer cell
CNA_10xv2_2	CCGAGACACGCAGTTT	SNG	sampleB	10xv2	CD4+ T cell
CNA_10xv2_2	CCGCAAGTGGTTCTCC	SNG	sampleB	10xv2	B cell
CNA_10xv2_2	CCTACGGGATTGCGTA	SNG	sampleA	10xv2	Natural killer cell
CNA_10xv2_2	CGAAACGGACTACTCC	SNG	sampleA	10xv2	Cytotoxic T cell
CNA_10xv2_2	CGAGCAGCTTTGCAGT	SNG	sampleB	10xv2	CD4+ T cell
CNA_10xv2_2	ACCCTTGTGGAACAGC	SNG	sampleB	10xv2	Natural killer cell
CNA_10xv2_2	CAGCTCACTGTCTGGC	SNG	sampleA	10xv2	Dendritic cell
CNA_10xv2_2	CCAACACCTCACCTAA	SNG	sampleB	10xv2	B cell
CNA_10xv2_2	TGGTTTGGAGACTCGC	SNG	sampleB	10xv2	CD4+ T cell
CNA_10xv2_2	GCGATCCGAAATCTGC	SNG	sampleB	10xv2	Natural killer cell
CNA_10xv2_2	AATAAGGACAGACTTC	SNG	sampleA	10xv2	Natural killer cell
CNA_10xv2_2	AGCTCGGACAATCGCT	SNG	sampleA	10xv2	Natural killer cell
CNA_10xv2_2	CCGATTCACAGCGCTC	SNG	sampleA	10xv2	CD14+ monocyte
CNA_10xv2_2	CGACCTACTCCACATA	SNG	sampleA	10xv2	CD14+ monocyte
CNA_10xv2_2	AGGGACATGTAATCGC	SNG	sampleB	10xv2	Natural killer cell
CNA_10xv2_2	CCGTTAAGAAAGTCTC	SNG	sampleA	10xv2	Natural killer cell
CNA_10xv2_2	TGGTAAGCTGGACTGA	SNG	sampleB	10xv2	CD4+ T cell
CNA_10xv2_2	ACGATAGCTTGCCACG	SNG	sampleB	10xv2	Natural killer cell
CNA_10xv2_2	TAAACGCACGTTGACT	SNG	sampleB	10xv2	CD4+ T cell
CNA_10xv2_2	ACGTAGGGAAAGGTGC	SNG	sampleA	10xv2	Natural killer cell
CNA_10xv2_2	CTTTCGGTGCCTTCCA	SNG	sampleA	10xv2	Cytotoxic T cell
CNA_10xv2_2	TCCGTTGTGCGAGGTA	SNG	sampleB	10xv2	B cell
CNA_10xv2_2	CTAACTGGACAGTCTA	SNG	sampleA	10xv2	Cytotoxic T cell
CNA_10xv2_2	TGGAGTTACATGTCAC	SNG	sampleB	10xv2	CD14+ monocyte
CNA_10xv2_2	AACTTGGACACCGTGC	SNG	sampleB	10xv2	B cell
CNA_10xv2_2	ATGCTCCTGCGGGTAA	SNG	sampleA	10xv2	CD14+ monocyte
CNA_10xv2_2	AGGGTTTACGTGGTGA	SNG	sampleB	10xv2	B cell
CNA_10xv2_2	TCAGCCGGACCTAACA	SNG	sampleA	10xv2	CD14+ monocyte
CNA_10xv2_2	CTAGCTCACCAGACCC	SNG	sampleA	10xv2	B cell
CNA_10xv2_2	TACAACCGAATCGGTT	SNG	sampleB	10xv2	CD14+ monocyte
CNA_10xv2_2	TGGGTTTGATTACGCA	SNG	sampleB	10xv2	Cytotoxic T cell
CNA_10xv2_2	AGGTTACTGTAAGCAA	SNG	sampleA	10xv2	CD16+ monocyte
CNA_10xv2_2	TTGCGGTCTTAGCAGG	SNG	sampleB	10xv2	B cell
CNA_10xv2_2	CCACGGATGACGTGCC	SNG	sampleA	10xv2	B cell
CNA_10xv2_2	CATCAGTGATAACTCG	SNG	sampleB	10xv2	Dendritic cell
CNA_10xv2_2	TCTTCCTTGTAATCGC	SNG	sampleB	10xv2	CD16+ monocyte
CNA_10xv2_2	TACCCGTTGATGTCAC	SNG	sampleB	10xv2	CD4+ T cell
CNA_10xv2_2	TCCAAAGTGGATGGAC	SNG	sampleA	10xv2	CD4+ T cell
CNA_10xv2_2	TCGCGTACTTGCCACG	SNG	sampleA	10xv2	B cell
CNA_10xv2_2	TACCGCTACACCATGT	SNG	sampleA	10xv2	CD4+ T cell
CNA_10xv2_2	AATCTCTTGCCAGAGA	SNG	sampleA	10xv2	CD14+ monocyte
CNA_10xv2_2	CCCAGAGACGCCCAAC	SNG	sampleA	10xv2	Natural killer cell
CNA_10xv2_2	TAGCTTTACTTTCTTG	SNG	sampleA	10xv2	CD4+ T cell
CNA_10xv2_2	CCCATTTCTATCGGTT	SNG	sampleA	10xv2	CD4+ T cell
CNA_10xv2_2	GCTTCTCGATGAAAGT	SNG	sampleA	10xv2	Natural killer cell
CNA_10xv2_2	TGCACGGACCGATTAC	SNG	sampleB	10xv2	Cytotoxic T cell
CNA_10xv2_2	CACTATTTGAAGTTCC	SNG	sampleA	10xv2	CD14+ monocyte
CNA_10xv2_2	TGCGCAGACAGGGCTA	SNG	sampleB	10xv2	Natural killer cell
CNA_10xv2_2	CAGCTGTCTCGGTTTA	SNG	sampleB	10xv2	B cell
CNA_10xv2_2	CGAGTCTCTTTCGCAA	SNG	sampleB	10xv2	Cytotoxic T cell
CNA_10xv2_2	GCTACAAACCCTTTGC	SNG	sampleB	10xv2	B cell
CNA_10xv2_2	AGTACGTTGGCGCAAA	SNG	sampleA	10xv2	CD14+ monocyte
CNA_10xv2_2	GAGAAGAGATAAGCAA	SNG	sampleB	10xv2	Cytotoxic T cell
CNA_10xv2_2	TACGAGTTGCGAAAGC	SNG	sampleA	10xv2	Natural killer cell
CNA_10xv2_2	CGTAATCGACTCATCC	SNG	sampleB	10xv2	Natural killer cell
CNA_10xv2_2	ATCGTCCACATAGGTA	SNG	sampleA	10xv2	CD4+ T cell
CNA_10xv2_2	GTTATCACTTCGTCAA	SNG	sampleB	10xv2	CD4+ T cell
CNA_10xv2_2	ATCGTCCACGAACATA	SNG	sampleB	10xv2	B cell
CNA_10xv2_2	GGTTGAACTAAGGCCA	SNG	sampleB	10xv2	CD14+ monocyte
CNA_10xv2_2	GGCGCAACTGCCACGT	SNG	sampleA	10xv2	CD4+ T cell
CNA_10xv2_2	GCCTAAATGGGTAGAC	SNG	sampleB	10xv2	Dendritic cell
CNA_10xv2_2	GGACTTAACTTAGAAG	SNG	sampleB	10xv2	Cytotoxic T cell
CNA_10xv2_2	GTAAGGCGATTCGTTT	SNG	sampleA	10xv2	B cell
CNA_10xv2_2	GTGAAGGACTTATGGC	SNG	sampleA	10xv2	CD4+ T cell
CNA_10xv2_2	GTTCCCAACAGTACGG	SNG	sampleB	10xv2	CD4+ T cell
CNA_10xv2_2	CTTCCTTTGTTAGAAG	SNG	sampleA	10xv2	Natural killer cell
CNA_10xv2_2	CACTTTATGGGGACTA	SNG	sampleA	10xv2	CD14+ monocyte
CNA_10xv2_2	GAAAGTCCTGAGAGGG	SNG	sampleA	10xv2	CD4+ T cell
CNA_10xv2_2	GCGTTCTACGGTGCAA	SNG	sampleB	10xv2	CD4+ T cell
CNA_10xv2_2	GTGAAGCGAATGTCAC	SNG	sampleA	10xv2	CD4+ T cell
CNA_10xv2_2	TGGACATACCCAGCTG	SNG	sampleA	10xv2	CD4+ T cell
CNA_10xv2_2	ACAGCCGACATGTCCA	SNG	sampleA	10xv2	CD14+ monocyte
CNA_10xv2_2	CTCTGGACTCCTATCC	SNG	sampleA	10xv2	B cell
CNA_10xv2_2	TTCTTAGACAGGACCA	SNG	sampleA	10xv2	CD14+ monocyte
CNA_10xv2_2	AACTTGGACCTACTCC	SNG	sampleB	10xv2	CD4+ T cell
CNA_10xv2_2	TTGGTATCTCGGAAGT	SNG	sampleA	10xv2	CD14+ monocyte
CNA_10xv2_2	GCTTACCACTAAGCAA	SNG	sampleA	10xv2	CD4+ T cell
CNA_10xv2_2	GCGTATATGTGGGCAA	SNG	sampleB	10xv2	CD4+ T cell
CNA_10xv2_2	TAAGCTGACCCCGCAA_TGCAGATACCTTTAGG	SNG	sampleA	10xv2	CD14+ monocyte
CNA_10xv2_2	GCACAATTGATTAAGG	SNG	sampleA	10xv2	B cell
CNA_10xv2_2	CAGGAGCCTTTAGCTG	SNG	sampleB	10xv2	Cytotoxic T cell
CNA_10xv2_2	GATAAGAACAGGGAGG	SNG	sampleB	10xv2	CD4+ T cell
CNA_10xv2_2	GTTGAGTTGCCTGCGA	SNG	sampleA	10xv2	Natural killer cell
CNA_10xv2_2	TACAACCGACGATTGT	SNG	sampleB	10xv2	Natural killer cell
CNA_10xv2_2	ATCGGTCCTATCGGTT	SNG	sampleB	10xv2	Dendritic cell
CNA_10xv2_2	GCTACAAACCCGCTAG	SNG	sampleB	10xv2	CD4+ T cell
CNA_10xv2_2	TCGTAGAACGGTGCAA	SNG	sampleA	10xv2	CD14+ monocyte
CNA_10xv2_2	CGAGTTAACTAACTCG	SNG	sampleA	10xv2	Natural killer cell
CNA_10xv2_2	CGACATCCTAGGGCTA	SNG	sampleA	10xv2	CD4+ T cell
CNA_10xv2_2	TCACACAGATCGTACA	SNG	sampleA	10xv2	CD4+ T cell
CNA_10xv2_2	TGAGGGATGTAAAGCA	SNG	sampleB	10xv2	CD4+ T cell
CNA_10xv2_2	GGAAGGACTTTGGGAG	SNG	sampleA	10xv2	Natural killer cell
CNA_10xv2_2	TCACATTACGGTGTCC	SNG	sampleB	10xv2	Dendritic cell
CNA_10xv2_2	CCATTGCTGCTCGAGC	SNG	sampleA	10xv2	CD4+ T cell
CNA_10xv2_2	TGGATAGCTTTTCGCC	SNG	sampleA	10xv2	Natural killer cell
CNA_10xv2_2	CCACAACCTGCCCTTT	SNG	sampleA	10xv2	CD4+ T cell
CNA_10xv2_2	CCCTTGCCTCGGTTTA	SNG	sampleA	10xv2	CD16+ monocyte
CNA_10xv2_2	CGCATCTTGACGTGCC	SNG	sampleA	10xv2	CD4+ T cell
CNA_10xv2_2	CTCTTTCTGTTTCGCC	SNG	sampleA	10xv2	CD14+ monocyte
CNA_10xv2_2	CCAGGCAACGGGTAGT	SNG	sampleA	10xv2	CD14+ monocyte
CNA_10xv2_2	CCCTATCGAGGAATAT	SNG	sampleA	10xv2	CD4+ T cell
CNA_10xv2_2	CTATCTATGACCAGTT	SNG	sampleB	10xv2	CD16+ monocyte
CNA_10xv2_2	TACAACGTGGAAATCA	SNG	sampleB	10xv2	B cell
CNA_10xv2_2	TTTAAGCCTCCAGAGA	SNG	sampleB	10xv2	CD4+ T cell
CNA_10xv2_2	CTCGAACCTCGATGGA	SNG	sampleA	10xv2	CD4+ T cell
CNA_10xv2_2	TTCACGAGAAAATCGA	SNG	sampleA	10xv2	CD4+ T cell
CNA_10xv2_2	TAGTGCATGGGAATTA	SNG	sampleA	10xv2	CD14+ monocyte
CNA_10xv2_2	AGGGAGTTGAAGCTAA	SNG	sampleA	10xv2	CD4+ T cell
CNA_10xv2_2	CTTCCTTTGCGCAAAG	SNG	sampleA	10xv2	CD4+ T cell
CNA_10xv2_2	CGTGCAGACATCACAC	SNG	sampleB	10xv2	B cell
CNA_10xv2_2	AGGGACATGCGATTCA	SNG	sampleB	10xv2	CD14+ monocyte
CNA_10xv2_2	CCTGTTGACTGCTCAA	SNG	sampleA	10xv2	B cell
CNA_10xv2_2	GCTAAGACTTACACTG	SNG	sampleB	10xv2	Natural killer cell
CNA_10xv2_2	TGAGACTTGGGACCTC	SNG	sampleB	10xv2	B cell
CNA_10xv2_2	AATTGCCGAAGTCTGT	SNG	sampleA	10xv2	CD4+ T cell
CNA_10xv2_2	AACTACGACCTTGAAC	SNG	sampleA	10xv2	CD4+ T cell
CNA_10xv2_2	TGGACCTCTCGTAGAG	SNG	sampleB	10xv2	CD14+ monocyte
CNA_10xv2_2	TCCATTCCTCGCCACA	SNG	sampleB	10xv2	Natural killer cell
CNA_10xv2_2	GAAAGTAACAGGCGTA	SNG	sampleB	10xv2	Natural killer cell
CNA_10xv2_2	TCCGGGTGACCTAGGC	SNG	sampleB	10xv2	Cytotoxic T cell
CNA_10xv2_2	TGGGCGTACGAAGGCT	SNG	sampleB	10xv2	Cytotoxic T cell
CNA_10xv2_2	TTTCTGATGCTTTAGG	SNG	sampleA	10xv2	Natural killer cell
CNA_10xv2_2	GTCGTGGTGCCTATCC	SNG	sampleB	10xv2	Natural killer cell
CNA_10xv2_2	TACGTGTGATCAATGC	SNG	sampleB	10xv2	CD14+ monocyte
CNA_10xv2_2	AAAGCCTTGAACGTTC	SNG	sampleA	10xv2	Natural killer cell
CNA_10xv2_2	TACCACCACACACCTA	SNG	sampleB	10xv2	Cytotoxic T cell
CNA_10xv2_2	CTCGGATCTCAGTCTA	SNG	sampleB	10xv2	CD4+ T cell
CNA_10xv2_2	AAACTCCGACGAGTGA	SNG	sampleB	10xv2	Cytotoxic T cell
CNA_10xv2_2	TCCGTTGTGCGTTAGT	SNG	sampleA	10xv2	CD4+ T cell
CNA_10xv2_2	TGCGAGGCTCAGGCCT	SNG	sampleA	10xv2	CD16+ monocyte
CNA_10xv2_2	AAATGCGCTTACCAAC	SNG	sampleA	10xv2	CD4+ T cell
CNA_10xv2_2	TCGCCGAGAGGTTTGT	SNG	sampleA	10xv2	Natural killer cell
CNA_10xv2_2	ACGCCACGACCTGCGA	SNG	sampleA	10xv2	CD4+ T cell
CNA_10xv2_2	AAACTCCGAGAACCTT	SNG	sampleB	10xv2	CD4+ T cell
CNA_10xv2_2	ACAAGACCTCTACTCC	SNG	sampleA	10xv2	Cytotoxic T cell
CNA_10xv2_2	ACGTAGGGATTTCCGC	SNG	sampleA	10xv2	Natural killer cell
CNA_10xv2_2	CATTAGTCTGCGCTGT	SNG	sampleA	10xv2	Natural killer cell
CNA_10xv2_2	GATAAGAACGGATGGT	SNG	sampleA	10xv2	Natural killer cell
CNA_10xv2_2	GGACCACTGTGCAAGG	SNG	sampleB	10xv2	Cytotoxic T cell
CNA_10xv2_2	TCTGGCTTGGTACACT	SNG	sampleB	10xv2	Dendritic cell
CNA_10xv2_2	AAACAACGAAGACAAT	SNG	sampleB	10xv2	CD4+ T cell
CNA_10xv2_2	ACTTCATACTTTCCGC	SNG	sampleA	10xv2	CD4+ T cell
CNA_10xv2_2	TCGGACTCTGCCGTTG	SNG	sampleA	10xv2	Natural killer cell
CNA_10xv2_2	TCGTCTGACTTGACCA	SNG	sampleA	10xv2	CD4+ T cell
CNA_10xv2_2	TTGTTAGCTGGAATAT	SNG	sampleB	10xv2	Natural killer cell
CNA_10xv2_2	TGGATAGCTACAGGCA	SNG	sampleA	10xv2	CD4+ T cell
CNA_10xv2_2	GGACACCTGACAACAA	SNG	sampleA	10xv2	CD4+ T cell
CNA_10xv2_2	TCTAGACGAATTAAGG	SNG	sampleA	10xv2	CD14+ monocyte
CNA_10xv2_2	CAGATTTCTATCGGTT	SNG	sampleA	10xv2	CD4+ T cell
CNA_10xv2_2	TGCAGATACGACTCGC	SNG	sampleA	10xv2	Natural killer cell
CNA_10xv2_2	TTCGAGAACCCGGACT	SNG	sampleB	10xv2	Cytotoxic T cell
CNA_10xv2_2	GATAAGAACAAAGCTA	SNG	sampleB	10xv2	Natural killer cell
CNA_10xv2_2	CGGGACACTGGGATTG	SNG	sampleB	10xv2	Cytotoxic T cell
CNA_10xv2_2	GGACACCTGTCCCAGG	SNG	sampleA	10xv2	Cytotoxic T cell
CNA_10xv2_2	ACGAGGATGCTACTCC	SNG	sampleA	10xv2	B cell
CNA_10xv2_2	ACTTGAGTGACACCGC	SNG	sampleA	10xv2	CD4+ T cell
CNA_10xv2_2	AACTCCCTGGTTTACG	SNG	sampleA	10xv2	CD4+ T cell
CNA_10xv2_2	GTGATAAGAGTTGTCA	SNG	sampleB	10xv2	Dendritic cell
CNA_10xv2_2	ATCTGTACTCTGATCA	SNG	sampleB	10xv2	Cytotoxic T cell
CNA_10xv2_2	CTTACATTGCCTGCGA	SNG	sampleA	10xv2	CD4+ T cell
CNA_10xv2_2	GAGAGAAGAGGTATGG_TTACCATTGGAGTAAT	SNG	sampleA	10xv2	CD4+ T cell
CNA_10xv2_2	TTGTATCTGGCACTTA	SNG	sampleB	10xv2	Natural killer cell
CNA_10xv2_2	TTTAGTCTGAACGCAG	SNG	sampleB	10xv2	CD4+ T cell
CNA_10xv2_2	GTAGGTTTGTTCCATT	SNG	sampleA	10xv2	B cell
CNA_10xv2_2	AGGAGTTCTACCTTGA	SNG	sampleB	10xv2	Cytotoxic T cell
CNA_10xv2_2	TCCTGTGACGCACCCA	SNG	sampleB	10xv2	Cytotoxic T cell
CNA_10xv2_2	TTGGAGACTTAGGAGC	SNG	sampleA	10xv2	CD14+ monocyte
CNA_10xv2_2	AGAGTACCTCTACTCC	SNG	sampleA	10xv2	B cell
CNA_10xv2_2	CAAGCAACTGTTGGTT	SNG	sampleB	10xv2	Cytotoxic T cell
CNA_10xv2_2	GTGGCAGCTGCTAGAG	SNG	sampleB	10xv2	CD14+ monocyte
CNA_10xv2_2	GTTGTTGGAGACATAA	SNG	sampleA	10xv2	Cytotoxic T cell
CNA_10xv2_2	TCCGGGTGAGCGCACT	SNG	sampleB	10xv2	B cell
CNA_10xv2_2	GATCCAAACGCGCACT	SNG	sampleB	10xv2	Natural killer cell
CNA_10xv2_2	ACGAACTTGAACGAAT	SNG	sampleB	10xv2	Cytotoxic T cell
CNA_10xv2_2	CCATGCTACAACGAAT_CCTGCTATGGAGTGAC	SNG	sampleB	10xv2	Cytotoxic T cell
CNA_10xv2_2	ATGCATCGATACCTGA	SNG	sampleA	10xv2	CD14+ monocyte
CNA_10xv2_2	ACTGTGATGCCATGTA	SNG	sampleA	10xv2	CD4+ T cell
CNA_10xv2_2	CGATACATGCCTTCCA	SNG	sampleB	10xv2	B cell
CNA_10xv2_2	AATCGGACTCTTGAAC	SNG	sampleB	10xv2	B cell
CNA_10xv2_2	TGCCATCTGAGTCTGT	SNG	sampleA	10xv2	CD4+ T cell
CNA_10xv2_2	CCCAATGCTTCGTAAC	SNG	sampleA	10xv2	CD4+ T cell
CNA_10xv2_2	GGTGAGATGTACGTTG	SNG	sampleB	10xv2	Dendritic cell
CNA_10xv2_2	CAGAGTACTCCTGTGG	SNG	sampleA	10xv2	CD4+ T cell
CNA_10xv2_2	ACGTGTTGATAAGCAA	SNG	sampleA	10xv2	CD14+ monocyte
CNA_10xv2_2	ATGCGCGTGGATGGAC	SNG	sampleB	10xv2	CD14+ monocyte
CNA_10xv2_2	AGCAACTTGGGCAGTA	SNG	sampleA	10xv2	Cytotoxic T cell
CNA_10xv2_2	TGGAAGTCTAGTCTGT	SNG	sampleB	10xv2	CD14+ monocyte
CNA_10xv2_2	TGGACAACTACAGGCA	SNG	sampleA	10xv2	Natural killer cell
CNA_10xv2_2	AAGGATCCTCATGCAT	SNG	sampleB	10xv2	CD14+ monocyte
CNA_10xv2_2	ATCTGCCTGCCAGAGA	SNG	sampleA	10xv2	Cytotoxic T cell
CNA_10xv2_2	GTATAGCTGTGGGCAA	SNG	sampleA	10xv2	CD4+ T cell
CNA_10xv2_2	GCGTAAGGACGGGTAA	SNG	sampleB	10xv2	Cytotoxic T cell
CNA_10xv2_2	TTCTAGTACTTGTGAC	SNG	sampleA	10xv2	B cell
CNA_10xv2_2	TAATAGGGATACCAAC	SNG	sampleB	10xv2	CD4+ T cell
CNA_10xv2_2	TTGATTCACCAGCACC	SNG	sampleB	10xv2	CD16+ monocyte
CNA_10xv2_2	ATACATCCTGGACTGA	SNG	sampleA	10xv2	CD4+ T cell
CNA_10xv2_2	CGTTGCTTGGCGCAAA	SNG	sampleA	10xv2	CD4+ T cell
CNA_10xv2_2	TTGCGGTCTAAGGCCA	SNG	sampleA	10xv2	Cytotoxic T cell
CNA_10xv2_2	GCATCGCGACCTAGGC	SNG	sampleA	10xv2	Natural killer cell
CNA_10xv2_2	GTATGAAGAGGACCAA	SNG	sampleB	10xv2	B cell
CNA_10xv2_2	TTTCTGATGTGCTTGA	SNG	sampleA	10xv2	Natural killer cell
CNA_10xv2_2	TACCGCTACCGACTAT	SNG	sampleA	10xv2	Cytotoxic T cell
CNA_10xv2_2	ATAAGACGATGGGCAA	SNG	sampleA	10xv2	Natural killer cell
CNA_10xv2_2	ATCGGTCCTTGTCACA	SNG	sampleB	10xv2	CD16+ monocyte
CNA_10xv2_2	GCCAATTGAGGGTTCC	SNG	sampleA	10xv2	CD14+ monocyte
CNA_10xv2_2	TCGTAGAACGGATGGT	SNG	sampleB	10xv2	Cytotoxic T cell
CNA_10xv2_2	ACCTATGGACTGTGCG	SNG	sampleA	10xv2	CD4+ T cell
CNA_10xv2_2	ACGGCCATGGCTGAGA	SNG	sampleB	10xv2	Natural killer cell
CNA_10xv2_2	TAATGAGGAATCCTTT	SNG	sampleB	10xv2	CD14+ monocyte
CNA_10xv2_2	TACCGCTTGAATCCAC	SNG	sampleA	10xv2	B cell
CNA_10xv2_2	ACTGTCCACCGATCGC	SNG	sampleB	10xv2	CD4+ T cell
CNA_10xv2_2	CTTCCACGATGAGCAG	SNG	sampleA	10xv2	CD4+ T cell
CNA_10xv2_2	AGGCCAAGAAAACTGA	SNG	sampleA	10xv2	Natural killer cell
CNA_10xv2_2	CCCAGAGACATGGCCC	SNG	sampleA	10xv2	CD4+ T cell
CNA_10xv2_2	TCGCCTATGCTCCTAC	SNG	sampleA	10xv2	CD14+ monocyte
CNA_10xv2_2	AGATCCTGAGAACATA	SNG	sampleB	10xv2	Natural killer cell
CNA_10xv2_2	TTGGCGTCTTGACCTA	SNG	sampleB	10xv2	Cytotoxic T cell
CNA_10xv2_2	TCAGTCCTGGACTGTT	SNG	sampleB	10xv2	CD4+ T cell
CNA_10xv2_2	AACCTATCTAATCTGC	SNG	sampleA	10xv2	Cytotoxic T cell
CNA_10xv2_2	CTCTCTTTGCGAAAGC	SNG	sampleA	10xv2	CD4+ T cell
CNA_10xv2_2	ATTGCTACTGGACACA	SNG	sampleB	10xv2	Cytotoxic T cell
CNA_10xv2_2	TCTGAACGACGATTAC	SNG	sampleB	10xv2	B cell
CNA_10xv2_2	CCCTGAACTAAGGCTG	SNG	sampleB	10xv2	CD14+ monocyte
CNA_10xv2_2	TCAGCGCGATCAGGTT	SNG	sampleA	10xv2	CD14+ monocyte
CNA_10xv2_2	AGGACAGACTTTGGGT	SNG	sampleB	10xv2	Cytotoxic T cell
CNA_10xv2_2	TCGGACTCTGCTACGC	SNG	sampleB	10xv2	CD4+ T cell
CNA_10xv2_2	GTTATCACTTCGTCCT	SNG	sampleA	10xv2	CD4+ T cell
CNA_10xv2_2	AACGCGCTGCTCCTAC	SNG	sampleA	10xv2	Natural killer cell
CNA_10xv2_2	AGCCAGCACAAGTAAC	SNG	sampleA	10xv2	CD4+ T cell
CNA_10xv2_2	ATCTCTAACTGGCTGC	SNG	sampleA	10xv2	CD16+ monocyte
CNA_10xv2_2	CTGCGACGAAAGGCTG	SNG	sampleA	10xv2	B cell
CNA_10xv2_2	ATTTAGCCTTAGCTTG	SNG	sampleA	10xv2	CD4+ T cell
CNA_10xv2_2	CTCGGTTACCCAAACT	SNG	sampleB	10xv2	CD4+ T cell
CNA_10xv2_2	CATCAGAACGATCCAT	SNG	sampleA	10xv2	Cytotoxic T cell
CNA_10xv2_2	ACAGTCATGGGAATTA	SNG	sampleA	10xv2	Cytotoxic T cell
CNA_10xv2_2	CCGCTATTGCCACAAT	SNG	sampleA	10xv2	Cytotoxic T cell
CNA_10xv2_2	AATGATGGACAGCACC	SNG	sampleB	10xv2	Cytotoxic T cell
CNA_10xv2_2	ACCTCCATGTCCTACC	SNG	sampleA	10xv2	Cytotoxic T cell
CNA_10xv2_2	AGCTTCCACAAGTAAC	SNG	sampleA	10xv2	CD14+ monocyte
CNA_10xv2_2	CGGAATTTGCAGATTC	SNG	sampleB	10xv2	Cytotoxic T cell
CNA_10xv2_2	GCAATCATGGATGGAC	SNG	sampleB	10xv2	Cytotoxic T cell
CNA_10xv2_2	GGTTCCTTGTTTGGGT	SNG	sampleB	10xv2	CD16+ monocyte
CNA_10xv2_2	AGTAAGTGAGTACGTT	SNG	sampleB	10xv2	Dendritic cell
CNA_10xv2_2	CAAACCATGTCTGTGA	SNG	sampleB	10xv2	B cell
CNA_10xv2_2	TTACCATTGGTTAGGG	SNG	sampleB	10xv2	B cell
CNA_10xv2_2	ACAGCCGACTACCAAC	SNG	sampleA	10xv2	CD4+ T cell
CNA_10xv2_2	CCTACGGGATGGCAAG	SNG	sampleA	10xv2	Natural killer cell
CNA_10xv2_2	TCAAGCAACGCTAATC	SNG	sampleB	10xv2	B cell
CNA_10xv2_2	GATCGCGTGCACAGTT	SNG	sampleB	10xv2	CD14+ monocyte
CNA_10xv2_2	CGAGTTAACCAGCACC	SNG	sampleA	10xv2	Cytotoxic T cell
CNA_10xv2_2	TCTAACGGAAACGAAT	SNG	sampleB	10xv2	B cell
CNA_10xv2_2	ACCTACCTGTCAGGTT	SNG	sampleA	10xv2	CD14+ monocyte
CNA_10xv2_2	ATCGAAAGACGTTCTC	SNG	sampleA	10xv2	B cell
CNA_10xv2_2	GGACACCTGCGCACTG	SNG	sampleB	10xv2	Cytotoxic T cell
CNA_10xv2_2	GCTTGTCACGTTCTCC	SNG	sampleA	10xv2	Cytotoxic T cell
CNA_10xv2_2	TCCTTAAACCATCTTT	SNG	sampleA	10xv2	CD4+ T cell
CNA_10xv2_2	GTGAAGGACTTTGGGT	SNG	sampleA	10xv2	Dendritic cell
CNA_10xv2_2	TAGGCCTCTAACCCGC	SNG	sampleB	10xv2	Natural killer cell
CNA_10xv2_2	CGGATAGGAAGGGCTA	SNG	sampleB	10xv2	B cell
CNA_10xv2_2	ATTTAGCCTGCTAATC	SNG	sampleA	10xv2	Natural killer cell
CNA_10xv2_2	TTCTCTCTGCTGGGTC	SNG	sampleB	10xv2	CD4+ T cell
CNA_10xv2_2	CGACCTGGATGATCAC	SNG	sampleA	10xv2	Cytotoxic T cell
CNA_10xv2_2	GCGTTGTCTAGCCCTG	SNG	sampleB	10xv2	CD4+ T cell
CNA_10xv2_2	GTGAAGCGACCACTTC	SNG	sampleA	10xv2	Natural killer cell
CNA_10xv2_2	TACATTGCTGACAAAT	SNG	sampleA	10xv2	CD4+ T cell
CNA_10xv2_2	ACCTCCATGGCGGTAA	SNG	sampleB	10xv2	CD14+ monocyte
CNA_10xv2_2	GGTAAGCGATTCTGAG	SNG	sampleA	10xv2	CD4+ T cell
CNA_10xv2_2	TTAAGGAGAGAACATA	SNG	sampleB	10xv2	CD14+ monocyte
CNA_10xv2_2	AGTTCACGACTTCAAG	SNG	sampleA	10xv2	CD4+ T cell
CNA_10xv2_2	AACCGGCACGGTATGG	SNG	sampleA	10xv2	B cell
CNA_10xv2_2	CGTTGCTTGGCGAGTA	SNG	sampleA	10xv2	CD4+ T cell
CNA_10xv2_2	AGTTCACGAGTCCCAG	SNG	sampleA	10xv2	Natural killer cell
CNA_10xv2_2	TATAGCCGATTGTTTC	SNG	sampleA	10xv2	CD16+ monocyte
CNA_10xv2_2	TAGCGCGACAGGGAGG	SNG	sampleA	10xv2	CD4+ T cell
CNA_10xv2_2	CATTCCTCTTCCTACC	SNG	sampleA	10xv2	CD14+ monocyte
CNA_10xv2_2	GAGCATTTGCGGTACC	SNG	sampleB	10xv2	Cytotoxic T cell
CNA_10xv2_2	TACCCGTTGCTGATCA	SNG	sampleB	10xv2	Cytotoxic T cell
CNA_10xv2_2	GGTTCAATGCTCATCC	SNG	sampleA	10xv2	CD4+ T cell
CNA_10xv2_2	ACTCGCTACATGTCCA	SNG	sampleA	10xv2	CD4+ T cell
CNA_10xv2_2	TGAGATAGAATTGCCA	SNG	sampleB	10xv2	CD4+ T cell
CNA_10xv2_2	CGGAATTTGTGCGGCT	SNG	sampleB	10xv2	CD4+ T cell
CNA_10xv2_2	TATGGGTACTTCAGTG	SNG	sampleB	10xv2	CD4+ T cell
CNA_10xv2_2	AGGGTTTACCCTCGTT	SNG	sampleA	10xv2	CD4+ T cell
CNA_10xv2_2	CTGTGCACTACCTTGA	SNG	sampleA	10xv2	CD4+ T cell
CNA_10xv2_2	TTTGGGATGCCGTTAA	SNG	sampleA	10xv2	Natural killer cell
CNA_10xv2_2	CACGATTGAGCACTTA	SNG	sampleA	10xv2	B cell
CNA_10xv2_2	GTCACAATGGATGGAC	SNG	sampleA	10xv2	Natural killer cell
CNA_10xv2_2	TAAACGCACTACCAAC	SNG	sampleA	10xv2	CD4+ T cell
CNA_10xv2_2	ACTCGGGACTCATGCA	SNG	sampleB	10xv2	CD4+ T cell
CNA_10xv2_2	ATGCTCCTGTTGGGAG	SNG	sampleB	10xv2	Natural killer cell
CNA_10xv2_2	TTCTAACACCGAGTTT	SNG	sampleB	10xv2	CD4+ T cell
CNA_10xv2_2	CCGAACTCTGGAATTA	SNG	sampleA	10xv2	Natural killer cell
CNA_10xv2_2	TCCGGGATGAGTGAGC	SNG	sampleA	10xv2	Natural killer cell
CNA_10xv2_2	AGCTCGGACCGCCACA	SNG	sampleB	10xv2	Cytotoxic T cell
CNA_10xv2_2	TCGATGATGGCCACGT	SNG	sampleA	10xv2	CD4+ T cell
CNA_10xv2_2	GTTCTGGCTCTTCAAG	SNG	sampleB	10xv2	Cytotoxic T cell
CNA_10xv2_2	GCATGGGCTAGCAAGC	SNG	sampleB	10xv2	B cell
CNA_10xv2_2	CAAGAGTCTGCTAATC	SNG	sampleA	10xv2	CD4+ T cell
CNA_10xv2_2	GGGCTGACTTGCACCG	SNG	sampleA	10xv2	CD4+ T cell
CNA_10xv2_2	ATCTGCCTGTACGTTG	SNG	sampleA	10xv2	CD4+ T cell
CNA_10xv2_2	GAGTTGACTGAACAGC	SNG	sampleA	10xv2	CD4+ T cell
CNA_10xv2_2	TCAAACTCTTGCTACA	SNG	sampleB	10xv2	Natural killer cell
CNA_10xv2_2	ACTCAGAACCTTCACC	SNG	sampleB	10xv2	B cell
CNA_10xv2_2	TGGTCCTTGATTCTGG	SNG	sampleA	10xv2	CD4+ T cell
CNA_10xv2_2	TACACTACTAACGTTC	SNG	sampleA	10xv2	Natural killer cell
CNA_10xv2_2	AGAACATGATACGATC	SNG	sampleB	10xv2	Cytotoxic T cell
CNA_10xv2_2	CTGCCATTGAATCCAC	SNG	sampleB	10xv2	CD14+ monocyte
CNA_10xv2_2	CCTGAGGACTGACCTA	SNG	sampleA	10xv2	B cell
CNA_10xv2_2	CAAAGAATGCTTTAGG	SNG	sampleA	10xv2	CD4+ T cell
CNA_10xv2_2	CGGTTCACTTCAGGTT	SNG	sampleA	10xv2	Natural killer cell
CNA_10xv2_2	TTGTTTGACAGGACAC	SNG	sampleA	10xv2	CD4+ T cell
CNA_10xv2_2	TACGATGACATCCTCC	SNG	sampleB	10xv2	CD4+ T cell
CNA_10xv2_2	GAAGGCATGCGGCTCA	SNG	sampleA	10xv2	CD4+ T cell
CNA_10xv2_2	AACTCCCTGTTGGTTG	SNG	sampleB	10xv2	Cytotoxic T cell
CNA_10xv2_2	TTTACCAACACACCGC	SNG	sampleB	10xv2	CD16+ monocyte
CNA_10xv2_2	AGTCCCACTACACCGC	SNG	sampleA	10xv2	CD4+ T cell
CNA_10xv2_2	GCGTTGTCTCTCGATA	SNG	sampleB	10xv2	CD4+ T cell
CNA_10xv2_2	GCGATCCGACAACGCC	SNG	sampleB	10xv2	Cytotoxic T cell
CNA_10xv2_2	GCACAGCACGAAGGCT	SNG	sampleB	10xv2	CD4+ T cell
CNA_10xv2_2	GTACATCGAGGTGTCC	SNG	sampleB	10xv2	CD4+ T cell
CNA_10xv2_2	GTCTCGTACTGGTCCG	SNG	sampleA	10xv2	B cell
CNA_10xv2_2	ATCGGCGTGCATAGCT	SNG	sampleB	10xv2	CD16+ monocyte
CNA_10xv2_2	TTCCACTCTCCAACGC	SNG	sampleB	10xv2	CD16+ monocyte
CNA_10xv2_2	TTGACAGTGTTCTGGA	SNG	sampleB	10xv2	CD4+ T cell
CNA_10xv2_2	CAGACTCCTGACCGAA	SNG	sampleB	10xv2	Cytotoxic T cell
CNA_10xv2_2	CTCGAACCTGCTGTTA	SNG	sampleA	10xv2	Cytotoxic T cell
CNA_10xv2_2	GGGCCTTGACAGGTGA	SNG	sampleB	10xv2	CD4+ T cell
CNA_10xv2_2	CGGATAGGATGATCAC	SNG	sampleA	10xv2	CD4+ T cell
CNA_10xv2_2	CGACCTTACGTACTAC	SNG	sampleA	10xv2	CD4+ T cell
CNA_10xv2_2	GCATCACCTAGTAGGC	SNG	sampleA	10xv2	Cytotoxic T cell
CNA_10xv2_2	GTCGGCTGAAAGTCTC	SNG	sampleA	10xv2	B cell
CNA_10xv2_2	CTGTCGTTGGGGACTA	SNG	sampleA	10xv2	Cytotoxic T cell
CNA_10xv2_2	CGGTCTACTCGCAACC	SNG	sampleA	10xv2	Natural killer cell
CNA_10xv2_2	AGGACGCCTAGCAATA	SNG	sampleB	10xv2	CD4+ T cell
CNA_10xv2_2	CATTAGTCTGTCAATC	SNG	sampleA	10xv2	B cell
CNA_10xv2_2	TGGAAGTCTCTCGATA	SNG	sampleA	10xv2	Natural killer cell
CNA_10xv2_2	CGTCGTACTGCCACGT	SNG	sampleA	10xv2	CD4+ T cell
CNA_10xv2_2	GATATCGTGGGCCTTG	SNG	sampleB	10xv2	CD4+ T cell
CNA_10xv2_2	TTCTATGACCGATTAC	SNG	sampleB	10xv2	CD4+ T cell
CNA_10xv2_2	CGTCAACCTAATGCTC	SNG	sampleB	10xv2	CD4+ T cell
CNA_10xv2_2	TGTCATGGATAACCCA	SNG	sampleB	10xv2	CD4+ T cell
CNA_10xv2_2	CTACCTGTGTGCTCAA	SNG	sampleA	10xv2	CD14+ monocyte
CNA_10xv2_2	AACACTCGACTGCCAG	SNG	sampleB	10xv2	CD4+ T cell
CNA_10xv2_2	TGTGACTGAATCCGTA	SNG	sampleB	10xv2	CD16+ monocyte
CNA_10xv2_2	ATGACAAGACTTGAAC	SNG	sampleA	10xv2	CD4+ T cell
CNA_10xv2_2	TTCGACCACTGCTGGC	SNG	sampleA	10xv2	CD14+ monocyte
CNA_10xv2_2	GCTTCTCGAGTTGTCA	SNG	sampleB	10xv2	Cytotoxic T cell
CNA_10xv2_2	TGTGGCTCTTTGCAGT	SNG	sampleB	10xv2	CD4+ T cell
CNA_10xv2_2	CGAGAGATGGAACAGC	SNG	sampleA	10xv2	CD4+ T cell
CNA_10xv2_2	GTGATAAGATCCCAGG	SNG	sampleB	10xv2	CD4+ T cell
CNA_10xv2_2	GGTGTAACTTGCCACG	SNG	sampleA	10xv2	CD14+ monocyte
CNA_10xv2_2	CATAGGTACTCTGCAA	SNG	sampleA	10xv2	CD4+ T cell
CNA_10xv2_2	GCTTACCACAAGTCTC	SNG	sampleB	10xv2	CD14+ monocyte
CNA_10xv2_2	CGCATTCTGCGATGGA	SNG	sampleB	10xv2	B cell
CNA_10xv2_2	CGTAGCGACTCTGTGA	SNG	sampleB	10xv2	CD4+ T cell
CNA_10xv2_2	CACGAATTGAGCTTTG	SNG	sampleB	10xv2	CD4+ T cell
CNA_10xv2_2	TAACCAGACCCAAACT	SNG	sampleB	10xv2	B cell
CNA_10xv2_2	TGTTAACCTGTGGTGA	SNG	sampleA	10xv2	CD4+ T cell
CNA_10xv2_2	GTAACTGTGCCAGCTG	SNG	sampleA	10xv2	CD4+ T cell
CNA_10xv2_2	AGGTAGGTGGGTTGAG_TAACAGAGAATAGCAA	SNG	sampleB	10xv2	Cytotoxic T cell
CNA_10xv2_2	TAGAACCACGTTCTCC	SNG	sampleB	10xv2	Cytotoxic T cell
CNA_10xv2_2	AAACGACCTCTTTGTT	SNG	sampleA	10xv2	CD14+ monocyte
CNA_10xv2_2	CATCAGAACTTGTACG	SNG	sampleA	10xv2	CD4+ T cell
CNA_10xv2_2	CACTCTGACTTGCGTA_CCGTACGGACATCCTC	SNG	sampleB	10xv2	Cytotoxic T cell
CNA_10xv2_2	AGGTATAGATGTGCTA	SNG	sampleB	10xv2	B cell
CNA_10xv2_2	TCAAATCCTAATCCTG	SNG	sampleB	10xv2	CD4+ T cell
CNA_10xv2_2	ATCGCAATGCCTAGGC	SNG	sampleB	10xv2	CD4+ T cell
CNA_10xv2_2	GTTGATTCTGCGAGTA	SNG	sampleB	10xv2	CD16+ monocyte
CNA_10xv2_2	CCTCCTGCTCCACATA	SNG	sampleB	10xv2	B cell
CNA_10xv2_2	GATAACCTGTTCTGGA	SNG	sampleA	10xv2	B cell
CNA_10xv2_2	GTAGTGGGAGAATAAC	SNG	sampleB	10xv2	Dendritic cell
CNA_10xv2_2	CTCAAACGACCTGAGC	SNG	sampleA	10xv2	CD4+ T cell
CNA_10xv2_2	TCCATATACCCACAAT	SNG	sampleB	10xv2	Cytotoxic T cell
CNA_10xv2_2	GCTACAAACGAATTGA	SNG	sampleB	10xv2	CD4+ T cell
CNA_10xv2_2	TTCGATGGATCGTCAA	SNG	sampleB	10xv2	CD14+ monocyte
CNA_10xv2_2	AGGTCGCACAAGCTAA	SNG	sampleA	10xv2	B cell
CNA_10xv2_2	CCTTCAGTGATCCTAG	SNG	sampleB	10xv2	CD4+ T cell
CNA_10xv2_2	GCGACGTTGATAGCAA	SNG	sampleB	10xv2	Cytotoxic T cell
CNA_10xv2_2	AACTCACGAGCTGTTA	SNG	sampleA	10xv2	B cell
CNA_10xv2_2	CACTTTATGCTGTACA	SNG	sampleA	10xv2	B cell
CNA_10xv2_2	GATCATGTGATGAATG	SNG	sampleB	10xv2	CD4+ T cell
CNA_10xv2_2	GAAAGTAACCTGATCA	SNG	sampleB	10xv2	CD16+ monocyte
CNA_10xv2_2	AAACAACGAGAACATA	SNG	sampleA	10xv2	CD4+ T cell
CNA_10xv2_2	GCCGTTTACGCGGTTC	SNG	sampleA	10xv2	CD4+ T cell
CNA_10xv2_2	CACGATTGAGCTGAGA	SNG	sampleA	10xv2	CD4+ T cell
CNA_10xv2_2	TGCTTGCACTAGCAGG	SNG	sampleA	10xv2	CD4+ T cell
CNA_10xv2_2	ATATGCCGAGCTAGAG	SNG	sampleA	10xv2	CD4+ T cell
CNA_10xv2_2	AACAATGGACGTTAGT	SNG	sampleA	10xv2	CD4+ T cell
CNA_10xv2_2	GCGTTTAGAGGACCTC	SNG	sampleB	10xv2	B cell
CNA_10xv2_2	CCAACTCACAACGCAG	SNG	sampleB	10xv2	Natural killer cell
CNA_10xv2_2	GTCCTACACTGCTTGA	SNG	sampleB	10xv2	CD4+ T cell
CNA_10xv2_2	GGAAGAAGAAGGTCCC	SNG	sampleB	10xv2	CD4+ T cell
CNA_10xv2_2	GAGAAGAGAGCTCTTC	SNG	sampleA	10xv2	CD16+ monocyte
CNA_10xv2_2	ATAAGACGAGAATAAC	SNG	sampleA	10xv2	CD4+ T cell
CNA_10xv2_2	GGTAGCCTGTAGGCGA	SNG	sampleB	10xv2	Cytotoxic T cell
CNA_10xv2_2	CCACATCACGGACTGA	SNG	sampleA	10xv2	Cytotoxic T cell
CNA_10xv2_2	CGTGAATACCGCAAAG	SNG	sampleB	10xv2	Cytotoxic T cell
CNA_10xv2_2	CCTACGTACGACAAAT	SNG	sampleB	10xv2	B cell
CNA_10xv2_2	CTGGGACACATAACCC	SNG	sampleB	10xv2	CD4+ T cell
CNA_10xv2_2	ACGATAGCTTAGCGAG	SNG	sampleB	10xv2	CD4+ T cell
CNA_10xv2_2	AGGGTTTACTCAATGC	SNG	sampleA	10xv2	Natural killer cell
CNA_10xv2_2	AATTCGGTGGACTGTT	SNG	sampleB	10xv2	Natural killer cell
CNA_10xv2_2	CTTATGTTGCAATGAA	SNG	sampleB	10xv2	CD4+ T cell
CNA_10xv2_2	GCCCTTAACGAAGGTC	SNG	sampleA	10xv2	Cytotoxic T cell
CNA_10xv2_2	GGGAACCCTCGACACC	SNG	sampleA	10xv2	CD4+ T cell
CNA_10xv2_2	TCTTCAAACTCTGTAG	SNG	sampleA	10xv2	B cell
CNA_10xv2_2	CGTAGCTCTTAACCCA	SNG	sampleA	10xv2	Natural killer cell
CNA_10xv2_2	GCTAGATACCCGTGAC	SNG	sampleB	10xv2	CD4+ T cell
CNA_10xv2_2	ACTGGAGGACGATTCA	SNG	sampleB	10xv2	B cell
CNA_10xv2_2	TCGTCTGACAGCAGGT	SNG	sampleA	10xv2	CD4+ T cell
CNA_10xv2_2	AGTACGACTTCAGGTT	SNG	sampleA	10xv2	Natural killer cell
CNA_10xv2_2	CGCACACGATGGGCCT	SNG	sampleB	10xv2	CD4+ T cell
CNA_10xv2_2	AGCCGAGCTTACGTTG	SNG	sampleB	10xv2	CD4+ T cell
CNA_10xv2_2	TCGTAGAACTCCCAGG	SNG	sampleA	10xv2	B cell
CNA_10xv2_2	AACACACACTAGGAGC	SNG	sampleA	10xv2	CD4+ T cell
CNA_10xv2_2	AAGAATGTGACTAGTC	SNG	sampleA	10xv2	CD4+ T cell
CNA_10xv2_2	CTGCTTTCTTGATCAC	SNG	sampleA	10xv2	Natural killer cell
CNA_10xv2_2	GCGCGAACTCCGTTAA	SNG	sampleB	10xv2	Cytotoxic T cell
CNA_10xv2_2	TCAGGCTCTCTGATCA	SNG	sampleA	10xv2	Cytotoxic T cell
CNA_10xv2_2	TTCTATGACAAGTAAC	SNG	sampleB	10xv2	Natural killer cell
CNA_10xv2_2	TGGAATCACGCACGCT	SNG	sampleB	10xv2	Cytotoxic T cell
CNA_10xv2_2	GCAGTCGACGAACAGC	SNG	sampleB	10xv2	Natural killer cell
CNA_10xv2_2	TCCTACCGACGACACC	SNG	sampleB	10xv2	Dendritic cell
CNA_10xv2_2	GGACGAATGCACCTAA	SNG	sampleA	10xv2	CD4+ T cell
CNA_10xv2_2	ACCGGAGCTATCCTCC	SNG	sampleA	10xv2	CD4+ T cell
CNA_10xv2_2	TTGGTCCACTTTGTCT	SNG	sampleB	10xv2	Cytotoxic T cell
CNA_10xv2_2	TCCTTAAACGACACCC	SNG	sampleA	10xv2	CD4+ T cell
CNA_10xv2_2	AGTGGAGTGTGGCATT	SNG	sampleB	10xv2	CD4+ T cell
CNA_10xv2_2	ATAGGCGGAGAACCTT	SNG	sampleB	10xv2	B cell
CNA_10xv2_2	CCCAGAGACGTTTGGT	SNG	sampleA	10xv2	CD14+ monocyte
CNA_10xv2_2	GGTATCTGAAGAGGCT	SNG	sampleA	10xv2	CD4+ T cell
CNA_10xv2_2	CAACGAACTCAGGGAT	SNG	sampleB	10xv2	Cytotoxic T cell
CNA_10xv2_2	GTTTCAGGAGTCAATC	SNG	sampleB	10xv2	Natural killer cell
CNA_10xv2_2	CACATTACTCAGGGTA	SNG	sampleA	10xv2	CD4+ T cell
CNA_10xv2_2	TTGGCGCGAGCGGTAA	SNG	sampleA	10xv2	CD4+ T cell
CNA_10xv2_2	AAGGCTTACGCCGTTG	SNG	sampleA	10xv2	CD14+ monocyte
CNA_10xv2_2	GCGAGCACTGAAACAT	SNG	sampleA	10xv2	B cell
CNA_10xv2_2	CTGAGATACATCCTTT	SNG	sampleB	10xv2	Dendritic cell
CNA_10xv2_2	CAAAGGGACTCGCTAA	SNG	sampleB	10xv2	CD16+ monocyte
CNA_10xv2_2	CGCAATCCTTGAACAA	SNG	sampleA	10xv2	CD4+ T cell
CNA_10xv2_2	TAGTGCATGCTTTAGG	SNG	sampleB	10xv2	Cytotoxic T cell
CNA_10xv2_2	TATCAGCGAGCTGTTA	SNG	sampleB	10xv2	CD14+ monocyte
CNA_10xv2_2	GGATATAGACAATAGA	SNG	sampleA	10xv2	CD4+ T cell
CNA_10xv2_2	ACGTGGCTGTTCTGAG	SNG	sampleB	10xv2	B cell
CNA_10xv2_2	TGTTACTACCGACAAG	SNG	sampleA	10xv2	CD4+ T cell
CNA_10xv2_2	TTCGATGGACTTAAGC	SNG	sampleB	10xv2	B cell
CNA_10xv2_2	CTCCTAGTGTGGTGAG	SNG	sampleB	10xv2	CD4+ T cell
CNA_10xv2_2	TACACAGACGATGGAC	SNG	sampleA	10xv2	CD4+ T cell
CNA_10xv2_2	TAACCAGACTGCAAGG	SNG	sampleB	10xv2	Cytotoxic T cell
CNA_10xv2_2	TGTAAGCTGATTGGTC	SNG	sampleB	10xv2	CD4+ T cell
CNA_10xv2_2	ATTAGCGTGGTGAGCA	SNG	sampleB	10xv2	CD4+ T cell
CNA_10xv2_2	CTTAGAGACGACCGAA	SNG	sampleB	10xv2	B cell
CNA_10xv2_2	CTCTGCAACCTGCCAG	SNG	sampleB	10xv2	CD4+ T cell
CNA_10xv2_2	AGGTCAGGAGCACCCA	SNG	sampleA	10xv2	B cell
CNA_10xv2_2	ATTGCTACTAAGTTCC	SNG	sampleB	10xv2	Cytotoxic T cell
CNA_10xv2_2	GCTGGACACTAACTCG	SNG	sampleA	10xv2	CD4+ T cell
CNA_10xv2_2	GTAATCGTGCGTTATG	SNG	sampleB	10xv2	Cytotoxic T cell
CNA_10xv2_2	AACATCCGATAACCCA	SNG	sampleA	10xv2	CD4+ T cell
CNA_10xv2_2	ATTGTGCGATGGTGAG	SNG	sampleB	10xv2	CD4+ T cell
CNA_10xv2_2	GGCTTAAACGCTTTGA	SNG	sampleB	10xv2	CD4+ T cell
CNA_10xv2_2	AGTTCACGAATAGGTA	SNG	sampleB	10xv2	Cytotoxic T cell
CNA_10xv2_2	CTATTGGGACTGTACA	SNG	sampleA	10xv2	CD4+ T cell
CNA_10xv2_2	GAACTCCCTGCTACGC	SNG	sampleA	10xv2	CD4+ T cell
CNA_10xv2_2	AAACCCTGATCGTAGT	SNG	sampleA	10xv2	CD4+ T cell
CNA_10xv2_2	ACTAACGTGTAGGCGA	SNG	sampleA	10xv2	CD4+ T cell
CNA_10xv2_2	AGGAATTGACGATCGC	SNG	sampleA	10xv2	CD4+ T cell
CNA_10xv2_2	AGTGGTACTCGTTCTC	SNG	sampleA	10xv2	Natural killer cell
CNA_10xv2_2	AACACACACTTAGAAG	SNG	sampleB	10xv2	CD4+ T cell
CNA_10xv2_2	TCTACGCACGAACCTT	SNG	sampleB	10xv2	Cytotoxic T cell
CNA_10xv2_2	ATGGGAGTGAGCTTGT	SNG	sampleA	10xv2	CD4+ T cell
CNA_10xv2_2	GGTATACTGAGCGCTC	SNG	sampleB	10xv2	CD14+ monocyte
CNA_10xv2_2	TTGGGTAACCAGCACC	SNG	sampleA	10xv2	CD4+ T cell
CNA_10xv2_2	GTAGATAGATGCACCG	SNG	sampleA	10xv2	CD4+ T cell
CNA_10xv2_2	TAATGAGGAGAGTAAT	SNG	sampleA	10xv2	B cell
CNA_10xv2_2	CTTTATGTGAGCTGAG	SNG	sampleA	10xv2	B cell
CNA_10xv2_2	TGGGCCATGTCGTACA	SNG	sampleA	10xv2	CD4+ T cell
CNA_10xv2_2	GGGATCAGATAAAGCA	SNG	sampleA	10xv2	CD4+ T cell
CNA_10xv2_2	AAACACGCTAAACATG	SNG	sampleA	10xv2	Cytotoxic T cell
CNA_10xv2_2	AATCTCTTGGGAATGC	SNG	sampleB	10xv2	CD14+ monocyte
CNA_10xv2_2	CACTCTTCTTGCGTGC	SNG	sampleB	10xv2	Cytotoxic T cell
CNA_10xv2_2	CACTTTATGTGCGTGC	SNG	sampleB	10xv2	B cell
CNA_10xv2_2	CTAGTGCCTACGTAAA	SNG	sampleB	10xv2	Cytotoxic T cell
CNA_10xv2_2	TGGAACACTTCTGTAG	SNG	sampleB	10xv2	CD14+ monocyte
CNA_10xv2_2	GGGTATGGAAGGTGAC	SNG	sampleA	10xv2	CD4+ T cell
CNA_10xv2_2	TAGAGCGGAGAACCTT	SNG	sampleB	10xv2	B cell
CNA_10xv2_2	TTCCAAACTAGTCTGT	SNG	sampleA	10xv2	Natural killer cell
CNA_10xv2_2	CCATGATGAGCACTTA	SNG	sampleB	10xv2	CD14+ monocyte
CNA_10xv2_2	GGATGCCTGCATGCTA	SNG	sampleB	10xv2	CD16+ monocyte
CNA_10xv2_2	GTACTGAACAGACTTC	SNG	sampleB	10xv2	CD4+ T cell
CNA_10xv2_2	AGCCGAGCTAGACAAT	SNG	sampleB	10xv2	CD4+ T cell
CNA_10xv2_2	CTGTTGCTGGGCAGTA	SNG	sampleB	10xv2	B cell
CNA_10xv2_2	CGACAATACAGCCATT	SNG	sampleA	10xv2	Natural killer cell
CNA_10xv2_2	ACGGGTAGAATAGCAA	SNG	sampleB	10xv2	Natural killer cell
CNA_10xv2_2	CGTCGTTTGAGGACCA	SNG	sampleA	10xv2	B cell
CNA_10xv2_2	CCGCAAGTGTGGAACG	SNG	sampleA	10xv2	CD4+ T cell
CNA_10xv2_2	AAGGCGATGTTGTGAC	SNG	sampleA	10xv2	Cytotoxic T cell
CNA_10xv2_2	GGATGCCTGGGCCTTG	SNG	sampleA	10xv2	Natural killer cell
CNA_10xv2_2	ACGGAATCTCAGGTGA	SNG	sampleB	10xv2	CD4+ T cell
CNA_10xv2_2	AGGCATTACTGGTCCG	SNG	sampleB	10xv2	CD14+ monocyte
CNA_10xv2_2	TACTGTACTGTTAGTC	SNG	sampleA	10xv2	Natural killer cell
CNA_10xv2_2	TAACCAGACGCGCTGT	SNG	sampleA	10xv2	CD4+ T cell
CNA_10xv2_2	CGTGCTGGATTGACAC	SNG	sampleB	10xv2	CD16+ monocyte
CNA_10xv2_2	ACTTGCCTGCGGCACT	SNG	sampleB	10xv2	CD14+ monocyte
CNA_10xv2_2	TACATTGCTATTCTGG	SNG	sampleA	10xv2	CD14+ monocyte
CNA_10xv2_2	ACGGTTAACCATGCGC	SNG	sampleA	10xv2	CD4+ T cell
CNA_10xv2_2	AGGGCGTCTGTCTGGC	SNG	sampleA	10xv2	CD4+ T cell
CNA_10xv2_2	CGACATCCTCAGGCCT	SNG	sampleB	10xv2	B cell
CNA_10xv2_2	CTGTGCACTCTCGAGC	SNG	sampleA	10xv2	Cytotoxic T cell
CNA_10xv2_2	AAACGACCTGGAGTCA	SNG	sampleB	10xv2	CD4+ T cell
CNA_10xv2_2	AGGGCGTCTTGGCTGC	SNG	sampleB	10xv2	CD14+ monocyte
CNA_10xv2_2	CATGCAAACAATGCTC	SNG	sampleB	10xv2	CD14+ monocyte
CNA_10xv2_2	ACTTCATACTCGTAAC	SNG	sampleA	10xv2	CD4+ T cell
CNA_10xv2_2	TTAAGGAGAGCTTTGA	SNG	sampleA	10xv2	Cytotoxic T cell
CNA_10xv2_2	CCTAAGAACCGATCGC	SNG	sampleB	10xv2	Cytotoxic T cell
CNA_10xv2_2	GATAGCGGACAGACCC	SNG	sampleA	10xv2	Cytotoxic T cell
CNA_10xv2_2	GTGAAGCGACCTCGTT	SNG	sampleB	10xv2	CD4+ T cell
CNA_10xv2_2	ACTCGCTACTCGTCCT	SNG	sampleA	10xv2	Cytotoxic T cell
CNA_10xv2_2	CCCAGGATGAAGGTGC_GCTCGATCTCACAGTT	SNG	sampleA	10xv2	CD4+ T cell
CNA_10xv2_2	ACCGTGTCTAGTGGTG	SNG	sampleB	10xv2	B cell
CNA_10xv2_2	CTTATTGTGTGACTCA	SNG	sampleB	10xv2	CD4+ T cell
CNA_10xv2_2	ACCTCCATGTGTGCTA	SNG	sampleA	10xv2	CD4+ T cell
CNA_10xv2_2	GAGAGCCCTTTGACCA	SNG	sampleA	10xv2	CD4+ T cell
CNA_10xv2_2	CATTCTATGACCTGCG	SNG	sampleB	10xv2	CD4+ T cell
CNA_10xv2_2	GGATTAAGAGTTAGGG	SNG	sampleB	10xv2	Cytotoxic T cell
CNA_10xv2_2	CCAGCTTTGATTGCCA	SNG	sampleB	10xv2	B cell
CNA_10xv2_2	GGAACTACTTCATTTC	SNG	sampleB	10xv2	Cytotoxic T cell
CNA_10xv2_2	TACGTTTACTCCGTAA	SNG	sampleB	10xv2	Natural killer cell
CNA_10xv2_2	AAATAGGACATAGCAA	SNG	sampleB	10xv2	Natural killer cell
CNA_10xv2_2	CGTTGCACTCTGGAAG	SNG	sampleB	10xv2	Cytotoxic T cell
CNA_10xv2_2	AAAGGGAGAAGGCATG	SNG	sampleA	10xv2	B cell
CNA_10xv2_2	TCGTAGAACCGACATT	SNG	sampleB	10xv2	CD14+ monocyte
CNA_10xv2_2	TTCCTCGGATCGTAAC	SNG	sampleA	10xv2	CD4+ T cell
CNA_10xv2_2	CCTTCCAGATTGTGAC	SNG	sampleA	10xv2	CD4+ T cell
CNA_10xv2_2	CCTAACGCTACGTAAA	SNG	sampleA	10xv2	Natural killer cell
CNA_10xv2_2	ATGGCTATGGTGAGCA	SNG	sampleA	10xv2	B cell
CNA_10xv2_2	GGCACACACAAACATG	SNG	sampleA	10xv2	B cell
CNA_10xv2_2	ACTCCAGCTACACAAA	SNG	sampleA	10xv2	CD4+ T cell
CNA_10xv2_2	CGATATTCTCCACAAT	SNG	sampleB	10xv2	B cell
CNA_10xv2_2	AGACGCAGAGCTAATC	SNG	sampleB	10xv2	Cytotoxic T cell
CNA_10xv2_2	CCACTAAGAAGGGCTA	SNG	sampleB	10xv2	B cell
CNA_10xv2_2	CCGGGAACTAAGGTGC	SNG	sampleB	10xv2	Natural killer cell
CNA_10xv2_2	TGTTACTTGTGCGCCA	SNG	sampleB	10xv2	CD16+ monocyte
CNA_10xv2_2	GCTACTGCTAATCTGC	SNG	sampleB	10xv2	CD4+ T cell
CNA_10xv2_2	ATCTGTACTGCTGAGA	SNG	sampleA	10xv2	CD4+ T cell
CNA_10xv2_2	CCGTTCTGAGAATAGT	SNG	sampleB	10xv2	CD4+ T cell
CNA_10xv2_2	AATAAGGACAGTTGAA	SNG	sampleB	10xv2	Cytotoxic T cell
CNA_10xv2_2	AGAGAATACTGGGCCT	SNG	sampleA	10xv2	Natural killer cell
CNA_10xv2_2	ATCTTACTGCAATAGA	SNG	sampleB	10xv2	Cytotoxic T cell
CNA_10xv2_2	CTTCCACGAAAGTAAC	SNG	sampleB	10xv2	B cell
CNA_10xv2_2	TGGCCGATGGAGCTGA	SNG	sampleA	10xv2	Dendritic cell
CNA_10xv2_2	ATGTCCAGATCGCAGC	SNG	sampleA	10xv2	Natural killer cell
CNA_10xv2_2	AACTTACCTGATGGAC	SNG	sampleB	10xv2	CD4+ T cell
CNA_10xv2_2	ATACATCCTCGTACAT	SNG	sampleA	10xv2	Cytotoxic T cell
CNA_10xv2_2	CGTTCTCGACGATTCA	SNG	sampleA	10xv2	Natural killer cell
CNA_10xv2_2	CTGCTTTCTCATGCGC	SNG	sampleB	10xv2	CD4+ T cell
CNA_10xv2_2	AGCCAATTGGAACAGC	SNG	sampleA	10xv2	B cell
CNA_10xv2_2	TCGGGTGACTAGACAA	SNG	sampleB	10xv2	Dendritic cell
CNA_10xv2_2	TGTTACTACTGACCTA	SNG	sampleA	10xv2	Natural killer cell
CNA_10xv2_2	ACGATCATGGTTGTCA	SNG	sampleA	10xv2	CD4+ T cell
CNA_10xv2_2	TGAACTGTGCGGGTAA	SNG	sampleA	10xv2	CD4+ T cell
CNA_10xv2_2	ATCGTTTACCCAGAGA	SNG	sampleA	10xv2	CD4+ T cell
CNA_10xv2_2	TTCGAGAACATCCTAG	SNG	sampleB	10xv2	CD16+ monocyte
CNA_10xv2_2	CAAAGGGTGTGCATGT_TTACTGGGACCTCGTT	SNG	sampleB	10xv2	Cytotoxic T cell
CNA_10xv2_2	CCACGAGTGAATCCAC	SNG	sampleB	10xv2	B cell
CNA_10xv2_2	CAAAGCTTGCTCCTAC	SNG	sampleA	10xv2	CD14+ monocyte
CNA_10xv2_2	GTCTGGCGACTTAAGC	SNG	sampleA	10xv2	CD4+ T cell
CNA_10xv2_2	ATACCACGATACCAAC	SNG	sampleB	10xv2	CD4+ T cell
CNA_10xv2_2	AACTCGATGTCAGGTT	SNG	sampleA	10xv2	B cell
CNA_10xv2_2	CATATCACTAACGCAG	SNG	sampleB	10xv2	CD16+ monocyte
CNA_10xv2_2	ACTTCATACCACAGTT	SNG	sampleB	10xv2	CD14+ monocyte
CNA_10xv2_2	CTTTCCGGAAAACTGA	SNG	sampleA	10xv2	Cytotoxic T cell
CNA_10xv2_2	ATGCAAAGACGATTCA	SNG	sampleA	10xv2	Natural killer cell
CNA_10xv2_2	TGTCTTCCTTTTCTGT	SNG	sampleB	10xv2	Cytotoxic T cell
CNA_10xv2_2	TTCTAGACTCCTCAAA	SNG	sampleB	10xv2	Cytotoxic T cell
CNA_10xv2_2	GTCGATAACGCCCTGA	SNG	sampleA	10xv2	CD14+ monocyte
CNA_10xv2_2	TACTAACCTTCGTCAA	SNG	sampleB	10xv2	Natural killer cell
CNA_10xv2_2	CTATGTTACCAGCTGC	SNG	sampleB	10xv2	B cell
CNA_10xv2_2	CAACACCCTAGCCCTG	SNG	sampleB	10xv2	B cell
CNA_10xv2_2	CGTGTAATGTTGGGAG	SNG	sampleA	10xv2	B cell
CNA_10xv2_2	TACGTGTGAGAAGGCT	SNG	sampleA	10xv2	B cell
CNA_10xv2_2	GCTTACCACGCGCACT	SNG	sampleB	10xv2	B cell
CNA_10xv2_2	TCATTGGGAAGAGGCT	SNG	sampleA	10xv2	CD4+ T cell
CNA_10xv2_2	ACTCTAACTGCTACGC	SNG	sampleB	10xv2	Cytotoxic T cell
CNA_10xv2_2	CGCTGAGTGCTGCCAG	SNG	sampleB	10xv2	Cytotoxic T cell
CNA_10xv2_2	AAGTACCACTACACTG	SNG	sampleB	10xv2	B cell
CNA_10xv2_2	GCAATCATGCATGCTA	SNG	sampleA	10xv2	CD4+ T cell
CNA_10xv2_2	CCATAAGTGTGACCTA	SNG	sampleB	10xv2	CD16+ monocyte
CNA_10xv2_2	CCTTACTCTGCCCTTT	SNG	sampleB	10xv2	CD16+ monocyte
CNA_10xv2_2	ACAGCCGACCTGTACA	SNG	sampleA	10xv2	Cytotoxic T cell
CNA_10xv2_2	CTGCTGGGATAGGAGC	SNG	sampleA	10xv2	CD4+ T cell
CNA_10xv2_2	TGTTAACCTGGAATGC	SNG	sampleB	10xv2	Dendritic cell
CNA_10xv2_2	TGTACCCTGTCTATCT	SNG	sampleB	10xv2	Cytotoxic T cell
CNA_10xv2_2	GCGCAGTTGTAGGCGA	SNG	sampleA	10xv2	B cell
CNA_10xv2_2	GGTGGAAACCGAGGTA	SNG	sampleA	10xv2	CD4+ T cell
CNA_10xv2_2	GTACTGCCTTGTTGTG	SNG	sampleB	10xv2	CD4+ T cell
CNA_10xv2_2	CGCAATCCTAGCAATA	SNG	sampleB	10xv2	B cell
CNA_10xv2_2	CTATGCCACTCGGGCT	SNG	sampleA	10xv2	B cell
CNA_10xv2_2	GCGTAAGGAAGGGCTA	SNG	sampleB	10xv2	Natural killer cell
CNA_10xv2_2	CACTCTTCTCAAGTTC	SNG	sampleA	10xv2	CD4+ T cell
CNA_10xv2_2	CTGCTAGCTCGCCACA	SNG	sampleB	10xv2	CD4+ T cell
CNA_10xv2_2	TGGACCCGAGACAAAT	SNG	sampleA	10xv2	CD4+ T cell
CNA_10xv2_2	TCGACCTTGTTACGAC	SNG	sampleA	10xv2	CD4+ T cell
CNA_10xv2_2	TATAGCCGATTACGAC	SNG	sampleB	10xv2	CD4+ T cell
CNA_10xv2_2	TCATTCTGAATCATCG	SNG	sampleA	10xv2	CD4+ T cell
CNA_10xv2_2	TAGCTCGCTGTGGTGA	SNG	sampleB	10xv2	CD4+ T cell
CNA_10xv2_2	CATGGATTGGTCTGGC	SNG	sampleA	10xv2	B cell
CNA_10xv2_2	AAACGCTACGGACTGA	SNG	sampleA	10xv2	Cytotoxic T cell
CNA_10xv2_2	TTCCACTCTAATCCTG	SNG	sampleB	10xv2	Cytotoxic T cell
CNA_10xv2_2	TACAACCGAATCATGC	SNG	sampleB	10xv2	CD4+ T cell
CNA_10xv2_2	CCTACTGTGTTAGAAG	SNG	sampleA	10xv2	Natural killer cell
CNA_10xv2_2	GAGTCTCCTACCTTGA	SNG	sampleA	10xv2	Natural killer cell
CNA_10xv2_2	GCGATCCGAGAAGTTA	SNG	sampleA	10xv2	B cell
CNA_10xv2_2	TCTTCCTTGTTGGGAG	SNG	sampleA	10xv2	Natural killer cell
CNA_10xv2_2	CATTGGCCTTCTTTGT	SNG	sampleA	10xv2	CD16+ monocyte
CNA_10xv2_2	ATGATGCACCTTGAAC	SNG	sampleB	10xv2	Natural killer cell
CNA_10xv2_2	CCCGGAAACGGAGTCA	SNG	sampleB	10xv2	CD16+ monocyte
CNA_10xv2_2	CGCGTTGGATGCTGTA	SNG	sampleB	10xv2	B cell
CNA_10xv2_2	CGTTATGGACGAACAG	SNG	sampleB	10xv2	CD4+ T cell
CNA_10xv2_2	GAGGTCCTGTTAGAAG	SNG	sampleB	10xv2	CD16+ monocyte
CNA_10xv2_2	TCTTGAACTTCGTAAC	SNG	sampleB	10xv2	CD14+ monocyte
CNA_10xv2_2	CCAACACCTTTGGGAG	SNG	sampleA	10xv2	B cell
CNA_10xv2_2	CCCAGAGACCGTTATG	SNG	sampleB	10xv2	CD14+ monocyte
CNA_10xv2_2	GGATGCCTGAGCAGGT	SNG	sampleA	10xv2	CD14+ monocyte
CNA_10xv2_2	TTCCGGACTTACGATC	SNG	sampleB	10xv2	CD14+ monocyte
CNA_10xv2_2	GCTGGAAGATGGTCCG	SNG	sampleB	10xv2	Cytotoxic T cell
CNA_10xv2_2	GGTATTTCTGGAATAT	SNG	sampleA	10xv2	Cytotoxic T cell
CNA_10xv2_2	ATCGAGTTGGAATAGT	SNG	sampleB	10xv2	CD4+ T cell
CNA_10xv2_2	TCCGTGTTGCATGCAT	SNG	sampleB	10xv2	Cytotoxic T cell
CNA_10xv2_2	ATGCCCGGAAGCTTGT	SNG	sampleB	10xv2	B cell
CNA_10xv2_2	CCTCACATGTAGACAA	SNG	sampleA	10xv2	CD4+ T cell
CNA_10xv2_2	AATTCTGCTCAGGCCT	SNG	sampleB	10xv2	B cell
CNA_10xv2_2	GTCGAATACCGCCACA	SNG	sampleB	10xv2	B cell
CNA_10xv2_2	GAGAGGTTGGACAAAT	SNG	sampleB	10xv2	B cell
CNA_10xv2_2	ACTGTGATGATAGCAA	SNG	sampleA	10xv2	CD4+ T cell
CNA_10xv2_2	GTGGCAGCTACTCGAT	SNG	sampleB	10xv2	CD4+ T cell
CNA_10xv2_2	GGCGTGACTCGTTCTC	SNG	sampleB	10xv2	CD4+ T cell
CNA_10xv2_2	CATCAGTGACTCCTAC	SNG	sampleA	10xv2	CD14+ monocyte
CNA_10xv2_2	ACCTACCTGCGCTCGA	SNG	sampleA	10xv2	Natural killer cell
CNA_10xv2_2	CAGTATTCTGCCAGCT	SNG	sampleA	10xv2	B cell
CNA_10xv2_2	GAGTGTTACTTTCTGT	SNG	sampleA	10xv2	CD4+ T cell
CNA_10xv2_2	GCCTATAGAACCCGGT	SNG	sampleA	10xv2	CD14+ monocyte
CNA_10xv2_2	TGTACTGGAATTGGTC	SNG	sampleA	10xv2	CD4+ T cell
CNA_10xv2_2	CGTGCCAGACGGTTTA	SNG	sampleA	10xv2	CD4+ T cell
CNA_10xv2_2	ATGATGGCTGATGGAC	SNG	sampleA	10xv2	Cytotoxic T cell
CNA_10xv2_2	CATCAGAACTTTCGCC	SNG	sampleA	10xv2	CD16+ monocyte
CNA_10xv2_2	CTTTCTGCTGACTCGC	SNG	sampleA	10xv2	CD16+ monocyte
CNA_10xv2_2	TGGATAGCTCTCACTC	SNG	sampleA	10xv2	Natural killer cell
CNA_10xv2_2	TTCTAGTTGATAACCC	SNG	sampleA	10xv2	Cytotoxic T cell
CNA_10xv2_2	AGTACGTTGAGGCGTA	SNG	sampleA	10xv2	CD14+ monocyte
CNA_10xv2_2	CCACTCTGACAGCAAG	SNG	sampleB	10xv2	CD4+ T cell
CNA_10xv2_2	TCCTACCGATCATTGG	SNG	sampleA	10xv2	CD14+ monocyte
CNA_10xv2_2	CGTGCTGGAGCTTACA	SNG	sampleB	10xv2	B cell
CNA_10xv2_2	CTATTCAACTAAAGCA	SNG	sampleB	10xv2	Cytotoxic T cell
CNA_10xv2_2	CGATAAAGAAAAGTAC	SNG	sampleA	10xv2	B cell
CNA_10xv2_2	CCACTAAGAATGAATG	SNG	sampleB	10xv2	B cell
CNA_10xv2_2	TAACAGAGAGGCCAAA	SNG	sampleB	10xv2	CD14+ monocyte
CNA_10xv2_2	CACAGCGTGATCCTTT	SNG	sampleA	10xv2	CD14+ monocyte
CNA_10xv2_2	TGAGGAGTGAGGTAAT	SNG	sampleA	10xv2	Dendritic cell
CNA_10xv2_2	GTAGTGGGACAGGTGA	SNG	sampleA	10xv2	CD4+ T cell
CNA_10xv2_2	CGTAGCTCTTTTCCGC	SNG	sampleB	10xv2	Natural killer cell
CNA_10xv2_2	GGACATTTGGTTGTCA	SNG	sampleB	10xv2	CD4+ T cell
CNA_10xv2_2	GGAAGGACTAGGACCA	SNG	sampleA	10xv2	CD14+ monocyte
CNA_10xv2_2	GTACCGGACTTGCGCG	SNG	sampleA	10xv2	Cytotoxic T cell
CNA_10xv2_2	AACTCACGAGTCTGGC	SNG	sampleA	10xv2	CD4+ T cell
CNA_10xv2_2	AGCGCTCGATCTGGAT	SNG	sampleB	10xv2	CD4+ T cell
CNA_10xv2_2	TACGATGACATCACAC	SNG	sampleA	10xv2	CD4+ T cell
CNA_10xv2_2	ACGCCACGAGTGGTGA	SNG	sampleB	10xv2	CD16+ monocyte
CNA_10xv2_2	GCTACGGACGGTATGG	SNG	sampleB	10xv2	CD14+ monocyte
CNA_10xv2_2	TCTACTAACTCATTTC	SNG	sampleB	10xv2	CD16+ monocyte
CNA_10xv2_2	TGCCGTGGATTCTGAG	SNG	sampleA	10xv2	CD16+ monocyte
CNA_10xv2_2	CAAGCAACTTTGCAGT	SNG	sampleB	10xv2	CD4+ T cell
CNA_10xv2_2	GAAGTATGAGTTTACG	SNG	sampleB	10xv2	Cytotoxic T cell
CNA_10xv2_2	CTGCGAGTGAATCCAC	SNG	sampleA	10xv2	CD16+ monocyte
CNA_10xv2_2	AGCTGCTCTTAATAGG	SNG	sampleB	10xv2	Cytotoxic T cell
CNA_10xv2_2	GATTACGACTTCCATT	SNG	sampleA	10xv2	Natural killer cell
CNA_10xv2_2	AAAGATCGATGGCATT	SNG	sampleB	10xv2	Natural killer cell
CNA_10xv2_2	AGAACGCGAGGTGCAA	SNG	sampleB	10xv2	CD4+ T cell
CNA_10xv2_2	GCGTCTTTGGCCAGCT	SNG	sampleA	10xv2	Natural killer cell
CNA_10xv2_2	CTGGTGGACCCTACGG	SNG	sampleA	10xv2	B cell
CNA_10xv2_2	TGCCGTGGACAACGCC	SNG	sampleA	10xv2	Natural killer cell
CNA_10xv2_2	GTAGGCGCTCTTAAGC	SNG	sampleA	10xv2	CD14+ monocyte
CNA_10xv2_2	CTACTCTCTCTTTGTT	SNG	sampleB	10xv2	B cell
CNA_10xv2_2	CGACAATACGGTGCAA	SNG	sampleB	10xv2	CD14+ monocyte
CNA_10xv2_2	AGAGGGACTAAGGCCA	SNG	sampleB	10xv2	B cell
CNA_10xv2_2	CCTACTGTGAGCTTGT	SNG	sampleB	10xv2	B cell
CNA_10xv2_2	ATCAATCCTGAAGGCT	SNG	sampleA	10xv2	CD14+ monocyte
CNA_10xv2_2	GGTCAGAGACTGGAAG	SNG	sampleB	10xv2	B cell
CNA_10xv2_2	AAATGCCTGGACCGAA	SNG	sampleB	10xv2	CD16+ monocyte
CNA_10xv2_2	CCGCTAACTGTGGTGA	SNG	sampleA	10xv2	CD4+ T cell
CNA_10xv2_2	AAACATGGAGCGGTAA	SNG	sampleA	10xv2	Cytotoxic T cell
CNA_10xv2_2	GCCTAGTCTATCTGTG	SNG	sampleB	10xv2	CD14+ monocyte
CNA_10xv2_2	GTAGTTGACGAAGGTC	SNG	sampleA	10xv2	CD4+ T cell
CNA_10xv2_2	AGGAAGAGAAGGTGAC	SNG	sampleB	10xv2	B cell
CNA_10xv2_2	CTCTGAAGATACACTG	SNG	sampleA	10xv2	CD4+ T cell
CNA_10xv2_2	ATAGGGTCTGAACAGC	SNG	sampleA	10xv2	CD4+ T cell
CNA_10xv2_2	CTGACGTCTACGTAAA	SNG	sampleB	10xv2	Natural killer cell
CNA_10xv2_2	TCCATTTGAACGTAAA	SNG	sampleB	10xv2	CD4+ T cell
CNA_10xv2_2	TCCTGTTCTAGTAGGC	SNG	sampleB	10xv2	B cell
CNA_10xv2_2	GCTAAGACTTCTATCT	SNG	sampleB	10xv2	B cell
CNA_10xv2_2	ATCGAAAGATCTATCT	SNG	sampleA	10xv2	CD4+ T cell
CNA_10xv2_2	CTAATCTTGCGACACC	SNG	sampleA	10xv2	CD16+ monocyte
CNA_10xv2_2	CGACAATACGAACGTG	SNG	sampleB	10xv2	Cytotoxic T cell
CNA_10xv2_2	CGTAGTAACATACGCT	SNG	sampleB	10xv2	CD4+ T cell
CNA_10xv2_2	TCCTACCGATAACTCG	SNG	sampleA	10xv2	CD4+ T cell
CNA_10xv2_2	AGCCCAGTGCGGGTAA	SNG	sampleB	10xv2	Dendritic cell
CNA_10xv2_2	CAAGGGAACGCACCCA	SNG	sampleA	10xv2	CD4+ T cell
CNA_10xv2_2	CTAGAGACTCGTAGAG	SNG	sampleA	10xv2	CD4+ T cell
CNA_10xv2_2	GGATACTACCGGTTTA	SNG	sampleA	10xv2	Dendritic cell
CNA_10xv2_2	CTAATCACTCTGGCAC	SNG	sampleB	10xv2	Dendritic cell
CNA_10xv2_2	GGCTGACTGGCCGCTA	SNG	sampleA	10xv2	CD14+ monocyte
CNA_10xv2_2	ATATGCCGATACACTG	SNG	sampleB	10xv2	CD4+ T cell
CNA_10xv2_2	CCATGATGAACCGTGC	SNG	sampleB	10xv2	CD4+ T cell
CNA_10xv2_2	CCAAGGAGACACCTAA	SNG	sampleA	10xv2	Natural killer cell
CNA_10xv2_2	GTTATCACTTCGAGAG	SNG	sampleA	10xv2	CD14+ monocyte
CNA_10xv2_2	CAACCCTACCCGCAGT	SNG	sampleB	10xv2	CD4+ T cell
CNA_10xv2_2	AACACTCGACGCAACC	SNG	sampleA	10xv2	CD4+ T cell
CNA_10xv2_2	CCTTCAGTGGGGTAGT	SNG	sampleB	10xv2	CD4+ T cell
CNA_10xv2_2	CGAACATACCCGTTAA	SNG	sampleA	10xv2	CD14+ monocyte
CNA_10xv2_2	CTATAGCGAACTAGGG	SNG	sampleA	10xv2	B cell
CNA_10xv2_2	GTACCCTTGCTTCAAG	SNG	sampleB	10xv2	B cell
CNA_10xv2_2	ATGCTCCTGGGCAGTA	SNG	sampleB	10xv2	Cytotoxic T cell
CNA_10xv2_2	CAAAGCTTGCATCCTC	SNG	sampleA	10xv2	Natural killer cell
CNA_10xv2_2	ACAGCGGCTTCTGGAT	SNG	sampleB	10xv2	Natural killer cell
CNA_10xv2_2	ATACATCCTATAGGTA	SNG	sampleA	10xv2	CD14+ monocyte
CNA_10xv2_2	TCGCCTCCTCAGGGTA	SNG	sampleA	10xv2	Natural killer cell
CNA_10xv2_2	CATCCGTACCGAAGCA	SNG	sampleB	10xv2	B cell
CNA_10xv2_2	GTAGGCGCTCGAACGA	SNG	sampleA	10xv2	Cytotoxic T cell
CNA_10xv2_2	AGCGCCTGACGATGGA	SNG	sampleB	10xv2	Cytotoxic T cell
CNA_10xv2_2	GTCTGGCGATAATGCC	SNG	sampleB	10xv2	Cytotoxic T cell
CNA_10xv2_2	AAGAAACACCCTCCTA	SNG	sampleB	10xv2	Cytotoxic T cell
CNA_10xv2_2	TAGCGCGACTTGGGAG	SNG	sampleA	10xv2	CD4+ T cell
CNA_10xv2_2	TTGTACTACGGAATTA	SNG	sampleA	10xv2	Dendritic cell
CNA_10xv2_2	TTCACGCTGTAGCAGG	SNG	sampleB	10xv2	B cell
CNA_10xv2_2	ATGCGCGTGCGAAGCA	SNG	sampleA	10xv2	CD14+ monocyte
CNA_10xv2_2	TCAGGAGGACTAACGT	SNG	sampleA	10xv2	Natural killer cell
CNA_10xv2_2	AATGTGCACTTGTTTC	SNG	sampleA	10xv2	Dendritic cell
CNA_10xv2_2	GGTCTAAACCGGAATG	SNG	sampleB	10xv2	B cell
CNA_10xv2_2	AAGTACCACAACGAAT	SNG	sampleB	10xv2	Cytotoxic T cell
CNA_10xv2_2	GGACACAGAGGACCTC	SNG	sampleA	10xv2	Cytotoxic T cell
CNA_10xv2_2	CCAAGGAGAGCTGTTA	SNG	sampleB	10xv2	B cell
CNA_10xv2_2	GGCACACACTTAGAAG	SNG	sampleB	10xv2	Natural killer cell
CNA_10xv2_2	TGCCATCTGATTAAGG	SNG	sampleB	10xv2	Dendritic cell
CNA_10xv2_2	TACTGTACTGCCAGCT	SNG	sampleA	10xv2	B cell
CNA_10xv2_2	TGCATGCCTAAACTGA	SNG	sampleA	10xv2	CD14+ monocyte
CNA_10xv2_2	GGCGCAACTTCCAGCG	SNG	sampleB	10xv2	CD14+ monocyte
CNA_10xv2_2	ATCTGTACTTATGACC_TTCCACTCTCGTTATG	SNG	sampleA	10xv2	Natural killer cell
CNA_10xv2_2	TCTCTCTACGAACCTT	SNG	sampleA	10xv2	B cell
CNA_10xv2_2	CAAGGGATGCTCACTC	SNG	sampleB	10xv2	CD14+ monocyte
CNA_10xv2_2	CATCAGTGATACGATC	SNG	sampleA	10xv2	CD4+ T cell
CNA_10xv2_2	AACAATGGAAGACAAT	SNG	sampleB	10xv2	CD16+ monocyte
CNA_10xv2_2	CATTTCCCTCAGGGTA	SNG	sampleB	10xv2	Cytotoxic T cell
CNA_10xv2_2	TTCCTCGGAGATTAAG	SNG	sampleA	10xv2	CD14+ monocyte
CNA_10xv2_2	ATACCACGAGAAGTTA	SNG	sampleA	10xv2	CD14+ monocyte
CNA_10xv2_2	GGTATGACTCTATCTT	SNG	sampleA	10xv2	CD14+ monocyte
CNA_10xv2_2	GCCTAGTCTCGATCGC	SNG	sampleA	10xv2	CD16+ monocyte
CNA_10xv2_2	AATGGGTCTCGATTAC	SNG	sampleB	10xv2	CD16+ monocyte
CNA_10xv2_2	TATAGCCGAGCTGTTA	SNG	sampleA	10xv2	CD14+ monocyte
CNA_10xv2_2	GAAGGCATGATTCGGT	SNG	sampleB	10xv2	CD16+ monocyte
CNA_10xv2_2	GCTTCTCGACGACAAG	SNG	sampleB	10xv2	CD14+ monocyte
CNA_10xv2_2	ACGCCCAGACCACTTC	SNG	sampleB	10xv2	Dendritic cell
CNA_10xv2_2	ACGAACTTGTATCTGG	SNG	sampleA	10xv2	CD16+ monocyte
CNA_10xv2_2	CAGTAGTTGCCTGAGC	SNG	sampleA	10xv2	CD16+ monocyte
CNA_10xv2_2	CTGTTGCACGCTGGCT	SNG	sampleA	10xv2	CD14+ monocyte
CNA_10xv2_2	TACCTTCCTACGTGCC	SNG	sampleB	10xv2	CD16+ monocyte
CNA_10xv2_2	TGGATAGCTCGGCACT	SNG	sampleB	10xv2	CD16+ monocyte
CNA_10xv2_2	AGCTGATACGTTTACG	SNG	sampleB	10xv2	Dendritic cell
CNA_10xv2_2	AAGTACCACCAGCACC	SNG	sampleB	10xv2	Dendritic cell
CNA_10xv2_2	AGGTATGCTTGGAACG	SNG	sampleB	10xv2	CD14+ monocyte
CNA_10xv2_2	CCTGAGGACATGTGGG	SNG	sampleB	10xv2	Dendritic cell
CNA_10xv2_2	CTAACAGTGCTGATCA	SNG	sampleA	10xv2	CD14+ monocyte
CNA_10xv2_2	GTTGAAGCTCCTGAGC	SNG	sampleB	10xv2	Dendritic cell
CNA_10xv2_2	TCGTATACTTGAGCAG	SNG	sampleA	10xv2	CD14+ monocyte
CNA_10xv2_2	TGGTAGGGATTTGGGT	SNG	sampleB	10xv2	CD16+ monocyte
CNA_10xv2_2	GGATCCCGAGCTGGCT	SNG	sampleA	10xv2	CD14+ monocyte
CNA_10xv2_2	AAGTCTTCTCGGTACC	SNG	sampleA	10xv2	CD14+ monocyte
CNA_10xv2_2	CTAATCTTGAGTGAGC_CTGTTGCTGAAATCGA	SNG	sampleB	10xv2	CD14+ monocyte
CNA_10xv2_2	TGTTACTTGTGGCATT	SNG	sampleB	10xv2	CD14+ monocyte
CNA_10xv2_2	CCGACAGTGTTCTGGA	SNG	sampleA	10xv2	Cytotoxic T cell
CNA_10xv2_2	AACCAACACGCCACGT	SNG	sampleB	10xv2	CD16+ monocyte
CNA_10xv2_2	CTGCTTTCTAGGCGTA	SNG	sampleB	10xv2	CD14+ monocyte
CNA_10xv2_2	CCAACTCACCCTATCC	SNG	sampleB	10xv2	CD16+ monocyte
CNA_10xv2_2	TGTGCAATGACCTGCG	SNG	sampleB	10xv2	CD16+ monocyte
CNA_10xv2_2	AGCAGAGACCTTTGTT	SNG	sampleB	10xv2	B cell
CNA_10xv2_2	CTAGGGCACTGCTCAA	SNG	sampleA	10xv2	Dendritic cell
CNA_10xv2_2	GGACATTTGGTCGGTC	SNG	sampleA	10xv2	CD14+ monocyte
CNA_10xv2_2	GGCTCAGACCCAGAGA	SNG	sampleB	10xv2	CD16+ monocyte
CNA_10xv2_2	AAACAACGAAGGTGAC	SNG	sampleA	10xv2	CD16+ monocyte
CNA_10xv2_2	GTACTGCCTCGCACTG	SNG	sampleA	10xv2	CD14+ monocyte
CNA_10xv2_2	TAAGCTGTGACCGTGC	SNG	sampleB	10xv2	CD16+ monocyte
CNA_10xv2_2	AGGAATTGAGCCGCTA	SNG	sampleA	10xv2	B cell
CNA_10xv2_2	GATGCGCACCGGTTGC	SNG	sampleB	10xv2	CD16+ monocyte
CNA_10xv2_2	AAAGCGGACAGCTGAG	SNG	sampleB	10xv2	B cell
CNA_10xv2_2	ACTGGGCACTAGCGAG	SNG	sampleB	10xv2	Dendritic cell
CNA_10xv2_2	GAGTTACTGCCAACGC	SNG	sampleA	10xv2	CD14+ monocyte
CNA_10xv2_2	TCACCCATGTCAATGC	SNG	sampleB	10xv2	CD14+ monocyte
CNA_10xv2_2	CGCATCGGAGTGGTGA	SNG	sampleA	10xv2	CD14+ monocyte
CNA_10xv2_2	CCGTTGTACGAAGGCT	SNG	sampleA	10xv2	Cytotoxic T cell
CNA_10xv2_2	TAGGTAAGAGTCTTGA	SNG	sampleB	10xv2	CD14+ monocyte
CNA_10xv2_2	GCATCTCTGCCAGAGA	SNG	sampleB	10xv2	CD14+ monocyte
CNA_10xv2_2	TATCGATCTATCGGTT	SNG	sampleB	10xv2	CD16+ monocyte
CNA_10xv2_2	CCAACGGTGTGGAACG	SNG	sampleB	10xv2	B cell
CNA_10xv2_2	GCTTCGGGACCGTGAC	SNG	sampleA	10xv2	CD14+ monocyte
CNA_10xv2_2	ACGGGTAGAAGCAATA	SNG	sampleB	10xv2	CD14+ monocyte
CNA_10xv2_2	GTACCGGACCCTCAAA	SNG	sampleA	10xv2	CD14+ monocyte
CNA_10xv2_2	ATGTTTCACCGATGTT_TGAGTAAGAAGACAAT	SNG	sampleB	10xv2	CD16+ monocyte
CNA_10xv2_2	CTTTCTGCTGGACCAA	SNG	sampleB	10xv2	B cell
CNA_10xv2_2	GCTCGTGGACTTCAAG	SNG	sampleA	10xv2	CD14+ monocyte
CNA_10xv2_2	ACCAATGACGGTTGAG	SNG	sampleB	10xv2	Dendritic cell
CNA_10xv2_2	TAACAGAGAAAAGCTA	SNG	sampleB	10xv2	CD14+ monocyte
CNA_10xv2_2	TAGTCCGCTAGCTTGT	SNG	sampleA	10xv2	CD16+ monocyte
CNA_10xv2_2	ATCCAGCCTAGCGCTC	SNG	sampleB	10xv2	Dendritic cell
CNA_10xv2_2	GATGGTTACAATCCGT	SNG	sampleA	10xv2	B cell
CNA_10xv2_2	AGGAAGAGATTCGCAA	SNG	sampleB	10xv2	B cell
CNA_10xv2_2	CTGCCATTGCCGGACT	SNG	sampleB	10xv2	B cell
CNA_10xv2_2	GCTGACCGAGCCAGCT	SNG	sampleB	10xv2	B cell
CNA_10xv2_2	CGAGTTAACTCATTGG	SNG	sampleB	10xv2	B cell
CNA_10xv2_2	ACGATAGCTATCGGTT	SNG	sampleB	10xv2	CD16+ monocyte
CNA_10xv2_2	GGGCGATCTCCTAGGC	SNG	sampleA	10xv2	CD14+ monocyte
CNA_10xv2_2	ACGCAGAGACGCACTG	SNG	sampleB	10xv2	CD16+ monocyte
CNA_10xv2_2	GAACAAATGTGCTCAA	SNG	sampleB	10xv2	Dendritic cell
CNA_10xv2_2	TACGTGTGACTTCAAG	SNG	sampleA	10xv2	CD14+ monocyte
CNA_10xv2_2	TCGTGAATGACTCGAT	SNG	sampleB	10xv2	CD14+ monocyte
CNA_10xv2_2	CGACCTTTGCCTGCGA	SNG	sampleA	10xv2	Cytotoxic T cell
CNA_10xv2_2	TCAATGGACCACCTAA	SNG	sampleB	10xv2	CD14+ monocyte
CNA_10xv2_2	TTGTTAGCTCATCTTT	SNG	sampleB	10xv2	Cytotoxic T cell
CNA_10xv2_2	CAACACCCTGGGTAGT	SNG	sampleB	10xv2	CD16+ monocyte
CNA_10xv2_2	CCTCATGACGAGTGAC	SNG	sampleB	10xv2	CD14+ monocyte
CNA_10xv2_2	TCGCGGAACCCGTTAA	SNG	sampleA	10xv2	CD14+ monocyte
CNA_10xv2_2	AAAGCGGACAATGCTC	SNG	sampleB	10xv2	CD16+ monocyte
CNA_10xv2_2	TTATGGTCTTCAATGC	SNG	sampleB	10xv2	B cell
CNA_10xv2_2	ATGCTCCTGCAAGGTG	SNG	sampleA	10xv2	Dendritic cell
CNA_10xv2_2	CAACAACACCTCATCC	SNG	sampleB	10xv2	Dendritic cell
CNA_10xv2_2	CAGAGGCCTTGAACAA	SNG	sampleA	10xv2	CD16+ monocyte
CNA_10xv2_2	GGTGGAAACGAACAGC	SNG	sampleA	10xv2	CD14+ monocyte
CNA_10xv2_2	GCGCGATACCCTTCCA	SNG	sampleA	10xv2	CD4+ T cell
CNA_10xv2_2	AACATCCGAATAACCC	SNG	sampleA	10xv2	CD14+ monocyte
CNA_10xv2_2	GTCTCGTACGTACTAC	SNG	sampleB	10xv2	Dendritic cell
CNA_10xv2_2	CCACTAAGACATGCTA	SNG	sampleB	10xv2	CD14+ monocyte
CNA_10xv2_2	ACGTGGCTGCTGATCA	SNG	sampleA	10xv2	CD14+ monocyte
CNA_10xv2_2	CTTATGTTGCGTAACT	SNG	sampleB	10xv2	B cell
CNA_10xv2_2	GCTACTGCTGATTAAG	SNG	sampleB	10xv2	CD14+ monocyte
CNA_10xv2_2	CGGTCTACTGCTCAGC	SNG	sampleA	10xv2	Natural killer cell
CNA_10xv2_2	GAGGGATACTCCGTAA	SNG	sampleA	10xv2	CD14+ monocyte
CNA_10xv2_2	ATCAAGCACATCTGTG	SNG	sampleA	10xv2	CD16+ monocyte
CNA_10xv2_2	CAGCTCACTGTTAGGG	SNG	sampleB	10xv2	Dendritic cell
CNA_10xv2_2	GCTACGGACGGCCAAA	SNG	sampleB	10xv2	CD14+ monocyte
CNA_10xv2_2	ATGCGCGTGCGAAAGC	SNG	sampleA	10xv2	B cell
CNA_10xv2_2	AGAACATGAAAGCTAA	SNG	sampleB	10xv2	CD4+ T cell
CNA_10xv2_2	CGACGTTCTAGCGCTC	SNG	sampleB	10xv2	B cell
CNA_10xv2_2	CAGCCGATGATCCTCC	SNG	sampleB	10xv2	CD16+ monocyte
CNA_10xv2_2	TCCATTTGATGGCATT	SNG	sampleA	10xv2	CD16+ monocyte
CNA_10xv2_2	CTCTCTGGAGAGAGGG	SNG	sampleA	10xv2	CD14+ monocyte
CNA_10xv2_2	TACGATGACTTTCTTG	SNG	sampleA	10xv2	CD14+ monocyte
CNA_10xv2_2	CGAATTTCTGGCCTGT	SNG	sampleB	10xv2	CD14+ monocyte
CNA_10xv2_2	TGAACTGTGCCAAGTT	SNG	sampleB	10xv2	B cell
CNA_10xv2_2	GGTATTTCTTGATCAC	SNG	sampleA	10xv2	CD16+ monocyte
CNA_10xv2_2	GTTGTTGGAAAGGCTG	SNG	sampleA	10xv2	Dendritic cell
CNA_10xv2_2	TCGACTCACAGTCTGT	SNG	sampleB	10xv2	CD16+ monocyte
CNA_10xv2_2	GAGGTCCTGAGGCATG	SNG	sampleB	10xv2	CD14+ monocyte
CNA_10xv2_2	TTGCGGTCTTCCCAGG	SNG	sampleB	10xv2	CD14+ monocyte
CNA_10xv2_2	GTCGATAACAGGCGTA	SNG	sampleB	10xv2	CD16+ monocyte
CNA_10xv2_2	CAATCAGACGAACGTG	SNG	sampleB	10xv2	CD14+ monocyte
CNA_10xv2_2	TCGACTCTGCCACAAT	SNG	sampleB	10xv2	CD16+ monocyte
CNA_10xv2_2	AGACTACTGCTTCAAG	SNG	sampleA	10xv2	CD16+ monocyte
CNA_10xv2_2	CGTTACCTGTAATGCC	SNG	sampleA	10xv2	CD14+ monocyte
CNA_10xv2_2	CTTAGAGACTCATTTC	SNG	sampleB	10xv2	Dendritic cell
CNA_10xv2_2	GAGGTGCCTTGGTGAG	SNG	sampleB	10xv2	CD16+ monocyte
CNA_10xv2_2	GTGGTTTGAGGACACA	SNG	sampleA	10xv2	CD14+ monocyte
CNA_10xv2_2	GGCGTTTCTTAACTCG	SNG	sampleA	10xv2	Dendritic cell
CNA_10xv2_2	GGGTGAAACGCTGAGA	SNG	sampleB	10xv2	CD16+ monocyte
CNA_10xv2_2	TCGCATCACTGATGAA	SNG	sampleB	10xv2	CD16+ monocyte
CNA_10xv2_2	TGGTAAGCTACTCGAT	SNG	sampleB	10xv2	B cell
CNA_10xv2_2	TGCTACGCTGCGAGTA	SNG	sampleB	10xv2	Dendritic cell
CNA_10xv2_2	AACCAACACGCGTATT	SNG	sampleB	10xv2	CD16+ monocyte
CNA_10xv2_2	GTAAAGCCTTGCGCCA	SNG	sampleB	10xv2	CD14+ monocyte
CNA_10xv2_2	GTTTCAGGATAGGTTC	SNG	sampleB	10xv2	CD16+ monocyte
CNA_10xv2_2	TACTAACCTTCAATGC	SNG	sampleB	10xv2	CD14+ monocyte
CNA_10xv2_2	TTGTTTGACGCACGCT	SNG	sampleB	10xv2	B cell
CNA_10xv2_2	ATAGGGTCTGCTTCGG	SNG	sampleB	10xv2	CD14+ monocyte
CNA_10xv2_2	TTCGTCCGAAGACTTC	SNG	sampleB	10xv2	CD16+ monocyte
CNA_10xv2_2	TGGCCGATGACCGTTA	SNG	sampleB	10xv2	CD14+ monocyte
CNA_10xv2_2	CGGATGAGACAATGAA	SNG	sampleA	10xv2	CD16+ monocyte
CNA_10xv2_2	CTTCCACGACCTTCCA	SNG	sampleB	10xv2	CD14+ monocyte
CNA_10xv2_2	AGTAAGTGAAGTCGGA	SNG	sampleA	10xv2	CD14+ monocyte
CNA_10xv2_2	CAGTAGTTGTGGAACG	SNG	sampleA	10xv2	CD14+ monocyte
CNA_10xv2_2	CGAGCACTGCTCATTT	SNG	sampleB	10xv2	CD14+ monocyte
CNA_10xv2_2	CCGTTGTACCAGTCCG	SNG	sampleB	10xv2	Dendritic cell
CNA_10xv2_2	ACAGACTACGTGAGCA	SNG	sampleB	10xv2	Dendritic cell
CNA_10xv2_2	CACAGCGTGCTCCTAC	SNG	sampleB	10xv2	B cell
CNA_10xv2_2	ATGCAACTGTCTGCAA	SNG	sampleB	10xv2	B cell
CNA_10xv2_2	TGCTGCTACCTTCAAG	SNG	sampleB	10xv2	CD14+ monocyte
CNA_10xv2_2	AAAGATCGATGACTCA	SNG	sampleA	10xv2	CD4+ T cell
CNA_10xv2_2	ATCGCCGGATCGTCCT	SNG	sampleA	10xv2	Cytotoxic T cell
CNA_10xv2_2	GTTCTCGACATCAGGG	SNG	sampleB	10xv2	CD4+ T cell
CNA_10xv2_2	AATCTCTTGCGCTCGA	SNG	sampleB	10xv2	Cytotoxic T cell
CNA_10xv2_2	CAGTCCGGACATCCTC	SNG	sampleA	10xv2	CD4+ T cell
CNA_10xv2_2	GCGAGCACTAAGGTGC	SNG	sampleA	10xv2	CD14+ monocyte
CNA_10xv2_2	GGACTTAACTAATGCC	SNG	sampleB	10xv2	CD4+ T cell
CNA_10xv2_2	AAAGTCAGAAGGTGCA	SNG	sampleB	10xv2	CD4+ T cell
CNA_10xv2_2	ATCTATCACATCTGTG	SNG	sampleA	10xv2	Cytotoxic T cell
CNA_10xv2_2	TGCTTGCACGTTAGTC	SNG	sampleA	10xv2	CD4+ T cell
CNA_10xv2_2	TAAGTGCACACAGGCA	SNG	sampleB	10xv2	CD4+ T cell
CNA_10xv2_2	ACAGACTACTGAGGCA	SNG	sampleB	10xv2	B cell
CNA_10xv2_2	TTTAAGCCTCATGCGC	SNG	sampleA	10xv2	Natural killer cell
CNA_10xv2_2	CTGTGCACTTGGGCAA	SNG	sampleB	10xv2	Cytotoxic T cell
CNA_10xv2_2	TGGAACACTGGGACTA	SNG	sampleA	10xv2	CD14+ monocyte
CNA_10xv2_2	TGTTACTTGTGTGGGA	SNG	sampleB	10xv2	Cytotoxic T cell
CNA_10xv2_2	CAAACCATGTGAACAA	SNG	sampleA	10xv2	CD4+ T cell
CNA_10xv2_2	AAAGCATGACATGCTA	SNG	sampleB	10xv2	CD16+ monocyte
CNA_10xv2_2	TCCTAATTGAGGGCTA	SNG	sampleB	10xv2	Dendritic cell
CNA_10xv2_2	TTGGGAGGACAGATTC	SNG	sampleA	10xv2	Cytotoxic T cell
CNA_10xv2_2	AATCCAGACTTGCAGT_CCGATTCACCGCACTG	SNG	sampleA	10xv2	CD4+ T cell
CNA_10xv2_2	GAGCGATGACGATTCA	SNG	sampleB	10xv2	CD4+ T cell
CNA_10xv2_2	TGGCATCCTAATCGCT	SNG	sampleA	10xv2	CD4+ T cell
CNA_10xv2_2	CTTCCTTTGGCCACGT	SNG	sampleB	10xv2	CD16+ monocyte
CNA_10xv2_2	GCACTCACTCGTAACT	SNG	sampleB	10xv2	Cytotoxic T cell
CNA_10xv2_2	CTCATAACTGTTGGTT	SNG	sampleA	10xv2	CD14+ monocyte
CNA_10xv2_2	CAAGAGTCTCTCACTC	SNG	sampleA	10xv2	Natural killer cell
CNA_10xv2_2	GTTCGCTTGCTTCAAG	SNG	sampleB	10xv2	Cytotoxic T cell
CNA_10xv2_2	GAGAAGAGATCAGGTT	SNG	sampleA	10xv2	CD4+ T cell
CNA_10xv2_2	TGTGTTACTGACATAA	SNG	sampleB	10xv2	CD14+ monocyte
CNA_10xv2_2	GAAGCAGTGGAGAGGG	SNG	sampleA	10xv2	CD14+ monocyte
CNA_10xv2_2	TATGGGTACCATACTG	SNG	sampleA	10xv2	CD16+ monocyte
CNA_10xv2_2	TATTGCTTGAGGTCCC	SNG	sampleA	10xv2	B cell
CNA_10xv2_2	TCGGGTTCTGAATGTA	SNG	sampleB	10xv2	Cytotoxic T cell
CNA_10xv2_2	TCCGCGAGAAAAGCTA	SNG	sampleA	10xv2	Natural killer cell
CNA_10xv2_2	TTGCATTACACCAAGG	SNG	sampleA	10xv2	CD4+ T cell
CNA_10xv2_2	CAATGCCCTCGAGGTA	SNG	sampleA	10xv2	Cytotoxic T cell
CNA_10xv2_2	GCTACTGCTGCATGAG	SNG	sampleA	10xv2	B cell
CNA_10xv2_2	ATGTTTCACCAGATTC	SNG	sampleA	10xv2	Cytotoxic T cell
CNA_10xv2_2	CAACTGAACGAGCTGA	SNG	sampleB	10xv2	Natural killer cell
CNA_10xv2_2	AATTCGGTGCGGTTGC	SNG	sampleA	10xv2	CD4+ T cell
CNA_10xv2_2	ATGCTCCTGCTTAAGC	SNG	sampleB	10xv2	Natural killer cell
CNA_10xv2_2	TGTGTTACTAATCCTG	SNG	sampleB	10xv2	B cell
CNA_10xv2_2	TGCGGGACTCAGCAAG	SNG	sampleA	10xv2	Natural killer cell
CNA_10xv2_2	TGGACATACTGCTTGA	SNG	sampleB	10xv2	B cell
CNA_10xv2_2	ACCCTTTCTGAGAGGG	SNG	sampleB	10xv2	B cell
CNA_10xv2_2	CGTTTGCTGCAGACCC	SNG	sampleA	10xv2	Cytotoxic T cell
CNA_10xv2_2	TCGAAGTACAGAGGCT	SNG	sampleA	10xv2	Cytotoxic T cell
CNA_10xv2_2	CAATTCGGAGGTTTGT	SNG	sampleB	10xv2	Cytotoxic T cell
CNA_10xv2_2	TCCGGGTGAAGCAGGT	SNG	sampleB	10xv2	CD4+ T cell
CNA_10xv2_2	AACGTCCCTGGACAGT	SNG	sampleB	10xv2	Cytotoxic T cell
CNA_10xv2_2	ACGGAATCTCAGCTGC	SNG	sampleA	10xv2	B cell
CNA_10xv2_2	TGCGCATCTAAGTTAG	SNG	sampleB	10xv2	Cytotoxic T cell
CNA_10xv2_2	AGAGACCGAGTACACT	SNG	sampleB	10xv2	CD4+ T cell
CNA_10xv2_2	CAACCCTACCCGATTA	SNG	sampleA	10xv2	Natural killer cell
CNA_10xv2_2	CGGATGAGACCAGAGA	SNG	sampleB	10xv2	Cytotoxic T cell
CNA_10xv2_2	ACGGCCATGCATAGCT	SNG	sampleB	10xv2	Cytotoxic T cell
CNA_10xv2_2	TAGTGCATGCTATCTT	SNG	sampleB	10xv2	CD4+ T cell
CNA_10xv2_2	ACTGCTAGATTGGGAG	SNG	sampleB	10xv2	CD4+ T cell
CNA_10xv2_2	AGTACGTTGGTTAGGG	SNG	sampleB	10xv2	Natural killer cell
CNA_10xv2_2	TTACTGGGACTGATCA	SNG	sampleB	10xv2	B cell
CNA_10xv2_2	TTCGCACTGCGTAGAG	SNG	sampleB	10xv2	Dendritic cell
CNA_10xv2_2	TTCCCATCTGCGCAAA	SNG	sampleA	10xv2	Cytotoxic T cell
CNA_10xv2_2	GAGAGGTTGCCAAGTT	SNG	sampleB	10xv2	Cytotoxic T cell
CNA_10xv2_2	AAGCCTAACAGTCTGT	SNG	sampleA	10xv2	CD14+ monocyte
CNA_10xv2_2	GGATACTACAGATTCC	SNG	sampleB	10xv2	B cell
CNA_10xv2_2	GCTTTGCACACGCCAC	SNG	sampleA	10xv2	CD14+ monocyte
CNA_10xv2_2	AGCCTACCTAGTGAGC	SNG	sampleB	10xv2	B cell
CNA_10xv2_2	TGTTACTTGGCCAGCT	SNG	sampleA	10xv2	CD4+ T cell
CNA_10xv2_2	CTCGAACCTCATCTTT	SNG	sampleB	10xv2	Cytotoxic T cell
CNA_10xv2_2	GGTAAGCGATTGACCA	SNG	sampleB	10xv2	CD14+ monocyte
CNA_10xv2_2	AACTTGGACGCGCAAA	SNG	sampleB	10xv2	B cell
CNA_10xv2_2	GGCGCAACTGAATAAC	SNG	sampleB	10xv2	B cell
CNA_10xv2_2	TCGTAATCTCCGGACT	SNG	sampleA	10xv2	Natural killer cell
CNA_10xv2_2	CGCTAGTCTTACCAAC	SNG	sampleB	10xv2	CD16+ monocyte
CNA_10xv2_2	TATGGAGCTGTTAGGG	SNG	sampleA	10xv2	CD4+ T cell
CNA_10xv2_2	CCTAGCACTCCTACGG	SNG	sampleB	10xv2	CD16+ monocyte
CNA_10xv2_2	ACCTGCTACCGATTGT	SNG	sampleB	10xv2	Cytotoxic T cell
CNA_10xv2_2	ACACGTTGAACCATGT	SNG	sampleA	10xv2	Natural killer cell
CNA_10xv2_2	AAGGCGATGTACGATC	SNG	sampleB	10xv2	CD4+ T cell
CNA_10xv2_2	CGATAAAGAGCTAATC	SNG	sampleB	10xv2	CD4+ T cell
CNA_10xv2_2	TCGTTGCTGTCTGTAG	SNG	sampleB	10xv2	Cytotoxic T cell
CNA_10xv2_2	TTGGCGTCTCCTTTGC	SNG	sampleA	10xv2	CD4+ T cell
CNA_10xv2_2	ATGCAAAGAACTAGGG	SNG	sampleB	10xv2	CD4+ T cell
CNA_10xv2_2	CTGAGATACGCTGGCT	SNG	sampleA	10xv2	CD4+ T cell
CNA_10xv2_2	ACGGTTCCTAGCTTTG	SNG	sampleB	10xv2	CD14+ monocyte
CNA_10xv2_2	CCTCTTGGAAACCAAA	SNG	sampleB	10xv2	B cell
CNA_10xv2_2	GGTATCTGACCTGAGC	SNG	sampleB	10xv2	CD4+ T cell
CNA_10xv2_2	ACCTCCAACCAAGGTG	SNG	sampleB	10xv2	Cytotoxic T cell
CNA_10xv2_2	CCTACGTACTATGACC	SNG	sampleB	10xv2	Cytotoxic T cell
CNA_10xv2_2	CATCTGAGATCATTGG	SNG	sampleB	10xv2	CD4+ T cell
CNA_10xv2_2	GTCAACTGAACAGGTG	SNG	sampleB	10xv2	CD16+ monocyte
CNA_10xv2_2	ACCGTTGCTTAATGCC	SNG	sampleA	10xv2	Natural killer cell
CNA_10xv2_2	CAGTGTAACCATGCTA	SNG	sampleA	10xv2	CD4+ T cell
CNA_10xv2_2	GCGCTACGATTCTCGC	SNG	sampleA	10xv2	B cell
CNA_10xv2_2	TCCCACATGCGATTCA	SNG	sampleA	10xv2	Natural killer cell
CNA_10xv2_2	GTACACTGATTTCCGC	SNG	sampleA	10xv2	CD4+ T cell
CNA_10xv2_2	GGAAGAAGATGAGTAA	SNG	sampleB	10xv2	CD16+ monocyte
CNA_10xv2_2	CTAGTGCCTCCGTTAA	SNG	sampleA	10xv2	CD14+ monocyte
CNA_10xv2_2	TCTAGTGGAGCTCTTC	SNG	sampleB	10xv2	CD14+ monocyte
CNA_10xv2_2	CAGGACCTGACAGATA	SNG	sampleB	10xv2	CD14+ monocyte
CNA_10xv2_2	TTGTAACCTGTTGGTT	SNG	sampleB	10xv2	Cytotoxic T cell
CNA_10xv2_2	GTTAAGAGAAAGTCTC	SNG	sampleB	10xv2	Natural killer cell
CNA_10xv2_2	GCTGGACACAAGTCTC	SNG	sampleB	10xv2	B cell
CNA_10xv2_2	ACGCCCAGATCGACAT	SNG	sampleB	10xv2	CD4+ T cell
CNA_10xv2_2	TCGCCGAGACCTGTGG	SNG	sampleA	10xv2	CD4+ T cell
CNA_10xv2_2	TAGGGACGAGCAGGAT	SNG	sampleA	10xv2	Natural killer cell
CNA_10xv2_2	AACTACGACCGAGTTT	SNG	sampleA	10xv2	CD4+ T cell
CNA_10xv2_2	TTCTCTCTGTGCTTGA	SNG	sampleB	10xv2	Cytotoxic T cell
CNA_10xv2_2	GCTGACCGATTTGTCT	SNG	sampleB	10xv2	B cell
CNA_10xv2_2	TGTGTAGTGAATACAG	SNG	sampleA	10xv2	CD4+ T cell
CNA_10xv2_2	CTGGTGGTGGCGGTTC	SNG	sampleB	10xv2	Cytotoxic T cell
CNA_10xv2_2	TTCGATGGATAAAGCA	SNG	sampleA	10xv2	Cytotoxic T cell
CNA_10xv2_2	TGAGAACCTTGCTGGC	SNG	sampleA	10xv2	CD4+ T cell
CNA_10xv2_2	CAGGGCTTGTCGGGCT	SNG	sampleB	10xv2	CD4+ T cell
CNA_10xv2_2	CCAACGGTGTTGCAGT	SNG	sampleB	10xv2	B cell
CNA_10xv2_2	AATGGCTACACACCGC_CTGGGACACGGCCAAA	SNG	sampleB	10xv2	Cytotoxic T cell
CNA_10xv2_2	TCAAGCAACATCATCG	SNG	sampleB	10xv2	Natural killer cell
CNA_10xv2_2	CCAGCTTTGTCTTTGT	SNG	sampleB	10xv2	Cytotoxic T cell
CNA_10xv2_2	CCGAGTCGATACCAAC	SNG	sampleB	10xv2	Dendritic cell
CNA_10xv2_2	TGTGGTAACGGCCTGT	SNG	sampleB	10xv2	Cytotoxic T cell
CNA_10xv2_2	ACGACGCTGGCCGTTG	SNG	sampleB	10xv2	Natural killer cell
CNA_10xv2_2	GTGTAACTGGGCCTGT	SNG	sampleB	10xv2	CD4+ T cell
CNA_10xv2_2	TACTAGCGAGCGCACT	SNG	sampleB	10xv2	Cytotoxic T cell
CNA_10xv2_2	GTCCTGACTATGTGGG	SNG	sampleA	10xv2	CD4+ T cell
CNA_10xv2_2	AGCTTCCACCTCACTC	SNG	sampleB	10xv2	CD4+ T cell
CNA_10xv2_2	CACCAGGTGGACTCGC	SNG	sampleB	10xv2	CD14+ monocyte
CNA_10xv2_2	TACCGCTACTACGATC	SNG	sampleA	10xv2	Cytotoxic T cell
CNA_10xv2_2	GAAGTATGATTCAGTG	SNG	sampleA	10xv2	CD16+ monocyte
CNA_10xv2_2	TTTACCATGCATGCTA	SNG	sampleB	10xv2	Cytotoxic T cell
CNA_10xv2_2	TCAGACCCTAGATTCC	SNG	sampleA	10xv2	CD4+ T cell
CNA_10xv2_2	CGAAATAGAAGGCGTA	SNG	sampleA	10xv2	Natural killer cell
CNA_10xv2_2	ATAAGACGACATGATC	SNG	sampleB	10xv2	Cytotoxic T cell
CNA_10xv2_2	CCACAGGTGCTGAGAG	SNG	sampleB	10xv2	Cytotoxic T cell
CNA_10xv2_2	CCTCACAACTGCGTGC	SNG	sampleA	10xv2	CD14+ monocyte
CNA_10xv2_2	ATACATCCTGCGAGTA	SNG	sampleA	10xv2	Natural killer cell
CNA_10xv2_2	ACACATCGACTATCTT	SNG	sampleB	10xv2	Cytotoxic T cell
CNA_10xv2_2	AGACTACTGCTTAGTG	SNG	sampleB	10xv2	CD4+ T cell
CNA_10xv2_2	TCGGGTTCTTAGGCGA	SNG	sampleA	10xv2	Cytotoxic T cell
CNA_10xv2_2	CACGATTGAGATGGAC	SNG	sampleA	10xv2	CD14+ monocyte
CNA_10xv2_2	GTTACAGTGCGGGTAA	SNG	sampleB	10xv2	B cell
CNA_10xv2_2	TGCAATGACTTCCATT	SNG	sampleB	10xv2	CD4+ T cell
CNA_10xv2_2	TGGAAGTCTCCGTGAC	SNG	sampleB	10xv2	Dendritic cell
CNA_10xv2_2	AGGACGCCTGAATAGT	SNG	sampleB	10xv2	CD14+ monocyte
CNA_10xv2_2	TCTATGGGACGACAAG	SNG	sampleA	10xv2	Natural killer cell
CNA_10xv2_2	TTCCACTCTGTGGTGA	SNG	sampleB	10xv2	CD14+ monocyte
CNA_10xv2_2	TGCGGGACTGGGATTG	SNG	sampleA	10xv2	CD4+ T cell
CNA_10xv2_2	AAATAGCGAAGGCATG	SNG	sampleB	10xv2	CD14+ monocyte
CNA_10xv2_2	TGTTTGTTGGAGCTGA	SNG	sampleA	10xv2	B cell
CNA_10xv2_2	CGATATGTGACGCCAC	SNG	sampleB	10xv2	CD16+ monocyte
CNA_10xv2_2	TACGTGAACCTAACGT	SNG	sampleB	10xv2	CD16+ monocyte
CNA_10xv2_2	TCCCACATGCGTACAT	SNG	sampleA	10xv2	CD4+ T cell
CNA_10xv2_2	AGGTGATCTCATCCTC	SNG	sampleB	10xv2	Cytotoxic T cell
CNA_10xv2_2	TTCAGTTACCAAGTTC	SNG	sampleA	10xv2	Natural killer cell
CNA_10xv2_2	CAAGTGGGATTTCGCC	SNG	sampleA	10xv2	CD4+ T cell
CNA_10xv2_2	TAGGGACGACTGGCAC	SNG	sampleB	10xv2	Natural killer cell
CNA_10xv2_2	TGACTCAGAACGTGCC	SNG	sampleB	10xv2	Cytotoxic T cell
CNA_10xv2_2	CCTAGCACTGCCACGT	SNG	sampleB	10xv2	Cytotoxic T cell
CNA_10xv2_2	GATCCAAACTGCGGCT	SNG	sampleA	10xv2	CD14+ monocyte
CNA_10xv2_2	CAGTAGTTGTTGCGTA	SNG	sampleA	10xv2	B cell
CNA_10xv2_2	ACTCAGAACACAGGCA	SNG	sampleB	10xv2	CD4+ T cell
CNA_10xv2_2	TCACTATTGCGAATCT	SNG	sampleB	10xv2	B cell
CNA_10xv2_2	CCGGGTATGATCCTTT	SNG	sampleA	10xv2	CD16+ monocyte
CNA_10xv2_2	CCTTTCTACACAGGCA	SNG	sampleB	10xv2	Natural killer cell
CNA_10xv2_2	TGAGGAGTGGAATTGA	SNG	sampleA	10xv2	CD4+ T cell
CNA_10xv2_2	TCAGTCCTGGCTGAGA	SNG	sampleA	10xv2	CD4+ T cell
CNA_10xv2_2	GTTGAAGCTGAATAGT	SNG	sampleB	10xv2	CD16+ monocyte
CNA_10xv2_2	GCTATGATGCTGTACA	SNG	sampleA	10xv2	CD4+ T cell
CNA_10xv2_2	GTAACTCGAGCCGCTA	SNG	sampleA	10xv2	CD14+ monocyte
CNA_10xv2_2	AATGATGGACGTACAT	SNG	sampleB	10xv2	Dendritic cell
CNA_10xv2_2	GCCATAATGTGGCATT	SNG	sampleB	10xv2	CD4+ T cell
CNA_10xv2_2	TGAGTAAGAAACGCAG	SNG	sampleA	10xv2	Cytotoxic T cell
CNA_10xv2_2	CCACATGCTAGGTAAT	SNG	sampleB	10xv2	B cell
CNA_10xv2_2	TCGTTGCTGACCTGCG	SNG	sampleA	10xv2	CD14+ monocyte
CNA_10xv2_2	CTACAACGAAGCAATA	SNG	sampleB	10xv2	B cell
CNA_10xv2_2	AAACAACGATTCCATT	SNG	sampleB	10xv2	B cell
CNA_10xv2_2	AGTCCCACTTAATCGC	SNG	sampleB	10xv2	B cell
CNA_10xv2_2	ATGGGAGTGCTGTACA	SNG	sampleB	10xv2	CD4+ T cell
CNA_10xv2_2	GTCGACCGAAATCTGC	SNG	sampleA	10xv2	CD14+ monocyte
CNA_10xv2_2	TGCTGCTACTCCTACC	SNG	sampleA	10xv2	Natural killer cell
CNA_10xv2_2	TGGATTGACAAACATG	SNG	sampleA	10xv2	Natural killer cell
CNA_10xv2_2	CTTAGATCTCTTAGTG	SNG	sampleA	10xv2	CD4+ T cell
CNA_10xv2_2	AGGGAGTTGTCGACAT_CGATATGTGTGCGTGC	SNG	sampleB	10xv2	B cell
CNA_10xv2_2	GTGTGATACTCATTGG	SNG	sampleB	10xv2	Natural killer cell
CNA_10xv2_2	ATCGGCGTGTGCATGT	SNG	sampleA	10xv2	B cell
CNA_10xv2_2	GCTGGAAGAATCGGTT	SNG	sampleA	10xv2	B cell
CNA_10xv2_2	CAAAGTAGAGCGTATT	SNG	sampleA	10xv2	CD14+ monocyte
CNA_10xv2_2	CAGCTCACTTCTGGAT	SNG	sampleB	10xv2	B cell
CNA_10xv2_2	CGTCTTGACATCGGTT	SNG	sampleA	10xv2	CD4+ T cell
CNA_10xv2_2	CAAGATAGAGGTTGAG	SNG	sampleB	10xv2	CD16+ monocyte
CNA_10xv2_2	GTGTGATACAGGCATG	SNG	sampleB	10xv2	Natural killer cell
CNA_10xv2_2	CCGTTCTGAGGAATTA	SNG	sampleA	10xv2	CD16+ monocyte
CNA_10xv2_2	CACTCTTCTTTGTACG	SNG	sampleA	10xv2	Dendritic cell
CNA_10xv2_2	CACTATTTGACCGTGC	SNG	sampleB	10xv2	B cell
CNA_10xv2_2	TAGTGCTGAGAGCCTC	SNG	sampleA	10xv2	CD14+ monocyte
CNA_10xv2_2	GCATAGTACCGACTAT	SNG	sampleB	10xv2	Cytotoxic T cell
CNA_10xv2_2	ATACCACGAGCTTCGG	SNG	sampleA	10xv2	CD14+ monocyte
CNA_10xv2_2	TCTACTCCTGCGCTGT	SNG	sampleA	10xv2	CD4+ T cell
CNA_10xv2_2	TAATGAGGACGATGGA	SNG	sampleB	10xv2	Cytotoxic T cell
CNA_10xv2_2	TGGACCTCTTCCTACC	SNG	sampleB	10xv2	CD4+ T cell
CNA_10xv2_2	ATGGGTACTCGGGTAA	SNG	sampleA	10xv2	B cell
CNA_10xv2_2	AATGTGCACGTTCTCC	SNG	sampleA	10xv2	Natural killer cell
CNA_10xv2_2	TGGATTGACCGGCACT	SNG	sampleA	10xv2	CD16+ monocyte
CNA_10xv2_2	GTAGTGGGAGATGGAC	SNG	sampleB	10xv2	Cytotoxic T cell
CNA_10xv2_2	TTCAGTTACTAATGCC	SNG	sampleA	10xv2	Natural killer cell
CNA_10xv2_2	CTACGTGCTTGACCTA	SNG	sampleA	10xv2	CD4+ T cell
CNA_10xv2_2	GAACGCGCTTGCTACA	SNG	sampleA	10xv2	Natural killer cell
CNA_10xv2_2	TCCATTTGAGCTGAGA	SNG	sampleB	10xv2	B cell
CNA_10xv2_2	CAGCTGTCTCAGGTGA	SNG	sampleA	10xv2	CD14+ monocyte
CNA_10xv2_2	TATCCATACCAGCACC	SNG	sampleB	10xv2	B cell
CNA_10xv2_2	AGACCATTGATAACCC	SNG	sampleB	10xv2	CD4+ T cell
CNA_10xv2_2	AACACTCGAACCCGGT	SNG	sampleB	10xv2	CD4+ T cell
CNA_10xv2_2	ATCGTTTACTGAAAGT	SNG	sampleA	10xv2	CD14+ monocyte
CNA_10xv2_2	TGCCACTTGACGTGCC	SNG	sampleB	10xv2	Cytotoxic T cell
CNA_10xv2_2	CCAGCTTTGACAGGCA	SNG	sampleA	10xv2	Natural killer cell
CNA_10xv2_2	GCGTTGTCTGGCAGTA	SNG	sampleA	10xv2	CD4+ T cell
CNA_10xv2_2	GTTGAAGCTACTCGAT	SNG	sampleB	10xv2	B cell
CNA_10xv2_2	AGATGGGTGCATGCAT	SNG	sampleA	10xv2	Natural killer cell
CNA_10xv2_2	TCCGTAAGATTCGGGC	SNG	sampleA	10xv2	CD4+ T cell
CNA_10xv2_2	AGCTCGGACTTGCAGT	SNG	sampleB	10xv2	CD4+ T cell
CNA_10xv2_2	CATCTGAGAGGACTGA	SNG	sampleA	10xv2	CD14+ monocyte
CNA_10xv2_2	TCTGAGCCTCAGCAAG	SNG	sampleA	10xv2	Natural killer cell
CNA_10xv2_2	TTGTATCTGAGTACGG	SNG	sampleA	10xv2	CD4+ T cell
CNA_10xv2_2	GCGTTCTACTTTCTGT	SNG	sampleA	10xv2	CD4+ T cell
CNA_10xv2_2	GAGCGATGAGCCAGCT	SNG	sampleA	10xv2	CD14+ monocyte
CNA_10xv2_2	CCACAACCTCCGTGAC	SNG	sampleB	10xv2	Cytotoxic T cell
CNA_10xv2_2	CGCGATCGAACAGGTG	SNG	sampleB	10xv2	CD14+ monocyte
CNA_10xv2_2	TCCTTAATGCCGCAGT	SNG	sampleB	10xv2	Cytotoxic T cell
CNA_10xv2_2	TGAGGTACTGCCCAAC	SNG	sampleB	10xv2	Dendritic cell
CNA_10xv2_2	ACCTCCAACTACAGAA	SNG	sampleA	10xv2	CD4+ T cell
CNA_10xv2_2	GGTTCCTTGCGACTAT	SNG	sampleA	10xv2	Natural killer cell
CNA_10xv2_2	GGATGGAACTGTGCTA	SNG	sampleB	10xv2	Natural killer cell
CNA_10xv2_2	TATTCCTGAACTCGAT	SNG	sampleB	10xv2	Cytotoxic T cell
CNA_10xv2_2	TACACTACTAAGTCTC	SNG	sampleA	10xv2	CD4+ T cell
CNA_10xv2_2	CCTAACGCTATCCGTA	SNG	sampleA	10xv2	CD4+ T cell
CNA_10xv2_2	GGTAGTTTGCGGAAGT	SNG	sampleA	10xv2	CD4+ T cell
CNA_10xv2_2	GGTATGACTCTCACTC	SNG	sampleA	10xv2	CD16+ monocyte
CNA_10xv2_2	TGGTAGGGACTAACGT	SNG	sampleB	10xv2	Cytotoxic T cell
CNA_10xv2_2	GCATCACCTCGGCACT	SNG	sampleA	10xv2	Natural killer cell
CNA_10xv2_2	ACACATCGACGACAAG	SNG	sampleB	10xv2	Dendritic cell
CNA_10xv2_2	GGTGAGATGCAATAGA	SNG	sampleA	10xv2	CD4+ T cell
CNA_10xv2_2	GTTGACTGAAGGTGCA	SNG	sampleB	10xv2	CD16+ monocyte
CNA_10xv2_2	CATGGATTGAACTAGA	SNG	sampleB	10xv2	CD4+ T cell
CNA_10xv2_2	AAATGCGCTCATGATC	SNG	sampleA	10xv2	CD4+ T cell
CNA_10xv2_2	TGGAGTTACACCTTGA	SNG	sampleB	10xv2	CD14+ monocyte
CNA_10xv2_2	CCCAATGCTTCTGTAG	SNG	sampleB	10xv2	CD16+ monocyte
CNA_10xv2_2	ATGCTCCTGGCGGTTC	SNG	sampleB	10xv2	B cell
CNA_10xv2_2	TCGCCTATGAGTGAGC	SNG	sampleA	10xv2	CD14+ monocyte
CNA_10xv2_2	CCGTACGGATAGACAA	SNG	sampleB	10xv2	Natural killer cell
CNA_10xv2_2	CAAGAAATGTCTGCAA	SNG	sampleA	10xv2	Natural killer cell
CNA_10xv2_2	TTCACGAGATGAACAA	SNG	sampleB	10xv2	Natural killer cell
CNA_10xv2_2	TGCCAAATGGAGTGAC	SNG	sampleB	10xv2	B cell
CNA_10xv2_2	TGTTTGTTGCCTCCTA	SNG	sampleA	10xv2	CD14+ monocyte
CNA_10xv2_2	CAACGCGTGCTCGATA	SNG	sampleB	10xv2	CD14+ monocyte
CNA_10xv2_2	ACTTGAGTGTCTTTGT	SNG	sampleB	10xv2	CD14+ monocyte
CNA_10xv2_2	GGGCTTCGAAGCAATA	SNG	sampleA	10xv2	CD4+ T cell
CNA_10xv2_2	CCAGCACGAGAACCTT	SNG	sampleA	10xv2	CD4+ T cell
CNA_10xv2_2	CAAACCATGGCGTATT	SNG	sampleA	10xv2	CD14+ monocyte
CNA_10xv2_2	GCACTTCTGGGACCAA	SNG	sampleB	10xv2	CD16+ monocyte
CNA_10xv2_2	ACCTGCTACGCTAGAG	SNG	sampleA	10xv2	CD4+ T cell
CNA_10xv2_2	ACAGTCATGTAAAGCA	SNG	sampleA	10xv2	Natural killer cell
CNA_10xv2_2	CGATACAACGTTGTCA_TTCCCTGGAGCGTATT	SNG	sampleB	10xv2	B cell
CNA_10xv2_2	AACCTATCTCTGGCAC	SNG	sampleB	10xv2	Cytotoxic T cell
CNA_10xv2_2	ATATTCGCTGCGCAAA	SNG	sampleB	10xv2	CD14+ monocyte
CNA_10xv2_2	CAACGAACTCCTCGTT	SNG	sampleA	10xv2	CD14+ monocyte
CNA_10xv2_2	CGTGTAATGCGATTGT	SNG	sampleB	10xv2	B cell
CNA_10xv2_2	ATAAGACGAAGTGGTG	SNG	sampleB	10xv2	Cytotoxic T cell
CNA_10xv2_2	GATAACCTGGCCCTTT	SNG	sampleB	10xv2	Cytotoxic T cell
CNA_10xv2_2	GATCGCGTGACGAGCA	SNG	sampleA	10xv2	CD4+ T cell
CNA_10xv2_2	AGATGTAGAACTAGGG	SNG	sampleB	10xv2	B cell
CNA_10xv2_2	CTCGAACCTGAATAGT	SNG	sampleB	10xv2	CD16+ monocyte
CNA_10xv2_2	GCCGAACTGCTCCTAC	SNG	sampleA	10xv2	CD14+ monocyte
CNA_10xv2_2	TTGTATCTGTCTGTAG	SNG	sampleB	10xv2	CD4+ T cell
CNA_10xv2_2	CTGAGCGTGTGACTCA	SNG	sampleB	10xv2	Natural killer cell
CNA_10xv2_2	TAGCTGATGTAGCAGG	SNG	sampleA	10xv2	CD4+ T cell
CNA_10xv2_2	CAAAGCTTGTGCTCAA	SNG	sampleB	10xv2	Cytotoxic T cell
CNA_10xv2_2	CATCTGAGAGGCCAAA	SNG	sampleB	10xv2	CD16+ monocyte
CNA_10xv2_2	GGTATTGACGCAGTTT	SNG	sampleA	10xv2	CD4+ T cell
CNA_10xv2_2	GTTATCACTCTCGATA	SNG	sampleA	10xv2	CD4+ T cell
CNA_10xv2_2	AGCTATCGAAGATTCC	SNG	sampleB	10xv2	Cytotoxic T cell
CNA_10xv2_2	CGAGTCTCTCATGCGC	SNG	sampleB	10xv2	CD16+ monocyte
CNA_10xv2_2	CGGTGTGTGCGAGGTA	SNG	sampleA	10xv2	CD16+ monocyte
CNA_10xv2_2	CGAAACGGACCGGCTA	SNG	sampleB	10xv2	Natural killer cell
CNA_10xv2_2	TGTATGCGATTCTGAG	SNG	sampleB	10xv2	Cytotoxic T cell
CNA_10xv2_2	AATGGCTACTCGTCAA	SNG	sampleB	10xv2	Natural killer cell
CNA_10xv2_2	CCCGACAGACTGTGCG	SNG	sampleB	10xv2	B cell
CNA_10xv2_2	GAACGCGCTACCGTTA	SNG	sampleB	10xv2	B cell
CNA_10xv2_2	CACAGCTCTAGTGGTG	SNG	sampleA	10xv2	CD4+ T cell
CNA_10xv2_2	CGTGTCTACTTGTGAC	SNG	sampleA	10xv2	CD4+ T cell
CNA_10xv2_2	ACGGGAATGTGGGCAA	SNG	sampleA	10xv2	Natural killer cell
CNA_10xv2_2	ACGGGTAGACAGCTGC	SNG	sampleB	10xv2	CD14+ monocyte
CNA_10xv2_2	CCACTTGTGCGCAAAG	SNG	sampleB	10xv2	B cell
CNA_10xv2_2	TGTACGATGTGGCATT	SNG	sampleB	10xv2	Cytotoxic T cell
CNA_10xv2_2	TAGCGTAACTTCTCGC	SNG	sampleB	10xv2	CD16+ monocyte
CNA_10xv2_2	ACTGCTAGAGATCCAT	SNG	sampleB	10xv2	B cell
CNA_10xv2_2	GGTTCATGATGTGCTA	SNG	sampleB	10xv2	CD4+ T cell
CNA_10xv2_2	ACTCCAGCTAGTACGG	SNG	sampleA	10xv2	Cytotoxic T cell
CNA_10xv2_2	AGCCTACCTGTCCCAG	SNG	sampleB	10xv2	CD16+ monocyte
CNA_10xv2_2	TTATCGACTCATTCAG	SNG	sampleB	10xv2	Cytotoxic T cell
CNA_10xv2_2	GCGTTCTACACCAAGG	SNG	sampleA	10xv2	Natural killer cell
CNA_10xv2_2	CCGAACTCTCGAGGTA	SNG	sampleA	10xv2	CD14+ monocyte
CNA_10xv2_2	GTCGATAACTGTCACA	SNG	sampleB	10xv2	Natural killer cell
CNA_10xv2_2	ATGCAACTGGATCCAT	SNG	sampleA	10xv2	CD14+ monocyte
CNA_10xv2_2	TCCTCATCTTAACTCG	SNG	sampleA	10xv2	CD4+ T cell
CNA_10xv2_2	ACTCCAGCTACTCGAT	SNG	sampleA	10xv2	Natural killer cell
CNA_10xv2_2	TATCCATACAGGGCTA	SNG	sampleA	10xv2	CD4+ T cell
CNA_10xv2_2	TGGACATACTCTGCAA	SNG	sampleB	10xv2	CD4+ T cell
CNA_10xv2_2	ATGGACTACAGGACAC	SNG	sampleB	10xv2	CD4+ T cell
CNA_10xv2_2	TGGACATACATCATCG	SNG	sampleB	10xv2	Cytotoxic T cell
CNA_10xv2_2	ACCTAGTGATGGGCAA	SNG	sampleB	10xv2	Cytotoxic T cell
CNA_10xv2_2	TGAGGAGTGGAGCTGA	SNG	sampleB	10xv2	Natural killer cell
CNA_10xv2_2	CAAGGGATGAAATCGA	SNG	sampleA	10xv2	CD16+ monocyte
CNA_10xv2_2	ACAGTTGACAGTACGG	SNG	sampleB	10xv2	CD14+ monocyte
CNA_10xv2_2	CCATAAGTGTTCAGTG	SNG	sampleB	10xv2	CD4+ T cell
CNA_10xv2_2	TCTTATGACTAACGGG	SNG	sampleB	10xv2	Dendritic cell
CNA_10xv2_2	TGGAACACTCCTGAGC	SNG	sampleB	10xv2	B cell
CNA_10xv2_2	TGACCTCACGCGGTAA	SNG	sampleA	10xv2	CD4+ T cell
CNA_10xv2_2	ACTTATCACCCACATA	SNG	sampleA	10xv2	CD14+ monocyte
CNA_10xv2_2	ATGACAAGACACAGTT	SNG	sampleA	10xv2	CD4+ T cell
CNA_10xv2_2	AGCTATCGACGGTACC	SNG	sampleA	10xv2	CD4+ T cell
CNA_10xv2_2	GGTACTCCTCGACATT	SNG	sampleA	10xv2	CD4+ T cell
CNA_10xv2_2	CCTCCCTTGGGTATGG	SNG	sampleB	10xv2	Cytotoxic T cell
CNA_10xv2_2	GTACTGCCTGGAATTA	SNG	sampleA	10xv2	CD4+ T cell
CNA_10xv2_2	AGCTCGGACCAACGCC	SNG	sampleA	10xv2	CD4+ T cell
CNA_10xv2_2	ATCGAGTTGAGTTGAA	SNG	sampleB	10xv2	CD4+ T cell
CNA_10xv2_2	CCATGATGATAGGCGA	SNG	sampleA	10xv2	CD4+ T cell
CNA_10xv2_2	CCGTTAAGAAACCAAA	SNG	sampleB	10xv2	CD16+ monocyte
CNA_10xv2_2	GTACATCGAATTGCCA	SNG	sampleB	10xv2	B cell
CNA_10xv2_2	TCCATGGCTGTCTTGA	SNG	sampleB	10xv2	CD14+ monocyte
CNA_10xv2_2	TGTTCTCCTCGATGTT	SNG	sampleB	10xv2	CD14+ monocyte
CNA_10xv2_2	AGTCGAACTTGGGCAA	SNG	sampleB	10xv2	Cytotoxic T cell
CNA_10xv2_2	ATGGCATTGCGGAAGT	SNG	sampleA	10xv2	Natural killer cell
CNA_10xv2_2	GGACCACTGCAGGGAT	SNG	sampleA	10xv2	CD4+ T cell
CNA_10xv2_2	TGGAATCACTCCAGCG	SNG	sampleB	10xv2	CD4+ T cell
CNA_10xv2_2	CCGTTAAGAACCGTTA	SNG	sampleB	10xv2	B cell
CNA_10xv2_2	CAATAGAGACGAAGCA	SNG	sampleA	10xv2	Natural killer cell
CNA_10xv2_2	CCATGATGACGAAGCA	SNG	sampleA	10xv2	CD14+ monocyte
CNA_10xv2_2	TACTGTTTGTAGCGAG	SNG	sampleB	10xv2	CD14+ monocyte
CNA_10xv2_2	CGGCTAGTGCGATGGA	SNG	sampleA	10xv2	CD14+ monocyte
CNA_10xv2_2	CAAGCAACTGATGGAC	SNG	sampleA	10xv2	CD16+ monocyte
CNA_10xv2_2	CCATCTGTGGGAATGC	SNG	sampleA	10xv2	CD4+ T cell
CNA_10xv2_2	GTCACGCGACCGATTA	SNG	sampleB	10xv2	CD14+ monocyte
CNA_10xv2_2	TTGGGTAACAAGACAT	SNG	sampleA	10xv2	Natural killer cell
CNA_10xv2_2	ATGGGACGACACTCAA	SNG	sampleA	10xv2	CD14+ monocyte
CNA_10xv2_2	AATCGGACTAATCCGT	SNG	sampleB	10xv2	CD4+ T cell
CNA_10xv2_2	CTAACTGGACAGGGTA	SNG	sampleA	10xv2	CD4+ T cell
CNA_10xv2_2	GAAGTTCTGCTGGCAC	SNG	sampleB	10xv2	Dendritic cell
CNA_10xv2_2	ACTGCTAGACAGCTGC	SNG	sampleB	10xv2	Cytotoxic T cell
CNA_10xv2_2	CACTTTATGTATCTGG	SNG	sampleB	10xv2	CD4+ T cell
CNA_10xv2_2	CACGAATTGGGCCTTG	SNG	sampleA	10xv2	CD4+ T cell
CNA_10xv2_2	TTGACGTGACCCGAGT	SNG	sampleA	10xv2	Cytotoxic T cell
CNA_10xv2_2	ACAGACTTGCTGGCAC	SNG	sampleB	10xv2	Cytotoxic T cell
CNA_10xv2_2	CGAGGACCTTTGCGTA	SNG	sampleB	10xv2	CD4+ T cell
CNA_10xv2_2	GAAGAATACGTACACT	SNG	sampleB	10xv2	B cell
CNA_10xv2_2	GTGTAACTGGCACGCT	SNG	sampleB	10xv2	Cytotoxic T cell
CNA_10xv2_2	GCATATCGATAAGTAG	SNG	sampleB	10xv2	CD16+ monocyte
CNA_10xv2_2	TTGTGCCTGCTGTACA	SNG	sampleB	10xv2	Cytotoxic T cell
CNA_10xv2_2	TACCCGTTGAGTAGGC	SNG	sampleA	10xv2	Natural killer cell
CNA_10xv2_2	GATAACCTGCTCTGGG	SNG	sampleA	10xv2	Natural killer cell
CNA_10xv2_2	GTTCCTGTGTGTTCCC	SNG	sampleB	10xv2	Cytotoxic T cell
CNA_10xv2_2	ACTACGCCTTTCGTTT	SNG	sampleA	10xv2	Natural killer cell
CNA_10xv2_2	CAGCCGATGGTCCCGA	SNG	sampleB	10xv2	Cytotoxic T cell
CNA_10xv2_2	GCCGACAACTGGTGAG	SNG	sampleB	10xv2	CD4+ T cell
CNA_10xv2_2	GTTAAGAGAGTCAATC	SNG	sampleB	10xv2	CD4+ T cell
CNA_10xv2_2	AGCTATGACGGTTGAG_CCCAATGCTGTCTTGA	SNG	sampleA	10xv2	CD4+ T cell
CNA_10xv2_2	TCGTAGAACGCGCAAA	SNG	sampleA	10xv2	CD4+ T cell
CNA_10xv2_2	AGGAGGTTGCGAGTTT	SNG	sampleA	10xv2	Natural killer cell
CNA_10xv2_2	CCACATGCTCTGGGTC	SNG	sampleA	10xv2	Natural killer cell
CNA_10xv2_2	TGGACCTCTTCTTTGT	SNG	sampleA	10xv2	Cytotoxic T cell
CNA_10xv2_2	CACTTTATGGGGTAGT	SNG	sampleB	10xv2	CD14+ monocyte
CNA_10xv2_2	CCTCTTGGACTACTCC_GTATTCTACAAGGCCA	SNG	sampleA	10xv2	Natural killer cell
CNA_10xv2_2	GCATCGCGAGCTTTGA	SNG	sampleA	10xv2	CD14+ monocyte
CNA_10xv2_2	TCGTAATCTTAATGCC	SNG	sampleB	10xv2	Cytotoxic T cell
CNA_10xv2_2	CTGGGACACTGACTCA	SNG	sampleB	10xv2	CD4+ T cell
CNA_10xv2_2	CGTAGTAACGCTAATC	SNG	sampleA	10xv2	CD4+ T cell
CNA_10xv2_2	TTGTCGAGATGCTGGC	SNG	sampleA	10xv2	B cell
CNA_10xv2_2	TGCGTCTACCAGCTGC	SNG	sampleB	10xv2	CD16+ monocyte
CNA_10xv2_2	AACGAACCTCCTACGG	SNG	sampleB	10xv2	Natural killer cell
CNA_10xv2_2	TAATGGGCTGATTAAG	SNG	sampleA	10xv2	CD4+ T cell
CNA_10xv2_2	GGGTAGAACCTTCACC	SNG	sampleB	10xv2	CD16+ monocyte
CNA_10xv2_2	TCCGTGTTGCCAAACT	SNG	sampleA	10xv2	CD14+ monocyte
CNA_10xv2_2	TGAGGGATGCTCATTT	SNG	sampleB	10xv2	CD4+ T cell
CNA_10xv2_2	TCATTGGGAGAATCTC	SNG	sampleA	10xv2	B cell
CNA_10xv2_2	ACCTCGTTGCGTAGAG	SNG	sampleA	10xv2	CD4+ T cell
CNA_10xv2_2	CCTAAGAACCATGCTA	SNG	sampleA	10xv2	CD14+ monocyte
CNA_10xv2_2	CTCTGACTGTATCTGG	SNG	sampleA	10xv2	Dendritic cell
CNA_10xv2_2	TGCGCATCTCGGTTGC	SNG	sampleB	10xv2	Cytotoxic T cell
CNA_10xv2_2	CAATGTGACCTTTAGG	SNG	sampleA	10xv2	CD4+ T cell
CNA_10xv2_2	ATCTCTAACGGGATTG	SNG	sampleA	10xv2	B cell
CNA_10xv2_2	TCCTTCACTGCGCACT	SNG	sampleA	10xv2	CD4+ T cell
CNA_10xv2_2	TCGTGAATGGTTAGGG	SNG	sampleB	10xv2	B cell
CNA_10xv2_2	TGTACGATGATCAGCT	SNG	sampleA	10xv2	CD4+ T cell
CNA_10xv2_2	CACGAATTGTTCTGGA	SNG	sampleA	10xv2	B cell
CNA_10xv2_2	CATGGATTGGCTGGCT	SNG	sampleA	10xv2	CD4+ T cell
CNA_10xv2_2	CCTCACATGACCATGT	SNG	sampleB	10xv2	CD14+ monocyte
CNA_10xv2_2	TGCTTGCACCGACTAT	SNG	sampleB	10xv2	B cell
CNA_10xv2_2	ACTTGAGTGGTGAGCA	SNG	sampleB	10xv2	CD4+ T cell
CNA_10xv2_2	AATAAGGACAGCAGGT	SNG	sampleB	10xv2	Dendritic cell
CNA_10xv2_2	CAGAGGCCTTCGTAGT	SNG	sampleA	10xv2	CD4+ T cell
CNA_10xv2_2	TCCATTTGACGACATT	SNG	sampleB	10xv2	Natural killer cell
CNA_10xv2_2	GCGAGAATGGTTAGTC	SNG	sampleB	10xv2	CD4+ T cell
CNA_10xv2_2	CGTACAAACCGGGTAA	SNG	sampleA	10xv2	Cytotoxic T cell
CNA_10xv2_2	TTACGTTACTCCAATG	SNG	sampleA	10xv2	CD4+ T cell
CNA_10xv2_2	CTAATCTTGGCTTTGA	SNG	sampleB	10xv2	Natural killer cell
CNA_10xv2_2	TACCACCTGAGTTGAA	SNG	sampleB	10xv2	CD14+ monocyte
CNA_10xv2_2	CCCTGAACTGCCCTAG	SNG	sampleB	10xv2	CD4+ T cell
CNA_10xv2_2	AAGCCATTGGCTAGAG	SNG	sampleB	10xv2	CD14+ monocyte
CNA_10xv2_2	GTTGATTCTTAGCAGG	SNG	sampleB	10xv2	CD14+ monocyte
CNA_10xv2_2	AGCCCAGACGCTACGC	SNG	sampleB	10xv2	CD4+ T cell
CNA_10xv2_2	GTCTAATCTTGCTGGC	SNG	sampleA	10xv2	CD4+ T cell
CNA_10xv2_2	CGCAAATACCGAAAGC	SNG	sampleB	10xv2	CD14+ monocyte
CNA_10xv2_2	GCCAATTGAGTTAGGG	SNG	sampleB	10xv2	B cell
CNA_10xv2_2	AACCCTCACTCTGGAT	SNG	sampleA	10xv2	Natural killer cell
CNA_10xv2_2	GCGGTTCGAATCATGC	SNG	sampleA	10xv2	CD14+ monocyte
CNA_10xv2_2	AAAGCGGACCAACGCC	SNG	sampleB	10xv2	B cell
CNA_10xv2_2	AACTCACGACATGATC	SNG	sampleB	10xv2	B cell
CNA_10xv2_2	CGTTTGCTGCTCACGG	SNG	sampleB	10xv2	B cell
CNA_10xv2_2	TATAGCCGAACGTGCC	SNG	sampleA	10xv2	Natural killer cell
CNA_10xv2_2	AGCTGATACGCTCCTT	SNG	sampleA	10xv2	Natural killer cell
CNA_10xv2_2	AGAACAATGGCTGTTA	SNG	sampleA	10xv2	Natural killer cell
CNA_10xv2_2	CCTTCTTTGGGTGCAA	SNG	sampleB	10xv2	CD4+ T cell
CNA_10xv2_2	AATGTGCTGGGTAGAC	SNG	sampleB	10xv2	CD4+ T cell
CNA_10xv2_2	AGCTTGTGATGAGTAA	SNG	sampleB	10xv2	CD14+ monocyte
CNA_10xv2_2	ACACACTGAGGCCTTG	SNG	sampleA	10xv2	CD4+ T cell
CNA_10xv2_2	CGAGGACCTTTCTCGC	SNG	sampleB	10xv2	CD14+ monocyte
CNA_10xv2_2	GCCGTTTACACCAGTT	SNG	sampleB	10xv2	CD14+ monocyte
CNA_10xv2_2	GGTAGCCTGGGTGTCC	SNG	sampleB	10xv2	CD16+ monocyte
CNA_10xv2_2	CGGTTGGACAAGTTCC	SNG	sampleB	10xv2	CD4+ T cell
CNA_10xv2_2	TCAGCGCGAGCAGGAT	SNG	sampleA	10xv2	CD14+ monocyte
CNA_10xv2_2	ACACTGCCTTCCTACC	SNG	sampleA	10xv2	CD14+ monocyte
CNA_10xv2_2	TTGTGGTGATCATTTC	SNG	sampleB	10xv2	CD16+ monocyte
CNA_10xv2_2	TACCGCTTGAGCAAGC	SNG	sampleA	10xv2	B cell
CNA_10xv2_2	TGGTTAGACGCCACGT	SNG	sampleB	10xv2	CD14+ monocyte
CNA_10xv2_2	GAAGTCTTGCGATTAC	SNG	sampleA	10xv2	CD14+ monocyte
CNA_10xv2_2	GCTTACCACAGCGCTC	SNG	sampleB	10xv2	CD4+ T cell
CNA_10xv2_2	CTTGCTGACAAGTTAG	SNG	sampleA	10xv2	CD4+ T cell
CNA_10xv2_2	CTCTATAACATCCTTT	SNG	sampleA	10xv2	CD4+ T cell
CNA_10xv2_2	GCTATACGAGTTAGGG	SNG	sampleB	10xv2	B cell
CNA_10xv2_2	GTACCCTTGTCGTAAC	SNG	sampleA	10xv2	CD4+ T cell
CNA_10xv2_2	TCGTATACTAGCAATA	SNG	sampleA	10xv2	CD14+ monocyte
CNA_10xv2_2	TCTGGTCACCCAACGC	SNG	sampleB	10xv2	CD16+ monocyte
CNA_10xv2_2	TTGGCGCGATAACTCG	SNG	sampleA	10xv2	B cell
CNA_10xv2_2	ACAATGCACACCGTTA	SNG	sampleA	10xv2	CD16+ monocyte
CNA_10xv2_2	CTGGTGGTGCATCCTC	SNG	sampleB	10xv2	Cytotoxic T cell
CNA_10xv2_2	AGAGGGACTGGATGGT	SNG	sampleA	10xv2	CD14+ monocyte
CNA_10xv2_2	TAACGCATGGAGCCTC	SNG	sampleA	10xv2	CD4+ T cell
CNA_10xv2_2	TGCATGCCTCTCGATA	SNG	sampleA	10xv2	Natural killer cell
CNA_10xv2_2	ATTCCTAACCATGATC	SNG	sampleB	10xv2	B cell
CNA_10xv2_2	TGGACTATGTTGACCA	SNG	sampleB	10xv2	CD14+ monocyte
CNA_10xv2_2	GGACCACTGGCTACGC	SNG	sampleB	10xv2	CD14+ monocyte
CNA_10xv2_2	GGTCTAAACCCAAACT	SNG	sampleA	10xv2	Natural killer cell
CNA_10xv2_2	TTGTACTACGAAACAT	SNG	sampleA	10xv2	CD14+ monocyte
CNA_10xv2_2	CTGGTGGTGCGGCACT	SNG	sampleB	10xv2	Dendritic cell
CNA_10xv2_2	GATCATGTGCAAGGTG	SNG	sampleA	10xv2	CD4+ T cell
CNA_10xv2_2	CCAGCACGAATCTGTG	SNG	sampleB	10xv2	CD14+ monocyte
CNA_10xv2_2	CATTCTATGACCGTTA	SNG	sampleA	10xv2	CD4+ T cell
CNA_10xv2_2	GTTTGAGACGCATGAG	SNG	sampleB	10xv2	B cell
CNA_10xv2_2	ATCGCAAACGCCCAAC	SNG	sampleA	10xv2	Cytotoxic T cell
CNA_10xv2_2	CTGCTAGCTACGTGCC	SNG	sampleB	10xv2	CD4+ T cell
CNA_10xv2_2	TGCTCGACTAGGTGCA	SNG	sampleB	10xv2	Cytotoxic T cell
CNA_10xv2_2	TCCTACCGAATTCTGG	SNG	sampleB	10xv2	B cell
CNA_10xv2_2	AGGGACATGTGCGTGC	SNG	sampleA	10xv2	CD4+ T cell
CNA_10xv2_2	ATGGCTATGCCAGAGA	SNG	sampleB	10xv2	CD4+ T cell
CNA_10xv2_2	GCGTGCTGATCGTAGT	SNG	sampleB	10xv2	Dendritic cell
CNA_10xv2_2	AGGTATAGAGGGTTCC	SNG	sampleA	10xv2	Cytotoxic T cell
CNA_10xv2_2	TGGTTTGGATTCGCAA	SNG	sampleB	10xv2	CD14+ monocyte
CNA_10xv2_2	GCATCCTTGATCATCG	SNG	sampleB	10xv2	B cell
CNA_10xv2_2	TCCTTGGTGAACGAAT	SNG	sampleA	10xv2	CD4+ T cell
CNA_10xv2_2	ACTTATCTGCCGCAGT	SNG	sampleA	10xv2	Natural killer cell
CNA_10xv2_2	CGATGATTGCCAAGTT	SNG	sampleA	10xv2	CD4+ T cell
CNA_10xv2_2	TCCCACATGGCGCACT	SNG	sampleA	10xv2	CD4+ T cell
CNA_10xv2_2	AACCCTCACGTTGTCA	SNG	sampleB	10xv2	Cytotoxic T cell
CNA_10xv2_2	TCCATTCCTCACAGTT	SNG	sampleB	10xv2	CD4+ T cell
CNA_10xv2_2	TACACGTGAAGGACCA	SNG	sampleB	10xv2	Natural killer cell
CNA_10xv2_2	CGGTCTACTATCACAC	SNG	sampleB	10xv2	Cytotoxic T cell
CNA_10xv2_2	CTCTGCAACCGCCACA	SNG	sampleA	10xv2	CD4+ T cell
CNA_10xv2_2	TGACTTGGAGGTTGAG	SNG	sampleB	10xv2	CD16+ monocyte
CNA_10xv2_2	GCAGACGCTAAAGGTT	SNG	sampleB	10xv2	Cytotoxic T cell
CNA_10xv2_2	TAGGGACGAGGGATTG	SNG	sampleA	10xv2	CD16+ monocyte
CNA_10xv2_2	GCTTACCACCTCACTC	SNG	sampleB	10xv2	CD16+ monocyte
CNA_10xv2_2	GGTCAGAGACTTCACC	SNG	sampleB	10xv2	CD4+ T cell
CNA_10xv2_2	TGATATCCTAGGACCA	SNG	sampleB	10xv2	Cytotoxic T cell
CNA_10xv2_2	GCATAGTACTGGCTGC	SNG	sampleA	10xv2	CD4+ T cell
CNA_10xv2_2	AACCTATCTCAGCACC	SNG	sampleB	10xv2	CD4+ T cell
CNA_10xv2_2	CCGAGACACGAATAGT	SNG	sampleB	10xv2	Cytotoxic T cell
CNA_10xv2_2	ACGATCATGATCTGTG	SNG	sampleA	10xv2	B cell
CNA_10xv2_2	CGTGCAGACCAGTCCG	SNG	sampleA	10xv2	Cytotoxic T cell
CNA_10xv2_2	CATTTGTACTGGTCCG	SNG	sampleB	10xv2	CD4+ T cell
CNA_10xv2_2	TTCTCTCTGGTTAGTC	SNG	sampleB	10xv2	CD16+ monocyte
CNA_10xv2_2	CGTAATCGATCGTAGT	SNG	sampleB	10xv2	Cytotoxic T cell
CNA_10xv2_2	ACAATGCACTTGCAGT	SNG	sampleB	10xv2	CD16+ monocyte
CNA_10xv2_2	AGATGTAGAGAGAGGG	SNG	sampleB	10xv2	Natural killer cell
CNA_10xv2_2	GGCACAAGAAGGCGTA	SNG	sampleB	10xv2	Cytotoxic T cell
CNA_10xv2_2	TGCATGCCTTACAGAA	SNG	sampleA	10xv2	Natural killer cell
CNA_10xv2_2	TTACGTTACTGATCAC	SNG	sampleA	10xv2	Cytotoxic T cell
CNA_10xv2_2	GTAAACAGATGCTGGC	SNG	sampleA	10xv2	CD4+ T cell
CNA_10xv2_2	TACCTCGACTAGCTTG	SNG	sampleA	10xv2	CD14+ monocyte
CNA_10xv2_2	CGACCAGACGTTGACT	SNG	sampleB	10xv2	CD4+ T cell
CNA_10xv2_2	TCAAATCCTCAGACCC	SNG	sampleB	10xv2	Cytotoxic T cell
CNA_10xv2_2	TACCTTCCTTCTGGAT	SNG	sampleA	10xv2	B cell
CNA_10xv2_2	GGCGTGACTTACGTTG	SNG	sampleA	10xv2	Natural killer cell
CNA_10xv2_2	TTCCCGAACAGGACCA	SNG	sampleB	10xv2	CD14+ monocyte
CNA_10xv2_2	AATTGCCGATTTGGGT	SNG	sampleB	10xv2	B cell
CNA_10xv2_2	ATAGAACGAAATCGCT	SNG	sampleB	10xv2	Cytotoxic T cell
CNA_10xv2_2	TGTTACTTGCCTAACA	SNG	sampleB	10xv2	Cytotoxic T cell
CNA_10xv2_2	CGTAGCTCTAGGGAGG	SNG	sampleA	10xv2	Natural killer cell
CNA_10xv2_2	TTGGTATCTTTACGCA	SNG	sampleA	10xv2	Natural killer cell
CNA_10xv2_2	CTACCTGTGACGTAAA	SNG	sampleA	10xv2	Cytotoxic T cell
CNA_10xv2_2	ATTGAGAGACTCATTT_GCGAGAATGTTAGCTG	SNG	sampleA	10xv2	CD4+ T cell
CNA_10xv2_2	GGAACATCTATTAAGG	SNG	sampleB	10xv2	Cytotoxic T cell
CNA_10xv2_2	CAGTGGAGATCTTTGT_TTTGACGGAGGGACTA	SNG	sampleB	10xv2	CD16+ monocyte
CNA_10xv2_2	ATACCACGATGGGCCT	SNG	sampleA	10xv2	CD4+ T cell
CNA_10xv2_2	ACAGTTGACTGCAAGG	SNG	sampleB	10xv2	CD4+ T cell
CNA_10xv2_2	CAATAGAGAAGCTTGT	SNG	sampleA	10xv2	CD4+ T cell
CNA_10xv2_2	TGAGACTTGTGCATGT	SNG	sampleB	10xv2	CD4+ T cell
CNA_10xv2_2	TGCCACTTGCCGTTAA	SNG	sampleA	10xv2	CD4+ T cell
CNA_10xv2_2	TCCAAAGTGCTCATCC	SNG	sampleB	10xv2	B cell
CNA_10xv2_2	TTAGCGATGAGGTGCA	SNG	sampleA	10xv2	Natural killer cell
CNA_10xv2_2	CATTTGTACGGAATTA	SNG	sampleB	10xv2	CD14+ monocyte
CNA_10xv2_2	GGCTGACTGCCTATCC	SNG	sampleB	10xv2	CD4+ T cell
CNA_10xv2_2	ACTGGGCACCAGGTGA	SNG	sampleB	10xv2	CD16+ monocyte
CNA_10xv2_2	GATGAATGACCAACGC	SNG	sampleB	10xv2	Cytotoxic T cell
CNA_10xv2_2	TTTATCCGAGCTCCTT	SNG	sampleB	10xv2	CD14+ monocyte
CNA_10xv2_2	GGCAGTAGATTGACCA	SNG	sampleB	10xv2	CD4+ T cell
CNA_10xv2_2	GAGAGGTTGTACTTTC	SNG	sampleA	10xv2	CD4+ T cell
CNA_10xv2_2	GCTTACCACGGGTAGT	SNG	sampleB	10xv2	CD4+ T cell
CNA_10xv2_2	CGACCTGGAGGATGGT	SNG	sampleB	10xv2	Natural killer cell
CNA_10xv2_2	CCCAGAGACGCTGAGA	SNG	sampleB	10xv2	B cell
CNA_10xv2_2	AAGTTTCCTACACCTA	SNG	sampleB	10xv2	Cytotoxic T cell
CNA_10xv2_2	AGAACCTTGAGAGGCT	SNG	sampleA	10xv2	CD4+ T cell
CNA_10xv2_2	AGCTTCCACTACACTG	SNG	sampleA	10xv2	CD4+ T cell
CNA_10xv2_2	ATAGGGTCTCAGACCC	SNG	sampleA	10xv2	B cell
CNA_10xv2_2	CATCAGTGATGATCAC	SNG	sampleA	10xv2	CD16+ monocyte
CNA_10xv2_2	CGTTATGGAAAGGTGC	SNG	sampleB	10xv2	Natural killer cell
CNA_10xv2_2	TATGGGTACCATGCTA	SNG	sampleA	10xv2	B cell
CNA_10xv2_2	AGGTCGCACGTTAGAA	SNG	sampleB	10xv2	Natural killer cell
CNA_10xv2_2	TTCTTAGACATCATCG	SNG	sampleB	10xv2	Dendritic cell
CNA_10xv2_2	CAACAACACAGTACGG	SNG	sampleB	10xv2	B cell
CNA_10xv2_2	GCCAATTGAAGGCGTA	SNG	sampleA	10xv2	CD4+ T cell
CNA_10xv2_2	GGATTTGACAGGTGAC	SNG	sampleB	10xv2	CD4+ T cell
CNA_10xv2_2	CAACACCCTGGCCTTG	SNG	sampleA	10xv2	CD4+ T cell
CNA_10xv2_2	CTACCTGTGTGAGTAA	SNG	sampleB	10xv2	B cell
CNA_10xv2_2	GAGGTTGGACCAGAGA	SNG	sampleA	10xv2	Natural killer cell
CNA_10xv2_2	CACCGTTACATTGGTC	SNG	sampleA	10xv2	Natural killer cell
CNA_10xv2_2	CATTAGTCTCCGATTA	SNG	sampleA	10xv2	CD4+ T cell
CNA_10xv2_2	AATGGTGCTTTCTCGC	SNG	sampleB	10xv2	Natural killer cell
CNA_10xv2_2	AGAATGTGACGGCACT_AGATGGGTGAGGTGCA	SNG	sampleA	10xv2	CD4+ T cell
CNA_10xv2_2	CGCTTCAACCGATGTT	SNG	sampleB	10xv2	CD14+ monocyte
CNA_10xv2_2	AAGAATGTGTACACTG	SNG	sampleB	10xv2	CD4+ T cell
CNA_10xv2_2	TTCCAAACTCTTTAGG	SNG	sampleB	10xv2	Cytotoxic T cell
CNA_10xv2_2	GCGTCTTTGAGCCTAT	SNG	sampleB	10xv2	CD4+ T cell
CNA_10xv2_2	CCATAAGTGTTGACAC	SNG	sampleA	10xv2	CD4+ T cell
CNA_10xv2_2	CGAGTCTCTACGCGAA	SNG	sampleA	10xv2	CD14+ monocyte
CNA_10xv2_2	AAGTCTTCTCGAAGCA	SNG	sampleB	10xv2	CD14+ monocyte
CNA_10xv2_2	CAACGAACTCGATGGA	SNG	sampleA	10xv2	CD4+ T cell
CNA_10xv2_2	TCTCAGAGAGTTCTCC	SNG	sampleA	10xv2	B cell
CNA_10xv2_2	TACCTCGACTTGCGTA	SNG	sampleB	10xv2	CD14+ monocyte
CNA_10xv2_2	TGAAAGAACTCGGGCT	SNG	sampleA	10xv2	Natural killer cell
CNA_10xv2_2	CGATATTCTCGTTAGT	SNG	sampleA	10xv2	CD4+ T cell
CNA_10xv2_2	TGTGTAGTGCTTAGTG	SNG	sampleB	10xv2	Natural killer cell
CNA_10xv2_2	CTGCGACGAGAGCTGA	SNG	sampleA	10xv2	Natural killer cell
CNA_10xv2_2	GCACTCACTCAAGGTG_TTTGACGGAATGTCCA	SNG	sampleB	10xv2	Dendritic cell
CNA_10xv2_2	AGGAACCGAGCGCACT	SNG	sampleB	10xv2	Cytotoxic T cell
CNA_10xv2_2	ATGGACTACCATGCAT	SNG	sampleA	10xv2	Natural killer cell
CNA_10xv2_2	AGGTAGGTGCGGAATG	SNG	sampleA	10xv2	CD14+ monocyte
CNA_10xv2_2	CGTTACCTGGGGTAGT	SNG	sampleB	10xv2	CD4+ T cell
CNA_10xv2_2	AATGTGCACCGGAAGT	SNG	sampleB	10xv2	Cytotoxic T cell
CNA_10xv2_2	TCGGGTTCTAACGAAT	SNG	sampleA	10xv2	Natural killer cell
CNA_10xv2_2	TTCACGAGACACCTAA	SNG	sampleA	10xv2	B cell
CNA_10xv2_2	GATCATGTGCTCTGGG	SNG	sampleB	10xv2	CD14+ monocyte
CNA_10xv2_2	TATGGGTACGTACACT	SNG	sampleA	10xv2	CD16+ monocyte
CNA_10xv2_2	ATTCCAGGACACAGTT	SNG	sampleB	10xv2	Cytotoxic T cell
CNA_10xv2_2	GTTGTTGGATGCGTGC	SNG	sampleB	10xv2	CD14+ monocyte
CNA_10xv2_2	GCTGAATTGCGGGTAA	SNG	sampleB	10xv2	Cytotoxic T cell
CNA_10xv2_2	GGTTCACCTCTTAGTG	SNG	sampleB	10xv2	Dendritic cell
CNA_10xv2_2	CGGAATTTGCACAGTT	SNG	sampleB	10xv2	Cytotoxic T cell
CNA_10xv2_2	AGGAACCGAATCATCG	SNG	sampleB	10xv2	CD4+ T cell
CNA_10xv2_2	CATTCCTCTATAACCC	SNG	sampleB	10xv2	Cytotoxic T cell
CNA_10xv2_2	ACGTAGGGAAATCCTG	SNG	sampleA	10xv2	Natural killer cell
CNA_10xv2_2	AGACGCAGAGAATAGT	SNG	sampleA	10xv2	Cytotoxic T cell
CNA_10xv2_2	AAGTGACCTTAATCGC	SNG	sampleB	10xv2	Cytotoxic T cell
CNA_10xv2_2	AGTTTGCGACTCCTAC	SNG	sampleB	10xv2	CD4+ T cell
CNA_10xv2_2	TAGTTGCGAGCGAGTA	SNG	sampleA	10xv2	CD4+ T cell
CNA_10xv2_2	AACGAACCTCGTTAGT	SNG	sampleA	10xv2	CD14+ monocyte
CNA_10xv2_2	AGCCTACCTTCGTCAA	SNG	sampleA	10xv2	Natural killer cell
CNA_10xv2_2	TCTGAGCCTTGGTGAG	SNG	sampleB	10xv2	B cell
CNA_10xv2_2	CAGTATTCTAGCTTGT_TCTTATGACGAATGTA	SNG	sampleA	10xv2	CD14+ monocyte
CNA_10xv2_2	GAAGCAGTGGCCGCTA	SNG	sampleA	10xv2	Natural killer cell
CNA_10xv2_2	TGCGAGGCTTAATAGG	SNG	sampleA	10xv2	Cytotoxic T cell
CNA_10xv2_2	CAAAGACCTCTCACGG	SNG	sampleA	10xv2	CD4+ T cell
CNA_10xv2_2	CACTATACTGACATAA	SNG	sampleA	10xv2	Cytotoxic T cell
CNA_10xv2_2	CAGTTGATGCCACATA	SNG	sampleB	10xv2	Cytotoxic T cell
CNA_10xv2_2	CAGATGACTGCTGGCT	SNG	sampleB	10xv2	CD14+ monocyte
CNA_10xv2_2	TCACCTGACCGCAAAG	SNG	sampleB	10xv2	Natural killer cell
CNA_10xv2_2	GGTAGCCTGCTCATTT	SNG	sampleB	10xv2	Natural killer cell
CNA_10xv2_2	AGCCGAGCTGTCTGGC	SNG	sampleB	10xv2	CD4+ T cell
CNA_10xv2_2	CAAAGGGACTCATGCA	SNG	sampleA	10xv2	Natural killer cell
CNA_10xv2_2	TGATATCCTCGATGTT	SNG	sampleB	10xv2	CD4+ T cell
CNA_10xv2_2	TGTACTGGAGACTCGC	SNG	sampleB	10xv2	CD14+ monocyte
CNA_10xv2_2	TTGTCGAGATTATGGC	SNG	sampleA	10xv2	CD4+ T cell
CNA_10xv2_2	AAGGCTTACCGGTTGC	SNG	sampleA	10xv2	CD14+ monocyte
CNA_10xv2_2	GGACACAGATAATAGG	SNG	sampleB	10xv2	Cytotoxic T cell
CNA_10xv2_2	CAAGCAACTAATCCGT	SNG	sampleB	10xv2	Natural killer cell
CNA_10xv2_2	CTTTAACTGCCGGACT	SNG	sampleB	10xv2	Cytotoxic T cell
CNA_10xv2_2	CATGTTACTGGACAGT	SNG	sampleB	10xv2	Natural killer cell
CNA_10xv2_2	ACGTGGCTGCCGATTA	SNG	sampleA	10xv2	Natural killer cell
CNA_10xv2_2	TGCGAATACGTTAGTC	SNG	sampleB	10xv2	CD4+ T cell
CNA_10xv2_2	AACGTCCCTCTTCACC	SNG	sampleB	10xv2	CD4+ T cell
CNA_10xv2_2	CCGGGAACTATAACCC	SNG	sampleA	10xv2	Natural killer cell
CNA_10xv2_2	AAGTGACCTCAAGTTC	SNG	sampleA	10xv2	CD14+ monocyte
CNA_10xv2_2	GTTTCATTGGCGTATT	SNG	sampleA	10xv2	CD16+ monocyte
CNA_10xv2_2	AGAATCCACCGCTCGA	SNG	sampleA	10xv2	CD4+ T cell
CNA_10xv2_2	AAGCATCACCGCTCGA	SNG	sampleB	10xv2	Cytotoxic T cell
CNA_10xv2_2	AAGACGGTGACACCTA	SNG	sampleA	10xv2	Cytotoxic T cell
CNA_10xv2_2	GGATGGAACACCCGGT	SNG	sampleA	10xv2	CD4+ T cell
CNA_10xv2_2	GCTTCTCGATGTTCCC	SNG	sampleB	10xv2	CD4+ T cell
CNA_10xv2_2	TATTGCTTGGGGTAGT	SNG	sampleB	10xv2	Cytotoxic T cell
CNA_10xv2_2	TTGTGCCTGTCTTTGT	SNG	sampleA	10xv2	CD4+ T cell
CNA_10xv2_2	GCTATGATGATCGGTT	SNG	sampleB	10xv2	Dendritic cell
CNA_10xv2_2	AGGGAGTTGCGATTAC	SNG	sampleB	10xv2	Cytotoxic T cell
CNA_10xv2_2	GCTACGGACTCCCGTT	SNG	sampleB	10xv2	CD4+ T cell
CNA_10xv2_2	CTTTCTGCTACAGATA	SNG	sampleB	10xv2	Cytotoxic T cell
CNA_10xv2_2	AGGTCGAGATCGTACA	SNG	sampleB	10xv2	B cell
CNA_10xv2_2	CTCTCTGGATAGCTTG	SNG	sampleA	10xv2	Natural killer cell
CNA_10xv2_2	ACTTGCCTGGAACATA	SNG	sampleB	10xv2	Cytotoxic T cell
CNA_10xv2_2	AGGTCGCACGAACCTT	SNG	sampleA	10xv2	CD14+ monocyte
CNA_10xv2_2	CATGGATTGTAGGTTC	SNG	sampleB	10xv2	CD14+ monocyte
CNA_10xv2_2	AGGAGGTTGGAATCTC	SNG	sampleB	10xv2	Natural killer cell
CNA_10xv2_2	GAAGTCTTGCCTTTGC	SNG	sampleB	10xv2	Cytotoxic T cell
CNA_10xv2_2	GTTAGTTCTTGGAACG	SNG	sampleA	10xv2	CD4+ T cell
CNA_10xv2_2	GAACTAGCTTGAGCAG	SNG	sampleB	10xv2	CD4+ T cell
CNA_10xv2_2	ATACAGGCTAAGGCCA	SNG	sampleA	10xv2	Natural killer cell
CNA_10xv2_2	AATTACCCTGAGTAAT	SNG	sampleA	10xv2	CD16+ monocyte
CNA_10xv2_2	CCACAACCTCAGTCTA	SNG	sampleB	10xv2	CD4+ T cell
CNA_10xv2_2	AACGCGAGAATGTGGG	SNG	sampleB	10xv2	CD14+ monocyte
CNA_10xv2_2	ATGTGTGTGTGGTCCG	SNG	sampleA	10xv2	CD4+ T cell
CNA_10xv2_2	CTGTGCACTGGACAGT	SNG	sampleB	10xv2	Natural killer cell
CNA_10xv2_2	CCAACACCTCAAGTTC	SNG	sampleB	10xv2	Cytotoxic T cell
CNA_10xv2_2	TGTAGACACCGAACGA	SNG	sampleA	10xv2	CD4+ T cell
CNA_10xv2_2	GGGTGAAACACCTGCG	SNG	sampleA	10xv2	CD4+ T cell
CNA_10xv2_2	GCAAATCTGCAGGGAT	SNG	sampleB	10xv2	CD4+ T cell
CNA_10xv2_2	TACTAGCGACCAAACT	SNG	sampleB	10xv2	CD16+ monocyte
CNA_10xv2_2	TGGTTAGACATCAGCT	SNG	sampleA	10xv2	CD4+ T cell
CNA_10xv2_2	CGGTCGATGCTCATTT	SNG	sampleA	10xv2	CD4+ T cell
CNA_10xv2_2	TGACTCAGACGTAACT	SNG	sampleB	10xv2	B cell
CNA_10xv2_2	TTGGTCCACTGAGGCA	SNG	sampleA	10xv2	Natural killer cell
CNA_10xv2_2	CATGGAGGAACGCGAA	SNG	sampleB	10xv2	B cell
CNA_10xv2_2	TACCGACCTCGAGTTT	SNG	sampleA	10xv2	Dendritic cell
CNA_10xv2_2	AACGAGGTGACCAAGG	SNG	sampleA	10xv2	Natural killer cell
CNA_10xv2_2	CAATCGCCTCCTAACA	SNG	sampleB	10xv2	Natural killer cell
CNA_10xv2_2	CAATCAGACTAAGCAA	SNG	sampleB	10xv2	Cytotoxic T cell
CNA_10xv2_2	TTGCGATGAGCGAGTA	SNG	sampleB	10xv2	Dendritic cell
CNA_10xv2_2	TACACTACTCGAATCT	SNG	sampleB	10xv2	CD4+ T cell
CNA_10xv2_2	CCTTCCAGACGAGGTA	SNG	sampleA	10xv2	CD4+ T cell
CNA_10xv2_2	CCGGGAACTTGGGCCT	SNG	sampleA	10xv2	Natural killer cell
CNA_10xv2_2	ATCGTTTACAGCAGGT	SNG	sampleB	10xv2	Cytotoxic T cell
CNA_10xv2_2	TGGAGTTACGACTCGC	SNG	sampleB	10xv2	Cytotoxic T cell
CNA_10xv2_2	CAGGCGACTAATGCTC	SNG	sampleA	10xv2	Dendritic cell
CNA_10xv2_2	CCATAAGTGAAAGGTT	SNG	sampleB	10xv2	Cytotoxic T cell
CNA_10xv2_2	GCTTTCCGACTGAGAG	SNG	sampleB	10xv2	Cytotoxic T cell
CNA_10xv2_2	GCGTTCTACATGTCAC	SNG	sampleB	10xv2	CD4+ T cell
CNA_10xv2_2	AAATGCGCTGCCCAAC	SNG	sampleA	10xv2	CD4+ T cell
CNA_10xv2_2	TCCGTTGTGCGAATCT	SNG	sampleB	10xv2	Cytotoxic T cell
CNA_10xv2_2	TTCCCAGACTAGGAGC	SNG	sampleB	10xv2	CD4+ T cell
CNA_10xv2_2	AAGCGCCACCATGATC	SNG	sampleB	10xv2	CD4+ T cell
CNA_10xv2_2	AAATGCGCTAGTCGGA_TGTGGCTCTGGTAGAC	SNG	sampleB	10xv2	CD4+ T cell
CNA_10xv2_2	CCGTTAAGAAATAGCA_CGACGACACCAGGCCT	SNG	sampleB	10xv2	Cytotoxic T cell
CNA_10xv2_2	GGAGTTACTGAAGGCT	SNG	sampleB	10xv2	CD4+ T cell
CNA_10xv2_2	TGGCAATTGTGAGCAG	SNG	sampleB	10xv2	CD4+ T cell
CNA_10xv2_2	CCGGGAACTACACCTA	SNG	sampleB	10xv2	CD4+ T cell
CNA_10xv2_2	GGGCAATGACCCGCAA	SNG	sampleB	10xv2	CD14+ monocyte
CNA_10xv2_2	GTTCTGGCTCGAGTGA	SNG	sampleB	10xv2	CD4+ T cell
CNA_10xv2_2	TGCAATGTGTTCGCAA	SNG	sampleB	10xv2	CD4+ T cell
CNA_10xv2_2	ACGTTCAGATCGTAAC	SNG	sampleB	10xv2	CD14+ monocyte
CNA_10xv2_2	ATCTCTTGAGGAGTCA	SNG	sampleA	10xv2	Dendritic cell
CNA_10xv2_2	GTACCCTTGCGAGTTT	SNG	sampleA	10xv2	CD4+ T cell
CNA_10xv2_2	GTAGGTTTGAACGTTC	SNG	sampleB	10xv2	Dendritic cell
CNA_10xv2_2	TGTTACTTGAGGCATG	SNG	sampleB	10xv2	CD4+ T cell
CNA_10xv2_2	TTGTTAGCTTCGTACA	SNG	sampleB	10xv2	CD4+ T cell
CNA_10xv2_2	AAACCGTACTCATTTC	SNG	sampleB	10xv2	CD4+ T cell
CNA_10xv2_2	ACGTCCACTTAATGCC	SNG	sampleA	10xv2	Natural killer cell
CNA_10xv2_2	CCATCCATGGAATGTA	SNG	sampleB	10xv2	Natural killer cell
CNA_10xv2_2	TACGTGTGATTCCATT	SNG	sampleA	10xv2	Natural killer cell
CNA_10xv2_2	AGTGTTCGATGGCATT	SNG	sampleA	10xv2	CD4+ T cell
CNA_10xv2_2	AAGGCTTACGTGGTGA	SNG	sampleB	10xv2	CD4+ T cell
CNA_10xv2_2	TGCGACGACTCCAATG	SNG	sampleB	10xv2	CD4+ T cell
CNA_10xv2_2	CATCGCGGAGGACCTC	SNG	sampleA	10xv2	CD14+ monocyte
CNA_10xv2_2	AATCACCGATAGACAA	SNG	sampleA	10xv2	CD4+ T cell
CNA_10xv2_2	GTGGCTGTGAGCCCTG	SNG	sampleB	10xv2	Cytotoxic T cell
CNA_10xv2_2	CTAGGGCACTAAAGCA	SNG	sampleA	10xv2	CD4+ T cell
CNA_10xv2_2	CCCGAGTGAGAACAGC	SNG	sampleA	10xv2	CD4+ T cell
CNA_10xv2_2	GCTAGATACGACAAAT	SNG	sampleA	10xv2	CD4+ T cell
CNA_10xv2_2	AGCTCTGCTTCCAATG	SNG	sampleA	10xv2	CD4+ T cell
CNA_10xv2_2	AACACTCGAGGACCTC	SNG	sampleB	10xv2	Dendritic cell
CNA_10xv2_2	GCGTAAACTGGTGTCC	SNG	sampleA	10xv2	CD4+ T cell
CNA_10xv2_2	TGGTTAGACCCGTGAC	SNG	sampleA	10xv2	B cell
CNA_10xv2_2	CCCAATGCTTTGGCGC	SNG	sampleA	10xv2	B cell
CNA_10xv2_2	TAAGCCAACGACAAAT	SNG	sampleA	10xv2	Cytotoxic T cell
CNA_10xv2_2	CAACCCTACAGTGGTG	SNG	sampleB	10xv2	Cytotoxic T cell
CNA_10xv2_2	GCTTTAGGACGAAAGC	SNG	sampleB	10xv2	CD4+ T cell
CNA_10xv2_2	TATTCAGCTAAAGTAC	SNG	sampleB	10xv2	B cell
CNA_10xv2_2	TAGCTTTACCTGCGGT	SNG	sampleB	10xv2	CD14+ monocyte
CNA_10xv2_2	CAACAACACAATCCGT	SNG	sampleB	10xv2	Cytotoxic T cell
CNA_10xv2_2	TAAGCACACTCCCAGG	SNG	sampleA	10xv2	Natural killer cell
CNA_10xv2_2	GCATCGCGAAACGTAA	SNG	sampleA	10xv2	CD4+ T cell
CNA_10xv2_2	TCGAAGTACTCCTACC	SNG	sampleA	10xv2	CD14+ monocyte
CNA_10xv2_2	TCGACTAGACTGGGTC	SNG	sampleB	10xv2	Cytotoxic T cell
CNA_10xv2_2	GGTACCTCTGATTAAG	SNG	sampleB	10xv2	Cytotoxic T cell
CNA_10xv2_2	GCGTAAGGACCTCAAA	SNG	sampleA	10xv2	CD4+ T cell
CNA_10xv2_2	GGCGTTTCTGTCCCGA	SNG	sampleB	10xv2	CD4+ T cell
CNA_10xv2_2	CCTCCCTTGGGACTGA	SNG	sampleA	10xv2	Cytotoxic T cell
CNA_10xv2_2	CTCAGCACTGAAACAT	SNG	sampleA	10xv2	CD4+ T cell
CNA_10xv2_2	CGGACGTTGGTCTGGC	SNG	sampleB	10xv2	Cytotoxic T cell
CNA_10xv2_2	TCCTTCACTCTTAAGC	SNG	sampleB	10xv2	Cytotoxic T cell
CNA_10xv2_2	CAAACCATGGTACGTT	SNG	sampleA	10xv2	CD4+ T cell
CNA_10xv2_2	ATGGGAGTGGTACGTT	SNG	sampleB	10xv2	CD4+ T cell
CNA_10xv2_2	CAGATACTGAGGTCCC	SNG	sampleA	10xv2	CD4+ T cell
CNA_10xv2_2	AGGGACCCTGCCGTTG	SNG	sampleA	10xv2	Dendritic cell
CNA_10xv2_2	TGGACTATGCATGCTA	SNG	sampleB	10xv2	B cell
CNA_10xv2_2	GGCTTCTACTCCCGTT	SNG	sampleA	10xv2	CD14+ monocyte
CNA_10xv2_2	GCATGATACGTTAGTC	SNG	sampleA	10xv2	CD4+ T cell
CNA_10xv2_2	ATAGAACGATCTGTAG	SNG	sampleB	10xv2	Cytotoxic T cell
CNA_10xv2_2	TGTCGAAACAGGTGAC	SNG	sampleB	10xv2	CD16+ monocyte
CNA_10xv2_2	TTTCATCGAGAGAGGG	SNG	sampleB	10xv2	Natural killer cell
CNA_10xv2_2	TTAGTCTTGCTGCCAG	SNG	sampleA	10xv2	CD4+ T cell
CNA_10xv2_2	CAGATTTCTTCCCAGG	SNG	sampleB	10xv2	Cytotoxic T cell
CNA_10xv2_2	GGCGCAACTAATCCGT	SNG	sampleB	10xv2	CD4+ T cell
CNA_10xv2_2	AGTACAAGAAAATGCA	SNG	sampleA	10xv2	CD14+ monocyte
CNA_10xv2_2	AAACAACGAATGTGGG	SNG	sampleA	10xv2	CD4+ T cell
CNA_10xv2_2	TATGGGTACTTTCCGC	SNG	sampleB	10xv2	Cytotoxic T cell
CNA_10xv2_2	AACTCGATGTAGGAGC	SNG	sampleB	10xv2	Cytotoxic T cell
CNA_10xv2_2	AATCAGCTGTAGCGAG	SNG	sampleB	10xv2	CD14+ monocyte
CNA_10xv2_2	GCTTCTGACGCCCAAC	SNG	sampleA	10xv2	CD4+ T cell
CNA_10xv2_2	GAGCATTTGGCCGCTA	SNG	sampleB	10xv2	Cytotoxic T cell
CNA_10xv2_2	TTCTAACACAACTAGA	SNG	sampleB	10xv2	Cytotoxic T cell
CNA_10xv2_2	GCATCTCTGAGCCCTG	SNG	sampleA	10xv2	CD4+ T cell
CNA_10xv2_2	AAGTACCACGCTAGAG	SNG	sampleB	10xv2	Natural killer cell
CNA_10xv2_2	TCATTGGGACCTAGTA	SNG	sampleA	10xv2	CD4+ T cell
CNA_10xv2_2	TTAAGGAGACTGATCA	SNG	sampleA	10xv2	CD4+ T cell
CNA_10xv2_2	AATCAGCTGCGAGGAT	SNG	sampleB	10xv2	CD4+ T cell
CNA_10xv2_2	TTCTAGACTTCGTAAC	SNG	sampleB	10xv2	CD4+ T cell
CNA_10xv2_2	TGTTCCTCTTTGGTTG	SNG	sampleA	10xv2	CD4+ T cell
CNA_10xv2_2	CATATCACTAACTAGA	SNG	sampleA	10xv2	Natural killer cell
CNA_10xv2_2	TTAAGGAGAGAATGTA	SNG	sampleB	10xv2	Cytotoxic T cell
CNA_10xv2_2	CTTAGAGACGACAAAT	SNG	sampleA	10xv2	CD4+ T cell
CNA_10xv2_2	GCTGTGGTGCGGCACT	SNG	sampleA	10xv2	CD14+ monocyte
CNA_10xv2_2	CCAAGTTGACGACATT	SNG	sampleB	10xv2	CD4+ T cell
CNA_10xv2_2	CGTGCAGACCCTAACA	SNG	sampleA	10xv2	CD4+ T cell
CNA_10xv2_2	CCTTACTCTGTCCCGA	SNG	sampleB	10xv2	Cytotoxic T cell
CNA_10xv2_2	ACTTCCTCTACGTGCC	SNG	sampleA	10xv2	Dendritic cell
CNA_10xv2_2	TAGACCTGACAGGCCT	SNG	sampleB	10xv2	CD16+ monocyte
CNA_10xv2_2	CCACATCACCCTGTGG	SNG	sampleB	10xv2	Cytotoxic T cell
CNA_10xv2_2	CAGTGGAGAGGAATGC	SNG	sampleA	10xv2	Cytotoxic T cell
CNA_10xv2_2	TTGGGTAACAGCTGAG	SNG	sampleA	10xv2	Cytotoxic T cell
CNA_10xv2_2	TACATTGCTCCAACGC	SNG	sampleA	10xv2	B cell
CNA_10xv2_2	TCAGGAGGAGCTCAGC	SNG	sampleA	10xv2	CD16+ monocyte
CNA_10xv2_2	CAGCGCATGCCTGTGG	SNG	sampleA	10xv2	CD4+ T cell
CNA_10xv2_2	ATGCGCGTGGCGTATT	SNG	sampleB	10xv2	CD14+ monocyte
CNA_10xv2_2	TGGCTAATGGCACCCA	SNG	sampleB	10xv2	CD4+ T cell
CNA_10xv2_2	CTATTGGGAGTTGACT_CTTTATGTGTCATGCA	SNG	sampleB	10xv2	Natural killer cell
CNA_10xv2_2	CCTCACAACTACCTGA	SNG	sampleB	10xv2	CD4+ T cell
CNA_10xv2_2	CTATTGGGAACGAGCA	SNG	sampleB	10xv2	CD4+ T cell
CNA_10xv2_2	AGTCCCACTTAACGGG	SNG	sampleB	10xv2	Cytotoxic T cell
CNA_10xv2_2	GATAGCGGAGGTGTCC	SNG	sampleB	10xv2	Natural killer cell
CNA_10xv2_2	CCTACGTACGACTCGC	SNG	sampleA	10xv2	CD14+ monocyte
CNA_10xv2_2	GTAAAGCCTAGAGGCT	SNG	sampleA	10xv2	CD14+ monocyte
CNA_10xv2_2	TCGTAATCTGTGAGCA	SNG	sampleA	10xv2	CD4+ T cell
CNA_10xv2_2	GTTGCTAGAGGGATTG	SNG	sampleB	10xv2	CD14+ monocyte
CNA_10xv2_2	TGCCTACTGTCTGCAA	SNG	sampleA	10xv2	CD14+ monocyte
CNA_10xv2_2	GGCAACAGATGATGAA	SNG	sampleB	10xv2	Cytotoxic T cell
CNA_10xv2_2	AATGTGCACCATCCTC	SNG	sampleA	10xv2	CD14+ monocyte
CNA_10xv2_2	GTGTACTGAGACAAAT	SNG	sampleB	10xv2	B cell
CNA_10xv2_2	GTTCTCGACTAACCCA	SNG	sampleB	10xv2	CD4+ T cell
CNA_10xv2_2	CTTATGTTGGACTGTT	SNG	sampleB	10xv2	B cell
CNA_10xv2_2	CCAGCACGAACTAGTC	SNG	sampleB	10xv2	Cytotoxic T cell
CNA_10xv2_2	ACAGACTTGCAGTCTA	SNG	sampleB	10xv2	Natural killer cell
CNA_10xv2_2	AGCCTACCTGTTCTCC	SNG	sampleA	10xv2	CD4+ T cell
CNA_10xv2_2	ATAGATGGAGCTCAGC	SNG	sampleA	10xv2	CD14+ monocyte
CNA_10xv2_2	AGGTGATCTCTTAAGC	SNG	sampleB	10xv2	B cell
CNA_10xv2_2	AGCGTATACCCTAGTA	SNG	sampleB	10xv2	B cell
CNA_10xv2_2	TGTATGCGACGTTAGT	SNG	sampleB	10xv2	Dendritic cell
CNA_10xv2_2	CCAAGTTGAGGAATAT	SNG	sampleB	10xv2	CD14+ monocyte
CNA_10xv2_2	TATTCCTGACGTTATG	SNG	sampleB	10xv2	B cell
CNA_10xv2_2	TGACCTCACCGGAATG	SNG	sampleB	10xv2	Cytotoxic T cell
CNA_10xv2_2	TGTTAACCTTTTCGCC	SNG	sampleA	10xv2	CD14+ monocyte
CNA_10xv2_2	AAGAACCCTTGTGGGA	SNG	sampleA	10xv2	CD4+ T cell
CNA_10xv2_2	AATCAGCTGGAATCTC	SNG	sampleA	10xv2	CD4+ T cell
CNA_10xv2_2	AAGCCATTGAGAGGCT	SNG	sampleB	10xv2	Cytotoxic T cell
CNA_10xv2_2	ACGGTTCCTCTTTAGG	SNG	sampleB	10xv2	Dendritic cell
CNA_10xv2_2	CACACCACTCGCACTG	SNG	sampleB	10xv2	CD14+ monocyte
CNA_10xv2_2	TCAAATCCTCGCACTG	SNG	sampleA	10xv2	Natural killer cell
CNA_10xv2_2	CAGAGGCCTAGCAAGC	SNG	sampleB	10xv2	Cytotoxic T cell
CNA_10xv2_2	CTTAATCTGTCTGGAT	SNG	sampleB	10xv2	Cytotoxic T cell
CNA_10xv2_2	TGTAAGCTGGTTAGGG	SNG	sampleB	10xv2	CD16+ monocyte
CNA_10xv2_2	CTGTGCACTCTTAAGC	SNG	sampleA	10xv2	CD16+ monocyte
CNA_10xv2_2	GCATCAATGAACGTGG	SNG	sampleB	10xv2	CD4+ T cell
CNA_10xv2_2	TGGGCGTACGTCCCGA	SNG	sampleA	10xv2	CD4+ T cell
CNA_10xv2_2	GGTTGTATGGTACTAC	SNG	sampleB	10xv2	CD14+ monocyte
CNA_10xv2_2	ATGGGTTACTGTTCCC	SNG	sampleB	10xv2	Cytotoxic T cell
CNA_10xv2_2	GGGTTCTCTATTAAGG	SNG	sampleB	10xv2	Natural killer cell
CNA_10xv2_2	GTACTGCCTAACGAAT	SNG	sampleB	10xv2	CD16+ monocyte
CNA_10xv2_2	GGTCGTTCTTAGCAGG	SNG	sampleA	10xv2	Cytotoxic T cell
CNA_10xv2_2	ACGGCTTCTAACGTAA	SNG	sampleB	10xv2	CD14+ monocyte
CNA_10xv2_2	AGTCGAACTCCATGTA	SNG	sampleB	10xv2	Cytotoxic T cell
CNA_10xv2_2	AGGTAGCGATTGACAC	SNG	sampleB	10xv2	CD14+ monocyte
CNA_10xv2_2	TCATTGGGAGCTGGCT	SNG	sampleA	10xv2	CD4+ T cell
CNA_10xv2_2	ATTCCAACTCTCGAGC	SNG	sampleB	10xv2	Cytotoxic T cell
CNA_10xv2_2	TGGACAACTCATAGCT	SNG	sampleB	10xv2	CD14+ monocyte
CNA_10xv2_2	TTGGGTAACTATGACC	SNG	sampleB	10xv2	CD16+ monocyte
CNA_10xv2_2	GGCACACACAGGGAGG	SNG	sampleA	10xv2	CD14+ monocyte
CNA_10xv2_2	CCTAAGAACCGGCTCA	SNG	sampleB	10xv2	CD4+ T cell
CNA_10xv2_2	AAGGCTTACTAACTCG	SNG	sampleB	10xv2	CD4+ T cell
CNA_10xv2_2	ACCTAGTGACGCACTG	SNG	sampleB	10xv2	CD4+ T cell
CNA_10xv2_2	TCGCATCACTTCTGGA	SNG	sampleA	10xv2	CD4+ T cell
CNA_10xv2_2	TCGTTGCTGTCGACAT	SNG	sampleB	10xv2	Dendritic cell
CNA_10xv2_2	CAAGGGAACCTGGAAG	SNG	sampleB	10xv2	Cytotoxic T cell
CNA_10xv2_2	GGTTCCTTGCGCAACC	SNG	sampleB	10xv2	Cytotoxic T cell
CNA_10xv2_2	CGCATCGGATCGTCAA	SNG	sampleB	10xv2	CD16+ monocyte
CNA_10xv2_2	AGTGCATTGCTGGGTC	SNG	sampleB	10xv2	B cell
CNA_10xv2_2	CACTCTTCTAGGTGCA	SNG	sampleB	10xv2	Cytotoxic T cell
CNA_10xv2_2	CACATATCTCGTTCTC	SNG	sampleB	10xv2	Cytotoxic T cell
CNA_10xv2_2	TTAGTCTTGTGACTCA	SNG	sampleA	10xv2	Natural killer cell
CNA_10xv2_2	TCAATGGACATCATGC	SNG	sampleA	10xv2	CD4+ T cell
CNA_10xv2_2	TTAGCCAGAAACGCAG	SNG	sampleB	10xv2	CD16+ monocyte
CNA_10xv2_2	CAGCTCACTATGTCAC	SNG	sampleB	10xv2	CD16+ monocyte
CNA_10xv2_2	TTTCGGCTGATTGCCA	SNG	sampleB	10xv2	CD4+ T cell
CNA_10xv2_2	CCAGGCAACCGATCGC	SNG	sampleA	10xv2	Cytotoxic T cell
CNA_10xv2_2	AGTTTCTTGCGCTCGA	SNG	sampleB	10xv2	B cell
CNA_10xv2_2	CATTAGTCTGCCCTGA	SNG	sampleB	10xv2	CD14+ monocyte
CNA_10xv2_2	GGTTGTATGGCATGAG	SNG	sampleB	10xv2	CD4+ T cell
CNA_10xv2_2	TTTAGTCTGGCTTACA	SNG	sampleB	10xv2	CD4+ T cell
CNA_10xv2_2	ACTCGGGACTCGTCCT	SNG	sampleA	10xv2	CD4+ T cell
CNA_10xv2_2	CAACGCGTGAAATGCA	SNG	sampleB	10xv2	CD14+ monocyte
CNA_10xv2_2	CTATAGCGAAAGTCTC	SNG	sampleA	10xv2	CD14+ monocyte
CNA_10xv2_2	TACCTGCTGCTCGAGC	SNG	sampleA	10xv2	CD4+ T cell
CNA_10xv2_2	CTATGCCACTCGACAT	SNG	sampleB	10xv2	CD4+ T cell
CNA_10xv2_2	TGTACTGGACGAAGCA	SNG	sampleB	10xv2	Dendritic cell
CNA_10xv2_2	TGGTCCTTGTAATAGG	SNG	sampleB	10xv2	B cell
CNA_10xv2_2	GCTACTGCTGATAGCG	SNG	sampleB	10xv2	CD4+ T cell
CNA_10xv2_2	ATTACTCACGGTGCAA	SNG	sampleA	10xv2	CD4+ T cell
CNA_10xv2_2	TTACGGATGGCCCTAG	SNG	sampleB	10xv2	CD4+ T cell
CNA_10xv2_2	ATAACCGTGCCTATCC	SNG	sampleB	10xv2	CD4+ T cell
CNA_10xv2_2	GTGAAGGACAGACTTC	SNG	sampleB	10xv2	CD4+ T cell
CNA_10xv2_2	TGGATTGACAATCCTG	SNG	sampleB	10xv2	B cell
CNA_10xv2_2	TGCATGCCTTTTGGGT	SNG	sampleB	10xv2	Natural killer cell
CNA_10xv2_2	TTCTCTCTGAGACTTC	SNG	sampleB	10xv2	CD14+ monocyte
CNA_10xv2_2	GCTACAAACTATTGCG	SNG	sampleA	10xv2	CD14+ monocyte
CNA_10xv2_2	TTACTGGGACGCAACC	SNG	sampleA	10xv2	CD4+ T cell
CNA_10xv2_2	TAGTGCTGACGTTCTC	SNG	sampleA	10xv2	B cell
CNA_10xv2_2	TTTGGGATGTGGCAAG	SNG	sampleB	10xv2	CD14+ monocyte
CNA_10xv2_2	AGGTAGCGATACCTGA	SNG	sampleB	10xv2	B cell
CNA_10xv2_2	TACCGCTACCATGATC	SNG	sampleB	10xv2	CD16+ monocyte
CNA_10xv2_2	GCGTAAGGAGCCAGCT	SNG	sampleB	10xv2	Cytotoxic T cell
CNA_10xv2_2	TGGACGCACCCGCAGT	SNG	sampleA	10xv2	CD4+ T cell
CNA_10xv2_2	AGATGTAGAGCTACGC	SNG	sampleB	10xv2	Cytotoxic T cell
CNA_10xv2_2	TACGAGTTGCGCACTG	SNG	sampleA	10xv2	CD4+ T cell
CNA_10xv2_2	AATCTCTTGTAATCGC	SNG	sampleB	10xv2	CD4+ T cell
CNA_10xv2_2	TGGCATCCTAGTACGG	SNG	sampleB	10xv2	CD4+ T cell
CNA_10xv2_2	CAGAAACCTCAGGCCT	SNG	sampleA	10xv2	CD4+ T cell
CNA_10xv2_2	CTATGGATGCTGAGAG	SNG	sampleB	10xv2	B cell
CNA_10xv2_2	AGATGTAGAAATCGAA	SNG	sampleB	10xv2	Cytotoxic T cell
CNA_10xv2_2	CAAACCATGTGTGCTA	SNG	sampleB	10xv2	CD4+ T cell
CNA_10xv2_2	AAGGGCATGTTAGAAG	SNG	sampleA	10xv2	Natural killer cell
CNA_10xv2_2	CAATAGAGAGCTTCGG	SNG	sampleB	10xv2	B cell
CNA_10xv2_2	ATACCACGAGTCGGTC	SNG	sampleA	10xv2	Dendritic cell
CNA_10xv2_2	GTAATCGACCTCATCC	SNG	sampleB	10xv2	CD16+ monocyte
CNA_10xv2_2	TCGGGTCGATAGGCGA	SNG	sampleB	10xv2	Dendritic cell
CNA_10xv2_2	CCTTCTACTACAGATA	SNG	sampleB	10xv2	CD4+ T cell
CNA_10xv2_2	GTCGATAACAAGACAT	SNG	sampleB	10xv2	Cytotoxic T cell
CNA_10xv2_2	TGTCAATCTCCAACGC	SNG	sampleB	10xv2	CD4+ T cell
CNA_10xv2_2	TGTAGACACGTTAGTC	SNG	sampleB	10xv2	Cytotoxic T cell
CNA_10xv2_2	TGGATAGCTTCGCAGC	SNG	sampleB	10xv2	CD4+ T cell
CNA_10xv2_2	CGATCAAACTCGCAGC	SNG	sampleB	10xv2	Natural killer cell
CNA_10xv2_2	AACACTGACCTTAAGC	SNG	sampleA	10xv2	CD14+ monocyte
CNA_10xv2_2	TACCACCTGAGGGAGG	SNG	sampleB	10xv2	CD4+ T cell
CNA_10xv2_2	GCACTCACTCAAGTAA	SNG	sampleA	10xv2	CD14+ monocyte
CNA_10xv2_2	GCCGAACTGAGCCCTG	SNG	sampleA	10xv2	B cell
CNA_10xv2_2	GCGGTTCGATCGCTAA	SNG	sampleA	10xv2	Natural killer cell
CNA_10xv2_2	GTCGATAACGAGCCTC	SNG	sampleA	10xv2	Natural killer cell
CNA_10xv2_2	CATCGCGGATCCCGTT	SNG	sampleB	10xv2	CD14+ monocyte
CNA_10xv2_2	GTTCTTCCTTGCTCAA	SNG	sampleB	10xv2	Cytotoxic T cell
CNA_10xv2_2	AAGACAAACTGATCAC	SNG	sampleA	10xv2	Natural killer cell
CNA_10xv2_2	CTCAGCACTTTCGCAA	SNG	sampleB	10xv2	Cytotoxic T cell
CNA_10xv2_2	TACATTCACAAGTTCC	SNG	sampleB	10xv2	Dendritic cell
CNA_10xv2_2	GAAGAATACCCTCCTA	SNG	sampleB	10xv2	Natural killer cell
CNA_10xv2_2	GCATGGGCTTATCTGG	SNG	sampleA	10xv2	Natural killer cell
CNA_10xv2_2	AGCTGATACATAGGTA_TTGGCTCTGCCTTCCA	SNG	sampleB	10xv2	CD14+ monocyte
CNA_10xv2_2	TTGGCTCTGTATCTGG	SNG	sampleB	10xv2	Dendritic cell
CNA_10xv2_2	AGGCGATGAATGTGGG	SNG	sampleB	10xv2	Cytotoxic T cell
CNA_10xv2_2	TTCCTCGGATGTTGTG	SNG	sampleB	10xv2	Dendritic cell
CNA_10xv2_2	TCAAGCAACGAATAGT	SNG	sampleB	10xv2	Cytotoxic T cell
CNA_10xv2_2	TGCGCCAGATGGCTTA	SNG	sampleA	10xv2	CD4+ T cell
CNA_10xv2_2	TGTCCGTTGCAAGTTC	SNG	sampleB	10xv2	Cytotoxic T cell
CNA_10xv2_2	TCTTCCTTGTACAGCT	SNG	sampleA	10xv2	Cytotoxic T cell
CNA_10xv2_2	AGATGGGTGCGACATT	SNG	sampleB	10xv2	Cytotoxic T cell
CNA_10xv2_2	AAGCCTAACAGTCGGA	SNG	sampleA	10xv2	CD16+ monocyte
CNA_10xv2_2	TTCTCTCTGAACGAAT	SNG	sampleB	10xv2	B cell
CNA_10xv2_2	CTTATGTTGAGACAAT	SNG	sampleB	10xv2	Dendritic cell
CNA_10xv2_2	ACGTTCAGACTGAGAG	SNG	sampleB	10xv2	CD4+ T cell
CNA_10xv2_2	CACGAATTGACAGGCA	SNG	sampleA	10xv2	Natural killer cell
CNA_10xv2_2	TGGCCTTTGGCTGAGA	SNG	sampleA	10xv2	CD14+ monocyte
CNA_10xv2_2	CCTCCCTTGGAGAGGG	SNG	sampleA	10xv2	Natural killer cell
CNA_10xv2_2	GCTCCTAACGGAGTCA	SNG	sampleB	10xv2	CD16+ monocyte
CNA_10xv2_2	CATTACTTGTTTCCGC	SNG	sampleB	10xv2	Cytotoxic T cell
CNA_10xv2_2	ACGCAGAGATGTTCCC	SNG	sampleA	10xv2	CD4+ T cell
CNA_10xv2_2	GCTGAATTGATGTCAC	SNG	sampleB	10xv2	Cytotoxic T cell
CNA_10xv2_2	AGGAAGCACTTTCTTG	SNG	sampleA	10xv2	Cytotoxic T cell
CNA_10xv2_2	CCGTACGGATCTGTAG	SNG	sampleA	10xv2	CD14+ monocyte
CNA_10xv2_2	CGATATGTGGACGCCT	SNG	sampleA	10xv2	CD16+ monocyte
CNA_10xv2_2	AGGGCGTCTTGACTCA	SNG	sampleA	10xv2	Natural killer cell
CNA_10xv2_2	TACCACCACTGGTCCG	SNG	sampleB	10xv2	B cell
CNA_10xv2_2	AACATCCGAAGATTCC	SNG	sampleA	10xv2	CD14+ monocyte
CNA_10xv2_2	CGACCTTTGTCCCGTT	SNG	sampleB	10xv2	CD14+ monocyte
CNA_10xv2_2	AAACGCTACGCTAGAG	SNG	sampleB	10xv2	CD4+ T cell
CNA_10xv2_2	GGGTAGAACGATAGCG	SNG	sampleA	10xv2	CD4+ T cell
CNA_10xv2_2	TGTGGTAACTCCCGTT	SNG	sampleA	10xv2	CD14+ monocyte
CNA_10xv2_2	ATCAAGCACGACTCGC	SNG	sampleA	10xv2	CD4+ T cell
CNA_10xv2_2	TTCTATGACGTCCCGA	SNG	sampleB	10xv2	CD4+ T cell
CNA_10xv2_2	CGGGACACTAAGTTAG	SNG	sampleA	10xv2	CD4+ T cell
CNA_10xv2_2	TACCGCTACGCTTACA	SNG	sampleB	10xv2	Cytotoxic T cell
CNA_10xv2_2	TTATCGACTCCAGGCT	SNG	sampleA	10xv2	Cytotoxic T cell
CNA_10xv2_2	CAATGTGACTTCTGAG	SNG	sampleB	10xv2	CD14+ monocyte
CNA_10xv2_2	CACTTAGGATCTGGAT	SNG	sampleB	10xv2	B cell
CNA_10xv2_2	GCCTAAATGGAGCTGA	SNG	sampleB	10xv2	CD4+ T cell
CNA_10xv2_2	GGACGAATGATTAAGG	SNG	sampleB	10xv2	B cell
CNA_10xv2_2	CTAACAGTGATAACCC	SNG	sampleA	10xv2	CD4+ T cell
CNA_10xv2_2	ACTCGGGACAACTAGA	SNG	sampleB	10xv2	CD4+ T cell
CNA_10xv2_2	CTGTCGTTGGTTTGGT	SNG	sampleA	10xv2	Cytotoxic T cell
CNA_10xv2_2	TGTCGCTTGTCTTTGT	SNG	sampleA	10xv2	Natural killer cell
CNA_10xv2_2	TTCTATGACTTGGTTG	SNG	sampleA	10xv2	Cytotoxic T cell
CNA_10xv2_2	CACTTTATGCGTAACT	SNG	sampleA	10xv2	CD4+ T cell
CNA_10xv2_2	TGGATAGCTAGTCTGT	SNG	sampleA	10xv2	CD4+ T cell
CNA_10xv2_2	TGAGGGATGTAAGTAG	SNG	sampleB	10xv2	B cell
CNA_10xv2_2	ATCAAAGGAGGACCAA	SNG	sampleB	10xv2	Cytotoxic T cell
CNA_10xv2_2	AGGTGATCTGAACATA	SNG	sampleB	10xv2	Natural killer cell
CNA_10xv2_2	AGTACGACTCAGTCCG	SNG	sampleB	10xv2	CD16+ monocyte
CNA_10xv2_2	TCGTAGAACTAAAGCA	SNG	sampleB	10xv2	CD4+ T cell
CNA_10xv2_2	GGACTTAACTTCGTTT	SNG	sampleB	10xv2	CD4+ T cell
CNA_10xv2_2	GCTACGGACCGATCGC	SNG	sampleA	10xv2	Natural killer cell
CNA_10xv2_2	ACACATCGAATCTGTG	SNG	sampleA	10xv2	CD4+ T cell
CNA_10xv2_2	TCTCAGAGACCACAAT	SNG	sampleB	10xv2	Natural killer cell
CNA_10xv2_2	TGCTGCTACAACCAAA	SNG	sampleA	10xv2	CD14+ monocyte
CNA_10xv2_2	CATGCAAACGCACTTA	SNG	sampleA	10xv2	CD14+ monocyte
CNA_10xv2_2	CCTACGTACCCATGTA	SNG	sampleB	10xv2	Cytotoxic T cell
CNA_10xv2_2	CTAACTGGATAGGAGC	SNG	sampleA	10xv2	CD4+ T cell
CNA_10xv2_2	GGTAAGCGATAACTCG	SNG	sampleB	10xv2	Cytotoxic T cell
CNA_10xv2_2	GTACTCAGAGATTAAG	SNG	sampleB	10xv2	B cell
CNA_10xv2_2	GCACAATACGGACACA	SNG	sampleA	10xv2	Natural killer cell
CNA_10xv2_2	CATGTCAGACGGTTGC	SNG	sampleB	10xv2	Natural killer cell
CNA_10xv2_2	CAGATTTCTAGCCTAT	SNG	sampleA	10xv2	CD4+ T cell
CNA_10xv2_2	TTTCATCGAGATAGCG	SNG	sampleA	10xv2	CD4+ T cell
CNA_10xv2_2	ACGTAGGGAAGGACCA	SNG	sampleA	10xv2	Natural killer cell
CNA_10xv2_2	AGTAAGTGAGGTAGAC	SNG	sampleB	10xv2	CD14+ monocyte
CNA_10xv2_2	CAGGCGACTCCTCAAA	SNG	sampleB	10xv2	CD16+ monocyte
CNA_10xv2_2	TGCGCAGACATCCTCC	SNG	sampleB	10xv2	CD16+ monocyte
CNA_10xv2_2	GTACACTGATATCTGG	SNG	sampleB	10xv2	Natural killer cell
CNA_10xv2_2	TTACACACTCCAACGC	SNG	sampleA	10xv2	B cell
CNA_10xv2_2	CACGATTGACGATGGA	SNG	sampleA	10xv2	CD14+ monocyte
CNA_10xv2_2	CGTTCTCGACCTATCC	SNG	sampleB	10xv2	CD4+ T cell
CNA_10xv2_2	GCATCTCTGAAATCGA	SNG	sampleB	10xv2	CD4+ T cell
CNA_10xv2_2	CAACGAACTCAGCACC	SNG	sampleA	10xv2	CD14+ monocyte
CNA_10xv2_2	AGTAAGTGAGAACGTG	SNG	sampleA	10xv2	CD4+ T cell
CNA_10xv2_2	GCACAATTGCGATGGA	SNG	sampleB	10xv2	Cytotoxic T cell
CNA_10xv2_2	CTGCACGGAGGTTTGT	SNG	sampleB	10xv2	CD14+ monocyte
CNA_10xv2_2	AACTCACGAAGTCGGA	SNG	sampleB	10xv2	B cell
CNA_10xv2_2	ATCGCCGGATTGGTTG	SNG	sampleB	10xv2	B cell
CNA_10xv2_2	GTAGGTGGATAAGCAA	SNG	sampleA	10xv2	B cell
CNA_10xv2_2	TCACACAGATCGGGCT	SNG	sampleA	10xv2	CD4+ T cell
CNA_10xv2_2	GGACGCTTGCTAACGT	SNG	sampleB	10xv2	Cytotoxic T cell
CNA_10xv2_2	ATTTCGACTCCACAAT	SNG	sampleA	10xv2	CD4+ T cell
CNA_10xv2_2	GTACCGGACGGAATAT	SNG	sampleA	10xv2	CD14+ monocyte
CNA_10xv2_2	GTCGTTCTGGACATAA	SNG	sampleB	10xv2	CD4+ T cell
CNA_10xv2_2	TGCAATGACGCGTATT	SNG	sampleA	10xv2	B cell
CNA_10xv2_2	AGTTTCACTAAGTAAC	SNG	sampleA	10xv2	CD4+ T cell
CNA_10xv2_2	TTGTCGAGAGTCAATC	SNG	sampleB	10xv2	CD14+ monocyte
CNA_10xv2_2	AGGTAGCGAGTCGGTC	SNG	sampleB	10xv2	CD4+ T cell
CNA_10xv2_2	ATTACCTACCCTGCGA	SNG	sampleB	10xv2	CD14+ monocyte
CNA_10xv2_2	GTTCCTGTGTAGCGAG	SNG	sampleB	10xv2	CD16+ monocyte
CNA_10xv2_2	GAATCAGCTCAGCTGC	SNG	sampleA	10xv2	CD4+ T cell
CNA_10xv2_2	TGAGTAAGATCATGCA	SNG	sampleB	10xv2	CD4+ T cell
CNA_10xv2_2	TAGGGTTTGTGTGCTA	SNG	sampleB	10xv2	Natural killer cell
CNA_10xv2_2	CGCAATCCTACCTAGT	SNG	sampleB	10xv2	Dendritic cell
CNA_10xv2_2	CAAACCATGTTCTGGA	SNG	sampleA	10xv2	CD16+ monocyte
CNA_10xv2_2	TAGGTAAGATTATGGC	SNG	sampleA	10xv2	CD4+ T cell
CNA_10xv2_2	CCTCATGACGAACAGC	SNG	sampleB	10xv2	B cell
CNA_10xv2_2	GGGTTCTCTTCTGGGC	SNG	sampleB	10xv2	Natural killer cell
CNA_10xv2_2	CCACTCTGACGCAACC	SNG	sampleB	10xv2	B cell
CNA_10xv2_2	TGTTCCTCTGTCGGTC	SNG	sampleA	10xv2	Natural killer cell
CNA_10xv2_2	CTTAGAGACTTGTGAC	SNG	sampleB	10xv2	Cytotoxic T cell
CNA_10xv2_2	AGAATCCACGCGCTGT	SNG	sampleB	10xv2	CD4+ T cell
CNA_10xv2_2	CATTAGTCTCGAATCT	SNG	sampleA	10xv2	Cytotoxic T cell
CNA_10xv2_2	CGTGGGTACTTTGTCT	SNG	sampleA	10xv2	CD4+ T cell
CNA_10xv2_2	TGGCATCCTAAAGTAC	SNG	sampleA	10xv2	CD4+ T cell
CNA_10xv2_2	TTGCGATGAATAACCC	SNG	sampleA	10xv2	Natural killer cell
CNA_10xv2_2	CCAAGTTGATTTCTGT	SNG	sampleA	10xv2	Cytotoxic T cell
CNA_10xv2_2	TCCATTCCTTAGCAGG	SNG	sampleB	10xv2	CD4+ T cell
CNA_10xv2_2	TCTTGGCACTTCCATT	SNG	sampleB	10xv2	B cell
CNA_10xv2_2	GAAGGACACTAGACAA	SNG	sampleB	10xv2	Cytotoxic T cell
CNA_10xv2_2	CAAAGACCTGAGTAAT	SNG	sampleA	10xv2	CD16+ monocyte
CNA_10xv2_2	TGCTACCTGCTGATCA	SNG	sampleA	10xv2	CD14+ monocyte
CNA_10xv2_2	TGCTTGCACTTCGCCT	SNG	sampleB	10xv2	CD16+ monocyte
CNA_10xv2_2	ATGACAAGAGCACGCT	SNG	sampleA	10xv2	CD14+ monocyte
CNA_10xv2_2	CACCCATACACTAGGG	SNG	sampleB	10xv2	Natural killer cell
CNA_10xv2_2	TCCATTCCTCCGCTAG	SNG	sampleB	10xv2	CD16+ monocyte
CNA_10xv2_2	CAATAGAGACCGGCTA	SNG	sampleB	10xv2	B cell
CNA_10xv2_2	AGAATGTGAGAACATA	SNG	sampleB	10xv2	CD16+ monocyte
CNA_10xv2_2	GTAGGCGCTTGCGCCA	SNG	sampleB	10xv2	Dendritic cell
CNA_10xv2_2	CGCATCTTGACTAGTC	SNG	sampleA	10xv2	CD16+ monocyte
CNA_10xv2_2	CGTGGGTACCTTTGTT	SNG	sampleA	10xv2	CD14+ monocyte
CNA_10xv2_2	GATCTGCCTCTCACGG	SNG	sampleA	10xv2	CD4+ T cell
CNA_10xv2_2	GGATCCCGATGCGTGC	SNG	sampleB	10xv2	CD14+ monocyte
CNA_10xv2_2	CGCATTCTGTCGGGCT	SNG	sampleB	10xv2	CD4+ T cell
CNA_10xv2_2	CCGTTACTGAAATCGA	SNG	sampleA	10xv2	CD14+ monocyte
CNA_10xv2_2	TCACATTACTTGGTTG	SNG	sampleA	10xv2	CD14+ monocyte
CNA_10xv2_2	GCTGTTCTGACTAGTC	SNG	sampleB	10xv2	CD4+ T cell
CNA_10xv2_2	AGAACAATGATTCTGG	SNG	sampleA	10xv2	Natural killer cell
CNA_10xv2_2	TGTCCGTTGCTCCTAC	SNG	sampleA	10xv2	CD14+ monocyte
CNA_10xv2_2	CAATCAGACGACCGAA	SNG	sampleB	10xv2	CD14+ monocyte
CNA_10xv2_2	GATACGGGACCTCCTA	SNG	sampleA	10xv2	CD14+ monocyte
CNA_10xv2_2	GTAAGGCGACTTCAAG	SNG	sampleA	10xv2	CD16+ monocyte
CNA_10xv2_2	GTTGCTAGACCTGAGC	SNG	sampleB	10xv2	CD4+ T cell
CNA_10xv2_2	AACTAGCACTGTCACA	SNG	sampleB	10xv2	CD16+ monocyte
CNA_10xv2_2	CCTATCGACGCCACGT	SNG	sampleA	10xv2	CD16+ monocyte
CNA_10xv2_2	GTGCATAACTATTGCG	SNG	sampleA	10xv2	CD4+ T cell
CNA_10xv2_2	CTCAATGGATAAAGCA	SNG	sampleB	10xv2	CD16+ monocyte
CNA_10xv2_2	ATGCGCGTGAGTCTGT	SNG	sampleA	10xv2	CD4+ T cell
CNA_10xv2_2	TTCTCTCTGATCCTAG	SNG	sampleA	10xv2	Natural killer cell
CNA_10xv2_2	CCACTTGTGATCAGGG	SNG	sampleB	10xv2	B cell
CNA_10xv2_2	CTGCTTTCTTTCTGAG	SNG	sampleA	10xv2	CD14+ monocyte
CNA_10xv2_2	GGGTTCTCTCGAAGCA	SNG	sampleB	10xv2	Natural killer cell
CNA_10xv2_2	CCTATCGACTTGTGAC	SNG	sampleB	10xv2	Cytotoxic T cell
CNA_10xv2_2	GGATTTGACAGGCATG	SNG	sampleA	10xv2	Cytotoxic T cell
CNA_10xv2_2	GGCGCAACTGTTGTCA	SNG	sampleA	10xv2	Natural killer cell
CNA_10xv2_2	CGGATAGGATCGAGAG	SNG	sampleA	10xv2	CD4+ T cell
CNA_10xv2_2	ACCTCCATGTCTATCT	SNG	sampleA	10xv2	CD16+ monocyte
CNA_10xv2_2	AGGTGATCTGTCCCGA	SNG	sampleB	10xv2	CD16+ monocyte
CNA_10xv2_2	TCCGGGTGATTCAGTG	SNG	sampleB	10xv2	Natural killer cell
CNA_10xv2_2	AGTTCACGAAGCTTGT	SNG	sampleB	10xv2	CD4+ T cell
CNA_10xv2_2	GTTCAGAACCAGCTGC	SNG	sampleA	10xv2	CD16+ monocyte
CNA_10xv2_2	CGCATCGGAAGCAATA	SNG	sampleA	10xv2	CD4+ T cell
CNA_10xv2_2	GTGCAGAGATAATCGC	SNG	sampleB	10xv2	CD4+ T cell
CNA_10xv2_2	TGGTTAGACTCAATGC	SNG	sampleB	10xv2	Dendritic cell
CNA_10xv2_2	GGATCCCGAGAAACAT	SNG	sampleB	10xv2	CD16+ monocyte
CNA_10xv2_2	TTTACCATGACAGATA	SNG	sampleA	10xv2	Natural killer cell
CNA_10xv2_2	CCCACCTCTTCATGTG	SNG	sampleB	10xv2	B cell
CNA_10xv2_2	GTCGATAACCGTTATG	SNG	sampleB	10xv2	B cell
CNA_10xv2_2	TTTACCAACAGTAGGC	SNG	sampleB	10xv2	CD14+ monocyte
CNA_10xv2_2	GGGTATACTGCGCAAA	SNG	sampleB	10xv2	Dendritic cell
CNA_10xv2_2	CGAACATACCGGCACT	SNG	sampleB	10xv2	Natural killer cell
CNA_10xv2_2	AACTACGACGTTTGGT	SNG	sampleB	10xv2	CD16+ monocyte
CNA_10xv2_2	GGTTCCTTGTGCGGCT	SNG	sampleA	10xv2	Cytotoxic T cell
CNA_10xv2_2	CTGCCATTGCGACACC	SNG	sampleB	10xv2	CD16+ monocyte
CNA_10xv2_2	GTGCCATCTCCAAACT	SNG	sampleB	10xv2	CD4+ T cell
CNA_10xv2_2	AGGACGCCTCCGTTAA	SNG	sampleB	10xv2	CD16+ monocyte
CNA_10xv2_2	ATACCACGATTCTGGA	SNG	sampleB	10xv2	CD4+ T cell
CNA_10xv2_2	CCGACTACTTAACGGG	SNG	sampleA	10xv2	CD16+ monocyte
CNA_10xv2_2	AAACGACCTACTAGTC	SNG	sampleB	10xv2	CD16+ monocyte
CNA_10xv2_2	TTCGTCGTGAACGTTC	SNG	sampleA	10xv2	CD4+ T cell
CNA_10xv2_2	AAGCCTAACCGAGGAT	SNG	sampleB	10xv2	Natural killer cell
CNA_10xv2_2	TCCTACCGATACGATC	SNG	sampleB	10xv2	Cytotoxic T cell
CNA_10xv2_2	CTCAAACGACGCAACC	SNG	sampleB	10xv2	Cytotoxic T cell
CNA_10xv2_2	CAGTAGTTGAGCTTGT	SNG	sampleB	10xv2	CD16+ monocyte
CNA_10xv2_2	TCGTTGCTGAAGTCTC	SNG	sampleB	10xv2	B cell
CNA_10xv2_2	TAGGACTTGTCTTTGT	SNG	sampleA	10xv2	CD16+ monocyte
CNA_10xv2_2	GGTACTCCTGAATAGT	SNG	sampleB	10xv2	CD4+ T cell
CNA_10xv2_2	GTGGCAGCTATAGCAA	SNG	sampleB	10xv2	CD16+ monocyte
CNA_10xv2_2	CAGGGCACTGGCCTTG	SNG	sampleB	10xv2	Cytotoxic T cell
CNA_10xv2_2	TCATTGGGACCACATA	SNG	sampleA	10xv2	CD4+ T cell
CNA_10xv2_2	CGAGAGATGCACAGTT	SNG	sampleB	10xv2	CD16+ monocyte
CNA_10xv2_2	CTACTCTCTTACAGCT	SNG	sampleB	10xv2	Cytotoxic T cell
CNA_10xv2_2	CAAGGGATGTGCTCAA	SNG	sampleA	10xv2	CD14+ monocyte
CNA_10xv2_2	ATCATCTACTGCGTGC	SNG	sampleB	10xv2	Dendritic cell
CNA_10xv2_2	GTTCTTCCTCAGTCCG	SNG	sampleA	10xv2	Cytotoxic T cell
CNA_10xv2_2	TGAGCTAACTAACTCG	SNG	sampleB	10xv2	CD16+ monocyte
CNA_10xv2_2	TTCACGAGATGCTGTA	SNG	sampleB	10xv2	Dendritic cell
CNA_10xv2_2	TCCTTAAACTTATGGC	SNG	sampleB	10xv2	CD14+ monocyte
CNA_10xv2_2	TGTCGCTTGTGGCATT	SNG	sampleB	10xv2	CD16+ monocyte
CNA_10xv2_2	CTACGTGCTAGTGAGC	SNG	sampleB	10xv2	CD16+ monocyte
CNA_10xv2_2	TCGATGATGCGGTTTA	SNG	sampleA	10xv2	Cytotoxic T cell
CNA_10xv2_2	CAGTCCGGATGACTCA	SNG	sampleB	10xv2	Cytotoxic T cell
CNA_10xv2_2	GCCCTTAACCAAGTAA	SNG	sampleA	10xv2	CD4+ T cell
CNA_10xv2_2	GATGGTTACAGCCTAT	SNG	sampleB	10xv2	Cytotoxic T cell
CNA_10xv2_2	TTGGTCCACCTTTAGG	SNG	sampleA	10xv2	CD4+ T cell
CNA_10xv2_2	GCGAGAATGGGACACA	SNG	sampleA	10xv2	B cell
CNA_10xv2_2	GAAGTCTTGAGGACAC	SNG	sampleA	10xv2	Natural killer cell
CNA_10xv2_2	GGGAGAACTCTCGAGC	SNG	sampleB	10xv2	CD16+ monocyte
CNA_10xv2_2	AAGGATCCTGATAGCG	SNG	sampleA	10xv2	B cell
CNA_10xv2_2	CAAACCTGACTTAGTG	SNG	sampleB	10xv2	CD16+ monocyte
CNA_10xv2_2	CATTGCGCTCTCCTAC	SNG	sampleB	10xv2	Cytotoxic T cell
CNA_10xv2_2	AAGGCTTACCTTGTGA	SNG	sampleB	10xv2	CD14+ monocyte
CNA_10xv2_2	GTTGCTAGATAATCGC	SNG	sampleB	10xv2	CD14+ monocyte
CNA_10xv2_2	ACCGTTGCTAGGACCA	SNG	sampleA	10xv2	CD14+ monocyte
CNA_10xv2_2	ATGGGTACTAATCCTG	SNG	sampleB	10xv2	CD14+ monocyte
CNA_10xv2_2	CGGAATTTGGGGTAGT	SNG	sampleB	10xv2	Dendritic cell
CNA_10xv2_2	GCTAGTCCTGCCCTAG	SNG	sampleB	10xv2	Cytotoxic T cell
CNA_10xv2_2	CTGCCATTGAAGCTAA	SNG	sampleA	10xv2	Natural killer cell
CNA_10xv2_2	ACTTCCTCTTCGCAGC	SNG	sampleB	10xv2	CD16+ monocyte
CNA_10xv2_2	CTCCGTAACAGCAGGT	SNG	sampleB	10xv2	Dendritic cell
CNA_10xv2_2	GATACGGGAACCAAGG	SNG	sampleA	10xv2	Cytotoxic T cell
CNA_10xv2_2	TCTTGGCACTCCAGCG	SNG	sampleA	10xv2	B cell
CNA_10xv2_2	CTTCCTTTGACACCGC	SNG	sampleB	10xv2	CD16+ monocyte
CNA_10xv2_2	GATGAATGACGTAACT	SNG	sampleA	10xv2	Dendritic cell
CNA_10xv2_2	TAACGTTCTAGCCTAT	SNG	sampleA	10xv2	CD4+ T cell
CNA_10xv2_2	GGGCGATCTGTTAGAA	SNG	sampleA	10xv2	CD4+ T cell
CNA_10xv2_2	TGTACTGGATTGCGTA	SNG	sampleB	10xv2	Cytotoxic T cell
CNA_10xv2_2	CACTTTATGCCGATTA	SNG	sampleB	10xv2	Cytotoxic T cell
CNA_10xv2_2	GTCTAATCTGCACCCA	SNG	sampleA	10xv2	CD4+ T cell
CNA_10xv2_2	ACGATAGCTTCATGCA	SNG	sampleA	10xv2	CD14+ monocyte
CNA_10xv2_2	TACACGTGAAAAGGTT	SNG	sampleA	10xv2	CD4+ T cell
CNA_10xv2_2	GGACCACTGCAGACCC	SNG	sampleA	10xv2	CD4+ T cell
CNA_10xv2_2	ATAGAACGACATAGCT	SNG	sampleB	10xv2	Dendritic cell
CNA_10xv2_2	CTCTCTTTGCGTAACT	SNG	sampleA	10xv2	CD4+ T cell
CNA_10xv2_2	CTACATTACGCCACGT	SNG	sampleA	10xv2	Natural killer cell
CNA_10xv2_2	CCTGCCTCTGGTTGAG	SNG	sampleA	10xv2	Natural killer cell
CNA_10xv2_2	ATTCCTAACCCCGAGT	SNG	sampleA	10xv2	B cell
CNA_10xv2_2	GATACCATGCGAGGAT	SNG	sampleB	10xv2	Cytotoxic T cell
CNA_10xv2_2	TTCCCTGGAAAACTGA	SNG	sampleA	10xv2	CD4+ T cell
CNA_10xv2_2	GGTTGTATGCGACAAG	SNG	sampleB	10xv2	Cytotoxic T cell
CNA_10xv2_2	GCATGGGCTCTCTGGG	SNG	sampleA	10xv2	Natural killer cell
CNA_10xv2_2	TCGACTCACGGACAGT	SNG	sampleB	10xv2	CD4+ T cell
CNA_10xv2_2	TGAGATAGAAGGTAAT	SNG	sampleA	10xv2	CD14+ monocyte
CNA_10xv2_2	TCAAAGGCTTGCGCCA	SNG	sampleA	10xv2	Natural killer cell
CNA_10xv2_2	GACCGTGTGCGCAAAG	SNG	sampleA	10xv2	Cytotoxic T cell
CNA_10xv2_2	AGTCGCGTGCCAGGCT	SNG	sampleB	10xv2	CD16+ monocyte
CNA_10xv2_2	GTTCAGAACATGTCAC	SNG	sampleB	10xv2	B cell
CNA_10xv2_2	ACTACGCCTGTTCTCC_GCAGTCGACATCGGTT	SNG	sampleA	10xv2	Natural killer cell
CNA_10xv2_2	GTCGATAACAAAGGTT	SNG	sampleA	10xv2	CD4+ T cell
CNA_10xv2_2	TCTTTAGACGTCTTGA	SNG	sampleB	10xv2	CD4+ T cell
CNA_10xv2_2	TCCGGGTGATACACTG	SNG	sampleA	10xv2	CD4+ T cell
CNA_10xv2_2	CCCGGAAACGCCCAAC	SNG	sampleA	10xv2	CD4+ T cell
CNA_10xv2_2	GAACGCGCTGCTGGCT	SNG	sampleA	10xv2	Cytotoxic T cell
CNA_10xv2_2	TTTAGGGACCGAACGA	SNG	sampleB	10xv2	CD14+ monocyte
CNA_10xv2_2	ATGTGTGTGGAGCTGA	SNG	sampleB	10xv2	CD14+ monocyte
CNA_10xv2_2	GCCTAAATGATCCTCC	SNG	sampleB	10xv2	CD14+ monocyte
CNA_10xv2_2	GGTTGAACTGAATAAC	SNG	sampleA	10xv2	CD14+ monocyte
CNA_10xv2_2	ATGCCGCGAAGTCGGA	SNG	sampleA	10xv2	CD14+ monocyte
CNA_10xv2_2	GAACTAGCTAGGCATG	SNG	sampleB	10xv2	CD4+ T cell
CNA_10xv2_2	CAATCAGTGGCTTTGA	SNG	sampleB	10xv2	CD4+ T cell
CNA_10xv2_2	CCTTCTTTGTGGCTTA	SNG	sampleB	10xv2	CD14+ monocyte
CNA_10xv2_2	GCTCCTAACTTGCGTA	SNG	sampleA	10xv2	CD14+ monocyte
CNA_10xv2_2	GTATCAGTGTCATGCA	SNG	sampleA	10xv2	CD4+ T cell
CNA_10xv2_2	TGAATGCACCGAACAG	SNG	sampleA	10xv2	CD14+ monocyte
CNA_10xv2_2	ACGTGTTGATCTGGGC	SNG	sampleB	10xv2	Natural killer cell
CNA_10xv2_2	CTCTATAACATGTCAC	SNG	sampleB	10xv2	Cytotoxic T cell
CNA_10xv2_2	ATCGAGACTATCATCG	SNG	sampleA	10xv2	CD4+ T cell
CNA_10xv2_2	GTACCGGACAAGGCCA	SNG	sampleB	10xv2	B cell
CNA_10xv2_2	TCCTACCGACGAAAGC	SNG	sampleA	10xv2	CD4+ T cell
CNA_10xv2_2	CCTCTTGGACGCAACC	SNG	sampleB	10xv2	CD14+ monocyte
CNA_10xv2_2	ACAAGACCTGGGTAGT	SNG	sampleB	10xv2	CD16+ monocyte
CNA_10xv2_2	TAGCGCGACTAGGTTC	SNG	sampleA	10xv2	CD14+ monocyte
CNA_10xv2_2	GAGGCAATGTTTCGCC	SNG	sampleB	10xv2	CD14+ monocyte
CNA_10xv2_2	CAAGAAATGTGCATGT	SNG	sampleA	10xv2	CD4+ T cell
CNA_10xv2_2	GCCCTTAACGGAATGC	SNG	sampleA	10xv2	CD14+ monocyte
CNA_10xv2_2	CCTTCCAGAATCAGGG	SNG	sampleB	10xv2	Cytotoxic T cell
CNA_10xv2_2	TCGGGTGACAGCGCTC	SNG	sampleA	10xv2	CD14+ monocyte
CNA_10xv2_2	TACAACCGATTGGGAG	SNG	sampleA	10xv2	CD14+ monocyte
CNA_10xv2_2	GGTGAGATGCAGACCC	SNG	sampleA	10xv2	Natural killer cell
CNA_10xv2_2	GTCGACCGACCACTTC	SNG	sampleB	10xv2	CD16+ monocyte
CNA_10xv2_2	TCAACAGACCGTAGAG	SNG	sampleA	10xv2	CD14+ monocyte
CNA_10xv2_2	CTGCACGGACCTGAGC	SNG	sampleA	10xv2	Cytotoxic T cell
CNA_10xv2_2	TTGTAACCTGACATAA	SNG	sampleA	10xv2	CD4+ T cell
CNA_10xv2_2	TCTACGCTGACCTGCG	SNG	sampleB	10xv2	CD14+ monocyte
CNA_10xv2_2	CCTAGCACTGATTAAG	SNG	sampleB	10xv2	CD14+ monocyte
CNA_10xv2_2	GGTGCGTTGCAGGTGA	SNG	sampleA	10xv2	CD14+ monocyte
CNA_10xv2_2	CCAAGGAGAGACACCC	SNG	sampleB	10xv2	CD14+ monocyte
CNA_10xv2_2	GGTTCAATGCGCAACC	SNG	sampleA	10xv2	CD14+ monocyte
CNA_10xv2_2	TAACGAGCTAATCGCT	SNG	sampleA	10xv2	CD14+ monocyte
CNA_10xv2_2	CAGTTGATGGAGTGAC	SNG	sampleA	10xv2	CD14+ monocyte
CNA_10xv2_2	CCAACTCACCGTTAGT	SNG	sampleB	10xv2	CD4+ T cell
CNA_10xv2_2	GTGGTAACTGGGTTCC	SNG	sampleB	10xv2	CD4+ T cell
CNA_10xv2_2	GTAAGGCGATGCCACG	SNG	sampleA	10xv2	Natural killer cell
CNA_10xv2_2	GCGTAAGGAGACTGTT	SNG	sampleA	10xv2	CD14+ monocyte
CNA_10xv2_2	GCTACGGACTCATTTC	SNG	sampleA	10xv2	CD14+ monocyte
CNA_10xv2_2	CACTCTGACGGACAGT	SNG	sampleB	10xv2	Cytotoxic T cell
CNA_10xv2_2	CTCCAACTGTAGCTTG	SNG	sampleA	10xv2	B cell
CNA_10xv2_2	CTATTGGGAACTAGGG	SNG	sampleB	10xv2	CD14+ monocyte
CNA_10xv2_2	TACCGCTTGTCGCTAA	SNG	sampleA	10xv2	Cytotoxic T cell
CNA_10xv2_2	CGCATCTTGGGCCATC	SNG	sampleA	10xv2	Natural killer cell
CNA_10xv2_2	AACGCGCTGCACTCAA	SNG	sampleB	10xv2	CD14+ monocyte
CNA_10xv2_2	CAGGGCTTGAGATTCC	SNG	sampleB	10xv2	CD16+ monocyte
CNA_10xv2_2	CATAGTCGATGCTCAA	SNG	sampleA	10xv2	CD14+ monocyte
CNA_10xv2_2	ATCTCTTGATACACTG	SNG	sampleA	10xv2	CD14+ monocyte
CNA_10xv2_2	GATACGACTGACCGAA	SNG	sampleB	10xv2	Cytotoxic T cell
CNA_10xv2_2	AATGTGCTGGGCCAAA	SNG	sampleA	10xv2	Natural killer cell
CNA_10xv2_2	GGATATAGACTGATCA	SNG	sampleA	10xv2	CD14+ monocyte
CNA_10xv2_2	TGTTACTACCCCGAGT	SNG	sampleB	10xv2	Cytotoxic T cell
CNA_10xv2_2	GAGTCTCCTTCGACAT	SNG	sampleA	10xv2	Natural killer cell
CNA_10xv2_2	AACTACGACCTGCCAG	SNG	sampleA	10xv2	B cell
CNA_10xv2_2	CCCTATCGAGAACAGC	SNG	sampleB	10xv2	CD4+ T cell
CNA_10xv2_2	TGAAAGAACCCAAGTT	SNG	sampleB	10xv2	CD16+ monocyte
CNA_10xv2_2	TCCTTCACTGTTGTCA	SNG	sampleA	10xv2	Dendritic cell
CNA_10xv2_2	GGGATTGGACATCCTC	SNG	sampleB	10xv2	CD14+ monocyte
CNA_10xv2_2	GCATATCGACATGCTA	SNG	sampleA	10xv2	Natural killer cell
CNA_10xv2_2	GGTAGCCTGCAGCTGC	SNG	sampleA	10xv2	Cytotoxic T cell
CNA_10xv2_2	AGTCGCGTGTAGCTTG	SNG	sampleB	10xv2	Dendritic cell
CNA_10xv2_2	TACAACCGAGGAATAT	SNG	sampleB	10xv2	Cytotoxic T cell
CNA_10xv2_2	CATTTGTACTCTATCT	SNG	sampleB	10xv2	Cytotoxic T cell
CNA_10xv2_2	TTCCCAGACCTGAGAG	SNG	sampleB	10xv2	B cell
CNA_10xv2_2	ACAATGCACAGCAGGT	SNG	sampleB	10xv2	CD4+ T cell
CNA_10xv2_2	ACGTGTTGAGGCATTT	SNG	sampleA	10xv2	Natural killer cell
CNA_10xv2_2	TGAACTGTGACCTGCG	SNG	sampleA	10xv2	B cell
CNA_10xv2_2	GAACAACCTTGCGTGC	SNG	sampleA	10xv2	CD16+ monocyte
CNA_10xv2_2	CAACCCTACAAGTTCC	SNG	sampleA	10xv2	CD14+ monocyte
CNA_10xv2_2	TGCGCAGACACGTGCC	SNG	sampleB	10xv2	Natural killer cell
CNA_10xv2_2	TCTAGTGGATAGGAGC_TGATATCCTCGATCGC	SNG	sampleB	10xv2	Cytotoxic T cell
CNA_10xv2_2	TGTACTGGAGTGGTGA	SNG	sampleB	10xv2	CD16+ monocyte
CNA_10xv2_2	TAATAGGGACAGTCCG	SNG	sampleA	10xv2	CD14+ monocyte
CNA_10xv2_2	ACCGGCTGAACAGGTG_TACGTTTACAGGACAC	SNG	sampleA	10xv2	CD14+ monocyte
CNA_10xv2_2	TTCGATGGAATCAGCT	SNG	sampleB	10xv2	CD14+ monocyte
CNA_10xv2_2	CACTCTGACAGTCTGT	SNG	sampleA	10xv2	CD14+ monocyte
CNA_10xv2_2	TTTGGGAACACTCGAT	SNG	sampleB	10xv2	CD14+ monocyte
CNA_10xv2_2	ACCTCACACGATCATC	SNG	sampleB	10xv2	Natural killer cell
CNA_10xv2_2	CTCCAACTGCTGCCAG	SNG	sampleA	10xv2	CD14+ monocyte
CNA_10xv2_2	GCTGTGGTGAAGTAAC	SNG	sampleA	10xv2	CD14+ monocyte
CNA_10xv2_2	CTACTTTGATACTTTC	SNG	sampleA	10xv2	Cytotoxic T cell
CNA_10xv2_2	CATTCAACTTCGTACA	SNG	sampleA	10xv2	CD14+ monocyte
CNA_10xv2_2	GACCGACACCGTTCTC	SNG	sampleA	10xv2	CD16+ monocyte
CNA_10xv2_2	TGGATTGACGACATAA	SNG	sampleB	10xv2	Cytotoxic T cell
CNA_10xv2_2	CACAGCTCTGTTTGGT	SNG	sampleB	10xv2	Cytotoxic T cell
CNA_10xv2_2	CCTCACATGGGACCAA	SNG	sampleB	10xv2	Cytotoxic T cell
CNA_10xv2_2	TAATTGCCTCAGGGAT	SNG	sampleB	10xv2	CD16+ monocyte
CNA_10xv2_2	TATCGATCTATTAAGG	SNG	sampleA	10xv2	CD4+ T cell
CNA_10xv2_2	ATCGCCGGACCTAACA	SNG	sampleB	10xv2	B cell
CNA_10xv2_2	GTAAGAAACCGATCGC	SNG	sampleB	10xv2	CD4+ T cell
CNA_10xv2_2	CTAATCACTAAGTTCC	SNG	sampleB	10xv2	CD16+ monocyte
CNA_10xv2_2	CTGGTGGTGCCTTCCA	SNG	sampleA	10xv2	CD4+ T cell
CNA_10xv2_2	AAGACAAACCAGTCCG	SNG	sampleB	10xv2	Cytotoxic T cell
CNA_10xv2_2	AGGGACCCTGTTTGGT	SNG	sampleA	10xv2	B cell
CNA_10xv2_2	AGGTATGCTTGAAAGT	SNG	sampleB	10xv2	CD4+ T cell
CNA_10xv2_2	CGTGGAAGAGGAATAT	SNG	sampleA	10xv2	CD14+ monocyte
CNA_10xv2_2	GTTTCCCGATAAGTAG	SNG	sampleB	10xv2	CD4+ T cell
CNA_10xv2_2	ATGGGTTACGCATGAG	SNG	sampleB	10xv2	CD14+ monocyte
CNA_10xv2_2	GTGCAGAGACCGTGAC	SNG	sampleA	10xv2	CD4+ T cell
CNA_10xv2_2	GCTGTGGTGGCTCTTC	SNG	sampleA	10xv2	CD4+ T cell
CNA_10xv2_2	CTCTATAACCCGTGAC	SNG	sampleA	10xv2	CD4+ T cell
CNA_10xv2_2	CATCAGAACAATCCGT	SNG	sampleB	10xv2	CD4+ T cell
CNA_10xv2_2	GCCCTTAACTAAGCAA	SNG	sampleB	10xv2	B cell
CNA_10xv2_2	CCCATGTACGACATAA	SNG	sampleB	10xv2	Natural killer cell
CNA_10xv2_2	ATGCCCGGAGCGGTTC	SNG	sampleB	10xv2	CD4+ T cell
CNA_10xv2_2	GGCTTGCGATCATGCA	SNG	sampleA	10xv2	CD14+ monocyte
CNA_10xv2_2	ATCGGGCACTACTTTC	SNG	sampleB	10xv2	Natural killer cell
CNA_10xv2_2	ATCGGTCCTGACATAA	SNG	sampleB	10xv2	CD4+ T cell
CNA_10xv2_2	TTCCTAAACAGGACAC	SNG	sampleA	10xv2	CD4+ T cell
CNA_10xv2_2	TCGGCTTACTGAGTAA	SNG	sampleB	10xv2	CD4+ T cell
CNA_10xv2_2	TGAATGCACCGACATT	SNG	sampleB	10xv2	Cytotoxic T cell
CNA_10xv2_2	CTGCTGGGAATGGCCC	SNG	sampleB	10xv2	Cytotoxic T cell
CNA_10xv2_2	GATGAATGATTCGCAA	SNG	sampleB	10xv2	Cytotoxic T cell
CNA_10xv2_2	AGGAGGTTGGGCCATC	SNG	sampleA	10xv2	Natural killer cell
CNA_10xv2_2	CGCAAAGGAATCGGTT	SNG	sampleB	10xv2	Natural killer cell
CNA_10xv2_2	GCGCGAACTCCAGCTG	SNG	sampleB	10xv2	CD4+ T cell
CNA_10xv2_2	ACACACTGATGCATCA	SNG	sampleA	10xv2	Natural killer cell
CNA_10xv2_2	GCAGGTCTGGAGTAAT	SNG	sampleA	10xv2	Natural killer cell
CNA_10xv2_2	CAATCGTGAACCGTTA	SNG	sampleB	10xv2	Cytotoxic T cell
CNA_10xv2_2	TCTACGCTGCCAACGC	SNG	sampleA	10xv2	CD4+ T cell
CNA_10xv2_2	CAAGAATGAGCACTTA	SNG	sampleA	10xv2	Cytotoxic T cell
CNA_10xv2_2	GATCATGTGTCTTTGT	SNG	sampleA	10xv2	Cytotoxic T cell
CNA_10xv2_2	TTCTAGTACACCTAGT	SNG	sampleB	10xv2	Dendritic cell
CNA_10xv2_2	GCTTCTGTGAAATGCA	SNG	sampleA	10xv2	Natural killer cell
CNA_10xv2_2	AATGTGCACAAAGGTT	SNG	sampleB	10xv2	Cytotoxic T cell
CNA_10xv2_2	ATGTTTCACTGTTGTG	SNG	sampleB	10xv2	Cytotoxic T cell
CNA_10xv2_2	GTACTGAACCATTCAG	SNG	sampleA	10xv2	CD14+ monocyte
CNA_10xv2_2	ACCCTTGTGACCATGT	SNG	sampleB	10xv2	CD4+ T cell
CNA_10xv2_2	AACTGTGACACAGGTG	SNG	sampleB	10xv2	CD14+ monocyte
CNA_10xv2_2	CTGTAACGAAGGTCCC	SNG	sampleB	10xv2	CD16+ monocyte
CNA_10xv2_2	AGGTATGCTGGACAGT	SNG	sampleA	10xv2	B cell
CNA_10xv2_2	ACTGGAACTACTAGGG	SNG	sampleB	10xv2	Cytotoxic T cell
CNA_10xv2_2	CAACGCGTGGGAGTCA	SNG	sampleB	10xv2	CD4+ T cell
CNA_10xv2_2	TGGCATCCTGTTAGAA	SNG	sampleA	10xv2	CD14+ monocyte
CNA_10xv2_2	TTGTATCTGAACGAAT	SNG	sampleB	10xv2	Cytotoxic T cell
CNA_10xv2_2	GTTCGGCGAGGCCATC	SNG	sampleB	10xv2	Cytotoxic T cell
CNA_10xv2_2	CAAGATAGATTCTGAG	SNG	sampleA	10xv2	CD4+ T cell
CNA_10xv2_2	ATCGTCCACAAGGCTG	SNG	sampleA	10xv2	CD4+ T cell
CNA_10xv2_2	TCTTATGACAGGACCA	SNG	sampleB	10xv2	CD14+ monocyte
CNA_10xv2_2	AGTACGTTGGACTCGC	SNG	sampleB	10xv2	Dendritic cell
CNA_10xv2_2	CATGATGTGGGCATTT	SNG	sampleA	10xv2	CD4+ T cell
CNA_10xv2_2	CTGCTTTCTTCCTACC	SNG	sampleA	10xv2	CD14+ monocyte
CNA_10xv2_2	CTTGACGCTTAGGTTC	SNG	sampleA	10xv2	CD16+ monocyte
CNA_10xv2_2	GTATCAGTGGAAGGCT	SNG	sampleB	10xv2	CD16+ monocyte
CNA_10xv2_2	TGAGATAGAACAGGTG	SNG	sampleA	10xv2	CD16+ monocyte
CNA_10xv2_2	ATTCCTAACCCTCGTT	SNG	sampleB	10xv2	B cell
CNA_10xv2_2	CATGCAAACCAGGTGA	SNG	sampleA	10xv2	Natural killer cell
CNA_10xv2_2	ACTCGCTACTCTGGAT	SNG	sampleB	10xv2	Cytotoxic T cell
CNA_10xv2_2	CCACATGCTTGTGCTA	SNG	sampleB	10xv2	CD14+ monocyte
CNA_10xv2_2	GGTCGCATGGATAGCG	SNG	sampleA	10xv2	Dendritic cell
CNA_10xv2_2	GTGTGATACTCGCAGC	SNG	sampleB	10xv2	CD14+ monocyte
CNA_10xv2_2	ACTTGCCTGATCCGTA	SNG	sampleB	10xv2	CD14+ monocyte
CNA_10xv2_2	AGATGTAGAGCTTCGG	SNG	sampleB	10xv2	CD16+ monocyte
CNA_10xv2_2	CTTGCGTACGACAAAT	SNG	sampleB	10xv2	B cell
CNA_10xv2_2	TCAACATCTCGGAATG	SNG	sampleB	10xv2	B cell
CNA_10xv2_2	TCATTGGGACCTATCC	SNG	sampleA	10xv2	CD4+ T cell
CNA_10xv2_2	TTTATCCGAAGCTTGT	SNG	sampleA	10xv2	CD16+ monocyte
CNA_10xv2_2	GGACGCTTGTCCGTAA	SNG	sampleA	10xv2	Natural killer cell
CNA_10xv2_2	TGCATGCCTCCCGCAA	SNG	sampleB	10xv2	Dendritic cell
CNA_10xv2_2	CCCTTGCCTGGTAGAC	SNG	sampleA	10xv2	Cytotoxic T cell
CNA_10xv2_2	TTCCCGAACAGGTGCA	SNG	sampleB	10xv2	CD4+ T cell
CNA_10xv2_2	CGCTTAAGAACCGTTA	SNG	sampleA	10xv2	Natural killer cell
CNA_10xv2_2	GGTAGCAGACCTCCTA	SNG	sampleA	10xv2	CD4+ T cell
CNA_10xv2_2	GGGTCACACGTGGTGA	SNG	sampleB	10xv2	B cell
CNA_10xv2_2	TATCCATACGACGCCT	SNG	sampleB	10xv2	Cytotoxic T cell
CNA_10xv2_2	TTTCGTAACAAGTCTC	SNG	sampleA	10xv2	B cell
CNA_10xv2_2	GAAGCACGACGTGCAC	SNG	sampleA	10xv2	Cytotoxic T cell
CNA_10xv2_2	TTTCTCGCTTGTGGGA	SNG	sampleA	10xv2	CD4+ T cell
CNA_10xv2_2	TAACGAGCTGCTAATC	SNG	sampleB	10xv2	Natural killer cell
CNA_10xv2_2	GTGCATTGATTGCGCG	SNG	sampleB	10xv2	CD14+ monocyte
CNA_10xv2_2	TCCTCATCTACGTGCC	SNG	sampleA	10xv2	Natural killer cell
CNA_10xv2_2	GATAAGAACCCACTTC	SNG	sampleA	10xv2	Cytotoxic T cell
CNA_10xv2_2	GGTATCTGACTGGAAG	SNG	sampleB	10xv2	Cytotoxic T cell
CNA_10xv2_2	TTACCATTGATGGCCC	SNG	sampleB	10xv2	Cytotoxic T cell
CNA_10xv2_2	GTCAACTGACTTCACC	SNG	sampleB	10xv2	CD14+ monocyte
CNA_10xv2_2	TTACACACTTCGTACA	SNG	sampleB	10xv2	Cytotoxic T cell
CNA_10xv2_2	GTAATCGTGGGAATTA	SNG	sampleB	10xv2	CD4+ T cell
CNA_10xv2_2	TCGGACCGAGAACGTG	SNG	sampleA	10xv2	Cytotoxic T cell
CNA_10xv2_2	CACGATTGATGCTTGA	SNG	sampleB	10xv2	Cytotoxic T cell
CNA_10xv2_2	GGCTGACTGTGGCTTA	SNG	sampleB	10xv2	Cytotoxic T cell
CNA_10xv2_2	TACCTGCTGATTGCCA	SNG	sampleA	10xv2	Natural killer cell
CNA_10xv2_2	GAGAGTGACCTCCTAC	SNG	sampleB	10xv2	Cytotoxic T cell
CNA_10xv2_2	ATCCCGACTAGCCCTG	SNG	sampleA	10xv2	CD4+ T cell
CNA_10xv2_2	TTAGCGATGTGACCTA	SNG	sampleA	10xv2	Cytotoxic T cell
CNA_10xv2_2	CAGTGGAGACAGCTGC	SNG	sampleA	10xv2	CD14+ monocyte
CNA_10xv2_2	GGTTGGAGAACCGTTA	SNG	sampleB	10xv2	B cell
CNA_10xv2_2	CTTTCTGCTACACCGC	SNG	sampleA	10xv2	CD4+ T cell
CNA_10xv2_2	TAGAGCGGATGGAACG	SNG	sampleB	10xv2	CD14+ monocyte
CNA_10xv2_2	GAGAAGAGAGTGGTGA	SNG	sampleB	10xv2	Cytotoxic T cell
CNA_10xv2_2	ACACATCGAATCACAC	SNG	sampleA	10xv2	CD14+ monocyte
CNA_10xv2_2	CAAACCTGACCTCGTT	SNG	sampleB	10xv2	Natural killer cell
CNA_10xv2_2	GACCCGTGACCTAACA	SNG	sampleB	10xv2	CD4+ T cell
CNA_10xv2_2	AACTAGCACATGTGGG	SNG	sampleB	10xv2	CD4+ T cell
CNA_10xv2_2	CGGTGTGTGGCGGTTC	SNG	sampleA	10xv2	CD14+ monocyte
CNA_10xv2_2	CGACATCCTTTGGGAG	SNG	sampleA	10xv2	CD4+ T cell
CNA_10xv2_2	AGATGTAGAGTTAGAA	SNG	sampleA	10xv2	CD4+ T cell
CNA_10xv2_2	GGGTCACACATTCTGG	SNG	sampleA	10xv2	B cell
CNA_10xv2_2	CTAATCTTGGCGGTAA	SNG	sampleB	10xv2	Cytotoxic T cell
CNA_10xv2_2	TTATGGTCTCCAACGC	SNG	sampleA	10xv2	CD4+ T cell
CNA_10xv2_2	ACTCAGAACGCGTATT	SNG	sampleA	10xv2	CD14+ monocyte
CNA_10xv2_2	AGTCACAACGAACATA	SNG	sampleB	10xv2	CD14+ monocyte
CNA_10xv2_2	CCAACTCACGTACTAC	SNG	sampleA	10xv2	CD4+ T cell
CNA_10xv2_2	CTATTGGGAGTTTACG	SNG	sampleA	10xv2	CD14+ monocyte
CNA_10xv2_2	GGTCAGAGAATCCTTT	SNG	sampleA	10xv2	CD16+ monocyte
CNA_10xv2_2	CTTCAGCACTCGCTAA	SNG	sampleA	10xv2	CD14+ monocyte
CNA_10xv2_2	GCTAAGACTACCAGTT	SNG	sampleA	10xv2	CD14+ monocyte
CNA_10xv2_2	TAGTCCGCTCTCTGGG	SNG	sampleB	10xv2	CD4+ T cell
CNA_10xv2_2	AAAGGGAGAGACCGAA	SNG	sampleA	10xv2	CD4+ T cell
CNA_10xv2_2	TGCGTCTACCGACTAT	SNG	sampleB	10xv2	CD4+ T cell
CNA_10xv2_2	CTCTGAAGATCTGGGC	SNG	sampleA	10xv2	CD4+ T cell
CNA_10xv2_2	TCCTGTGACAAATCGA	SNG	sampleA	10xv2	CD4+ T cell
CNA_10xv2_2	CGTCAACCTGGACCTC	SNG	sampleA	10xv2	CD4+ T cell
CNA_10xv2_2	TGCCGTTACCGACTAT	SNG	sampleB	10xv2	CD4+ T cell
CNA_10xv2_2	AGAGGGACTCGTGCAC	SNG	sampleB	10xv2	Natural killer cell
CNA_10xv2_2	CAGCGCATGAGGCATG	SNG	sampleB	10xv2	CD4+ T cell
CNA_10xv2_2	TGAGCTAACGGAGTCA	SNG	sampleA	10xv2	Natural killer cell
CNA_10xv2_2	CTGGCCAGACATGATC	SNG	sampleB	10xv2	CD16+ monocyte
CNA_10xv2_2	ACAGTTGACCTTTGTT	SNG	sampleB	10xv2	CD4+ T cell
CNA_10xv2_2	CTTGCGTACGGATGGT	SNG	sampleB	10xv2	Cytotoxic T cell
CNA_10xv2_2	CCAACTCACGAATTGA	SNG	sampleA	10xv2	Natural killer cell
CNA_10xv2_2	CGTCTTGACACACAAA	SNG	sampleA	10xv2	Cytotoxic T cell
CNA_10xv2_2	CCGTTGTACTTCGCCT	SNG	sampleA	10xv2	CD14+ monocyte
CNA_10xv2_2	GTAAGAAACGATGGAC	SNG	sampleB	10xv2	B cell
CNA_10xv2_2	ATGCCCGGAGTTAGAA	SNG	sampleA	10xv2	CD14+ monocyte
CNA_10xv2_2	AACAGCTACCAGCAAG	SNG	sampleA	10xv2	Natural killer cell
CNA_10xv2_2	GTCGACCGATTTCTTG	SNG	sampleB	10xv2	CD4+ T cell
CNA_10xv2_2	TCAACAGACTTGACAC	SNG	sampleA	10xv2	Natural killer cell
CNA_10xv2_2	TTCGTCCGAGATGGAC	SNG	sampleB	10xv2	CD4+ T cell
CNA_10xv2_2	GACCGCTGAGATAGCG	SNG	sampleA	10xv2	Natural killer cell
CNA_10xv2_2	CGGATAGGAACAACAA	SNG	sampleA	10xv2	CD4+ T cell
CNA_10xv2_2	GGTGCGTTGTGCTCAA	SNG	sampleB	10xv2	CD14+ monocyte
CNA_10xv2_2	TTGCGGTCTACGTGCC	SNG	sampleB	10xv2	Natural killer cell
CNA_10xv2_2	AAGCGTGGACAGGTGA	SNG	sampleB	10xv2	CD16+ monocyte
CNA_10xv2_2	GGTCAGAGACCGCAGT	SNG	sampleB	10xv2	CD14+ monocyte
CNA_10xv2_2	TCTGAGCCTTAGCGAG	SNG	sampleA	10xv2	CD4+ T cell
CNA_10xv2_2	CTGTGCACTGAGTAAT	SNG	sampleA	10xv2	CD14+ monocyte
CNA_10xv2_2	TCGCACGGAAGTCTAC	SNG	sampleB	10xv2	CD4+ T cell
CNA_10xv2_2	ACAAAGAACTCGCAGC	SNG	sampleA	10xv2	CD4+ T cell
CNA_10xv2_2	CTGCACGGATGGCATT	SNG	sampleB	10xv2	CD16+ monocyte
CNA_10xv2_2	GTGCTCACTGACATAA	SNG	sampleB	10xv2	B cell
CNA_10xv2_2	TATCATGCTTGCTTGA	SNG	sampleB	10xv2	CD4+ T cell
CNA_10xv2_2	TACCGACCTTCGGGCT_TTAGACCGAGGTTGAG	SNG	sampleB	10xv2	B cell
CNA_10xv2_2	TAATAGGGAAGGCATG	SNG	sampleB	10xv2	Cytotoxic T cell
CNA_10xv2_2	CTTCCACGATACCAAC	SNG	sampleA	10xv2	CD14+ monocyte
CNA_10xv2_2	GCGAGAATGTGATGAA	SNG	sampleA	10xv2	CD4+ T cell
CNA_10xv2_2	CCAACTCACTAGGCGA	SNG	sampleB	10xv2	CD14+ monocyte
CNA_10xv2_2	TCACACAGAATGTCCA	SNG	sampleA	10xv2	CD14+ monocyte
CNA_10xv2_2	TGCAGTATGGCTCTTC	SNG	sampleA	10xv2	Natural killer cell
CNA_10xv2_2	GATGGTTACTGACTCA	SNG	sampleA	10xv2	CD16+ monocyte
CNA_10xv2_2	GCGCGAACTACACAAA	SNG	sampleB	10xv2	CD4+ T cell
CNA_10xv2_2	CGATGATTGCGAACGA	SNG	sampleA	10xv2	Natural killer cell
CNA_10xv2_2	CTATGGATGTTCTGAG	SNG	sampleA	10xv2	CD4+ T cell
CNA_10xv2_2	TATAGCCGACCAAACT	SNG	sampleA	10xv2	Cytotoxic T cell
CNA_10xv2_2	GTTGAAGCTTCGACAT_TCTATGGGACTCACTC	SNG	sampleA	10xv2	CD4+ T cell
CNA_10xv2_2	TCTGAACGAAAACTGA	SNG	sampleB	10xv2	Natural killer cell
CNA_10xv2_2	GTAAACAGACATCTTT	SNG	sampleB	10xv2	Natural killer cell
CNA_10xv2_2	TTCACGAGAAATGCGG	SNG	sampleB	10xv2	Cytotoxic T cell
CNA_10xv2_2	TAACAGAGACCCGAGT	SNG	sampleA	10xv2	CD4+ T cell
CNA_10xv2_2	GCTAGATACCTCGAGC	SNG	sampleA	10xv2	CD4+ T cell
CNA_10xv2_2	TGAGCTAACTAATGCC	SNG	sampleA	10xv2	CD14+ monocyte
CNA_10xv2_2	TATTCCTGAATGTCAC	SNG	sampleB	10xv2	Natural killer cell
CNA_10xv2_2	CAATTCGGAGCTTCGG	SNG	sampleB	10xv2	Cytotoxic T cell
CNA_10xv2_2	AAGAAACACCTGATCA	SNG	sampleB	10xv2	Natural killer cell
CNA_10xv2_2	CGTGGAAGATTTCTGT	SNG	sampleB	10xv2	CD4+ T cell
CNA_10xv2_2	CGAGCACTGTCAATGC	SNG	sampleA	10xv2	CD14+ monocyte
CNA_10xv2_2	GGGAACCCTAACGTTC	SNG	sampleB	10xv2	Cytotoxic T cell
CNA_10xv2_2	TGAGCCCGAACCGTTA	SNG	sampleB	10xv2	Natural killer cell
CNA_10xv2_2	ACTCAGAACCGGCACT	SNG	sampleB	10xv2	Cytotoxic T cell
CNA_10xv2_2	ACGACGCTGTGAGTAA	SNG	sampleB	10xv2	CD4+ T cell
CNA_10xv2_2	CATTAGTCTCTCGATA	SNG	sampleB	10xv2	CD4+ T cell
CNA_10xv2_2	AAGGTAATGCCTCCTA	SNG	sampleA	10xv2	Natural killer cell
CNA_10xv2_2	GCGATCCGAGCTCCTT	SNG	sampleA	10xv2	Natural killer cell
CNA_10xv2_2	TAGGTAAGAACCTAGT	SNG	sampleB	10xv2	Cytotoxic T cell
CNA_10xv2_2	TGAGGCCACGGCCATC	SNG	sampleB	10xv2	CD16+ monocyte
CNA_10xv2_2	TGTTATCACAATCTGC	SNG	sampleB	10xv2	Natural killer cell
CNA_10xv2_2	TAGCTGATGGGACTGA	SNG	sampleA	10xv2	CD4+ T cell
CNA_10xv2_2	CTGTTGCTGCTTGTGA	SNG	sampleA	10xv2	CD4+ T cell
CNA_10xv2_2	GTCAAGTACTTCGGGC	SNG	sampleB	10xv2	CD4+ T cell
CNA_10xv2_2	GGCACAAGAAGATTCC	SNG	sampleB	10xv2	Cytotoxic T cell
CNA_10xv2_2	TTCCGTCGATGGAACG	SNG	sampleB	10xv2	CD14+ monocyte
CNA_10xv2_2	GAGCATTTGTGCATCA	SNG	sampleB	10xv2	B cell
CNA_10xv2_2	ATTAGCGTGGCCAGCT	SNG	sampleA	10xv2	B cell
CNA_10xv2_2	TTTCGGCTGAGCTTGT	SNG	sampleA	10xv2	Natural killer cell
CNA_10xv2_2	CAAAGCTTGCGAGGTA	SNG	sampleA	10xv2	CD14+ monocyte
CNA_10xv2_2	CCCTTGCCTGAATAAC	SNG	sampleB	10xv2	Cytotoxic T cell
CNA_10xv2_2	CGACATCCTAATCGCT	SNG	sampleB	10xv2	CD4+ T cell
CNA_10xv2_2	CCTAGCACTGGTATGG_TGCATGCCTAAAGTAC	SNG	sampleA	10xv2	CD4+ T cell
CNA_10xv2_2	GAGTGTTACCAGATTC	SNG	sampleA	10xv2	Natural killer cell
CNA_10xv2_2	CGCTTCCCTTTGCGCG_GTTACAGTGATCATCG	SNG	sampleA	10xv2	CD14+ monocyte
CNA_10xv2_2	TTCCCGAACGAGTAAT	SNG	sampleB	10xv2	CD4+ T cell
CNA_10xv2_2	AGCTTGTGATTAGAAG	SNG	sampleB	10xv2	CD14+ monocyte
CNA_10xv2_2	CTTAATCTGGCCCTGA	SNG	sampleA	10xv2	B cell
CNA_10xv2_2	GGACGCTTGATGTCCA	SNG	sampleB	10xv2	CD14+ monocyte
CNA_10xv2_2	CAACAACACGTTGACT_TGCTCGACTAGTAGGC	SNG	sampleA	10xv2	B cell
CNA_10xv2_2	GTTTCATTGTGCGTGC	SNG	sampleA	10xv2	B cell
CNA_10xv2_2	ATGATAGGACCAGAGA	SNG	sampleB	10xv2	Cytotoxic T cell
CNA_10xv2_2	ACGTGTTGAAGCCCTG	SNG	sampleA	10xv2	CD4+ T cell
CNA_10xv2_2	TCAAACTCTCGATGGA	SNG	sampleA	10xv2	Natural killer cell
CNA_10xv2_2	TCTGGTCACCCTAACA	SNG	sampleA	10xv2	Natural killer cell
CNA_10xv2_2	GCTTGTCACATGGCCC	SNG	sampleA	10xv2	CD14+ monocyte
CNA_10xv2_2	TACCGCTACTGCGGCT	SNG	sampleA	10xv2	B cell
CNA_10xv2_2	GTTGACTGAATGGCCC	SNG	sampleA	10xv2	Natural killer cell
CNA_10xv2_2	CATTTCCCTCCTGTGG	SNG	sampleB	10xv2	B cell
CNA_10xv2_2	TTCCTACCTAGGTCCC	SNG	sampleB	10xv2	B cell
CNA_10xv2_2	AAATAGCGACATACTG	SNG	sampleA	10xv2	CD4+ T cell
CNA_10xv2_2	CCCACCTCTCTGGGTC	SNG	sampleB	10xv2	CD4+ T cell
CNA_10xv2_2	GGCGTTTCTCGACAAG	SNG	sampleB	10xv2	CD4+ T cell
CNA_10xv2_2	ATGGGAGTGTCATTGG	SNG	sampleB	10xv2	CD4+ T cell
CNA_10xv2_2	CAGAGTACTCCAGCTG_CGACAGCACGCTTTGA	SNG	sampleA	10xv2	CD4+ T cell
CNA_10xv2_2	TCCGTGTTGTATTGCG	SNG	sampleA	10xv2	CD4+ T cell
CNA_10xv2_2	AAGATCAGATCTGCAA	SNG	sampleA	10xv2	CD14+ monocyte
CNA_10xv2_2	TTCGAGAACAGACTTC	SNG	sampleA	10xv2	B cell
CNA_10xv2_2	AGAGAATTGCTATCTT	SNG	sampleA	10xv2	B cell
CNA_10xv2_2	CCGTTCTGAGTCCCGA	SNG	sampleA	10xv2	CD14+ monocyte
CNA_10xv2_2	TTCCACTCTGCATGAG	SNG	sampleA	10xv2	CD4+ T cell
CNA_10xv2_2	TTGTACTACAGCAAGC	SNG	sampleB	10xv2	B cell
CNA_10xv2_2	TGGAATCACGCCGCTA	SNG	sampleB	10xv2	CD16+ monocyte
CNA_10xv2_2	GTTGAAGCTTGGGCAA	SNG	sampleA	10xv2	Dendritic cell
CNA_10xv2_2	CATCAGTGACGATTAC	SNG	sampleB	10xv2	Cytotoxic T cell
CNA_10xv2_2	ATTACTCACATAACCC	SNG	sampleA	10xv2	Cytotoxic T cell
CNA_10xv2_2	CGATACATGCCAAACT	SNG	sampleB	10xv2	Natural killer cell
CNA_10xv2_2	GGATTTGACTCTGTGA	SNG	sampleA	10xv2	CD4+ T cell
CNA_10xv2_2	TGTACCAGAGCTTACA	SNG	sampleA	10xv2	CD4+ T cell
CNA_10xv2_2	TTGGGTAACTTCGGGC	SNG	sampleA	10xv2	CD14+ monocyte
CNA_10xv2_2	CAAAGTAGAATCAGGG	SNG	sampleA	10xv2	CD4+ T cell
CNA_10xv2_2	TTGCGTCACCGGGTAA	SNG	sampleA	10xv2	CD14+ monocyte
CNA_10xv2_2	GTCGTGGTGCGAGGTA	SNG	sampleA	10xv2	CD4+ T cell
CNA_10xv2_2	GCTGGACACAGGCATG	SNG	sampleB	10xv2	Cytotoxic T cell
CNA_10xv2_2	TTGGCGTCTTGCTGGC	SNG	sampleA	10xv2	B cell
CNA_10xv2_2	GCTTACCACTCATGTG	SNG	sampleA	10xv2	Natural killer cell
CNA_10xv2_2	GTTAATCCTGAACCTT	SNG	sampleB	10xv2	CD4+ T cell
CNA_10xv2_2	GCTTCTGTGACCTGCG	SNG	sampleA	10xv2	Natural killer cell
CNA_10xv2_2	CACCAAATGCATGCAT	SNG	sampleB	10xv2	Natural killer cell
CNA_10xv2_2	TGACTCAGAGGATGGT	SNG	sampleA	10xv2	CD4+ T cell
CNA_10xv2_2	GCCGTTTACGTCTTGA	SNG	sampleB	10xv2	CD16+ monocyte
CNA_10xv2_2	GTCACAAACACCATGT	SNG	sampleB	10xv2	CD4+ T cell
CNA_10xv2_2	CTTTAACTGGCTAATC	SNG	sampleA	10xv2	B cell
CNA_10xv2_2	TGGGAGTGAATGTCAC	SNG	sampleA	10xv2	CD4+ T cell
CNA_10xv2_2	AATCGGACTGGATGGT	SNG	sampleA	10xv2	CD4+ T cell
CNA_10xv2_2	TTGGGAGGAGCTAGAG	SNG	sampleB	10xv2	Cytotoxic T cell
CNA_10xv2_2	CGGTTCACTCTTAAGC_GGGATTGGAAAGGCTG	SNG	sampleA	10xv2	B cell
CNA_10xv2_2	GATACGGGAAAACTGA	SNG	sampleB	10xv2	CD14+ monocyte
CNA_10xv2_2	AGGGCAAACTACACTG	SNG	sampleB	10xv2	Cytotoxic T cell
CNA_10xv2_2	GCGGCAACTAAGGCCA	SNG	sampleB	10xv2	Cytotoxic T cell
CNA_10xv2_2	GTTCCCATGCAGGGAT	SNG	sampleA	10xv2	CD4+ T cell
CNA_10xv2_2	TTAGACCGACTCATCC	SNG	sampleA	10xv2	CD14+ monocyte
CNA_10xv2_2	AGCTTCCACCTATCTT	SNG	sampleB	10xv2	Natural killer cell
CNA_10xv2_2	TTCACGCTGTCGCAGC	SNG	sampleB	10xv2	CD4+ T cell
CNA_10xv2_2	AGGTGTGGAATCATGC	SNG	sampleB	10xv2	Natural killer cell
CNA_10xv2_2	ATAGGAAACTACGTTG	SNG	sampleA	10xv2	CD14+ monocyte
CNA_10xv2_2	GTCGATAACTCTGGAT	SNG	sampleB	10xv2	Cytotoxic T cell
CNA_10xv2_2	CATTACACTCGTAACT	SNG	sampleA	10xv2	Natural killer cell
CNA_10xv2_2	ATTGTGCGAAGCTTTG	SNG	sampleB	10xv2	Cytotoxic T cell
CNA_10xv2_2	ATCACGATGTAGGTTC	SNG	sampleA	10xv2	CD16+ monocyte
CNA_10xv2_2	CACACCACTAACGTGG	SNG	sampleB	10xv2	Cytotoxic T cell
CNA_10xv2_2	GGACACCTGCATCTTT	SNG	sampleA	10xv2	CD4+ T cell
CNA_10xv2_2	GGACACAGACCTCCTA	SNG	sampleB	10xv2	B cell
CNA_10xv2_2	TTCTCTCTGAGGTAAT	SNG	sampleA	10xv2	CD4+ T cell
CNA_10xv2_2	GCGTCTTTGGCTAATC	SNG	sampleB	10xv2	Cytotoxic T cell
CNA_10xv2_2	AGGGCAAACTTAGCTG	SNG	sampleB	10xv2	CD16+ monocyte
CNA_10xv2_2	AAATAGGTGTAACGGG	SNG	sampleB	10xv2	CD16+ monocyte
CNA_10xv2_2	ATGTCCAGAAGTCTGT	SNG	sampleA	10xv2	CD14+ monocyte
CNA_10xv2_2	GAAGCTTTGCAATGAA	SNG	sampleB	10xv2	CD16+ monocyte
CNA_10xv2_2	TTGGCTCTGACTAGGG	SNG	sampleB	10xv2	CD16+ monocyte
CNA_10xv2_2	GAAGGACACATTCGGT	SNG	sampleB	10xv2	CD4+ T cell
CNA_10xv2_2	AGCTCTGCTCAGGTGA	SNG	sampleB	10xv2	B cell
CNA_10xv2_2	GGGTATACTCATAGCT	SNG	sampleA	10xv2	CD4+ T cell
CNA_10xv2_2	CACTCTGACTACGATC	SNG	sampleA	10xv2	CD4+ T cell
CNA_10xv2_2	CATTACACTATAGGTA	SNG	sampleB	10xv2	Natural killer cell
CNA_10xv2_2	GTATAGGCTAGTGAGC	SNG	sampleA	10xv2	Dendritic cell
CNA_10xv2_2	TTTAAGCCTAAGGCCA	SNG	sampleA	10xv2	CD4+ T cell
CNA_10xv2_2	AATGTGCTGCTGAGAG	SNG	sampleB	10xv2	Cytotoxic T cell
CNA_10xv2_2	GTAACTGTGCCGTTAA	SNG	sampleB	10xv2	CD4+ T cell
CNA_10xv2_2	GCATGATACTGAGGCA	SNG	sampleB	10xv2	CD16+ monocyte
CNA_10xv2_2	TCAGTCCTGACCGTTA	SNG	sampleB	10xv2	Cytotoxic T cell
CNA_10xv2_2	ATAGGAAACACAACAA	SNG	sampleB	10xv2	CD16+ monocyte
CNA_10xv2_2	ATGGCATTGCGTTAGT	SNG	sampleB	10xv2	CD4+ T cell
CNA_10xv2_2	CATTGTTACAGGTGCA	SNG	sampleB	10xv2	Cytotoxic T cell
CNA_10xv2_2	CGTGTCTTGATAGCAA	SNG	sampleB	10xv2	Cytotoxic T cell
CNA_10xv2_2	GTCTGGCGAGAACAGC	SNG	sampleA	10xv2	CD4+ T cell
CNA_10xv2_2	CGATACCCTTTGTGAC	SNG	sampleB	10xv2	Cytotoxic T cell
CNA_10xv2_2	CACATTACTTGGGCAA	SNG	sampleA	10xv2	Natural killer cell
CNA_10xv2_2	CCCACCTCTAGGGCTA	SNG	sampleA	10xv2	CD4+ T cell
CNA_10xv2_2	GAGCATTTGTAGACAA	SNG	sampleA	10xv2	CD4+ T cell
CNA_10xv2_2	TCCGACACTGTCGGTC	SNG	sampleB	10xv2	CD16+ monocyte
CNA_10xv2_2	TCCTGTTCTAGTTGAA	SNG	sampleB	10xv2	B cell
CNA_10xv2_2	TCTCTCGGATCGCAGC	SNG	sampleB	10xv2	Cytotoxic T cell
CNA_10xv2_2	AGGTATAGAGTTGTCA	SNG	sampleA	10xv2	CD14+ monocyte
CNA_10xv2_2	TTTACGTACACGTAAA	SNG	sampleB	10xv2	B cell
CNA_10xv2_2	ACAGACTTGGCTGAGA	SNG	sampleA	10xv2	Dendritic cell
CNA_10xv2_2	TCCGCCTCTGCACTTA	SNG	sampleB	10xv2	Cytotoxic T cell
CNA_10xv2_2	ACTAACCGAAACGCAG	SNG	sampleB	10xv2	B cell
CNA_10xv2_2	CGAGAGATGTCCTACC	SNG	sampleA	10xv2	Natural killer cell
CNA_10xv2_2	CCTATCCGACATACTG	SNG	sampleB	10xv2	CD14+ monocyte
CNA_10xv2_2	CAGTAGTTGCCAGCTG	SNG	sampleA	10xv2	CD14+ monocyte
CNA_10xv2_2	CGTGAATACGACGCCT	SNG	sampleB	10xv2	CD4+ T cell
CNA_10xv2_2	TACATTCACCAATAGA	SNG	sampleA	10xv2	CD4+ T cell
CNA_10xv2_2	TCGTTGCTGCTGTGCG	SNG	sampleB	10xv2	Dendritic cell
CNA_10xv2_2	CCCTGAACTCGAAAGC	SNG	sampleB	10xv2	CD4+ T cell
CNA_10xv2_2	ATTCAGGTGATCACAC	SNG	sampleB	10xv2	CD4+ T cell
CNA_10xv2_2	AGCTATCGAAGTACGG	SNG	sampleB	10xv2	Cytotoxic T cell
CNA_10xv2_2	TTTCGGCTGTGAAAGT	SNG	sampleB	10xv2	Cytotoxic T cell
CNA_10xv2_2	AACGCGCTGAGAGGCT	SNG	sampleB	10xv2	Natural killer cell
CNA_10xv2_2	AACTGTGACAATCGCT	SNG	sampleB	10xv2	CD4+ T cell
CNA_10xv2_2	TTGTACTACCTGGCAC	SNG	sampleB	10xv2	CD4+ T cell
CNA_10xv2_2	AGGGTTTACGGCCATC	SNG	sampleB	10xv2	CD4+ T cell
CNA_10xv2_2	TCGCCGAGAACCAAGG	SNG	sampleA	10xv2	CD14+ monocyte
CNA_10xv2_2	GCAGTATTGGTTAGGG	SNG	sampleB	10xv2	Cytotoxic T cell
CNA_10xv2_2	TGTCTGCACAGCTGAG	SNG	sampleB	10xv2	Dendritic cell
CNA_10xv2_2	GGGTCGTACGAAGTTA	SNG	sampleA	10xv2	CD14+ monocyte
CNA_10xv2_2	GAGAGCCCTGACACCC	SNG	sampleB	10xv2	B cell
CNA_10xv2_2	GCGAGCACTAGCAAGC	SNG	sampleA	10xv2	CD4+ T cell
CNA_10xv2_2	AGGTGATCTCATTCAG	SNG	sampleB	10xv2	CD4+ T cell
CNA_10xv2_2	AGGGCGTCTCATCCTC	SNG	sampleB	10xv2	CD4+ T cell
CNA_10xv2_2	ACAGTCATGCCAACGC	SNG	sampleB	10xv2	Cytotoxic T cell
CNA_10xv2_2	CCTGATCACGCACCCA	SNG	sampleA	10xv2	CD4+ T cell
CNA_10xv2_2	GGTAGCAGAAGCTTGT	SNG	sampleB	10xv2	Cytotoxic T cell
CNA_10xv2_2	GCCTAAATGAGAGGCT	SNG	sampleA	10xv2	CD14+ monocyte
CNA_10xv2_2	TTCAGTTACCGGTACC	SNG	sampleB	10xv2	Cytotoxic T cell
CNA_10xv2_2	TCGACTCTGGATGGAC	SNG	sampleB	10xv2	Cytotoxic T cell
CNA_10xv2_2	GTCTTGCACAGGACCA	SNG	sampleA	10xv2	CD4+ T cell
CNA_10xv2_2	GGACATTTGGCCCTAG	SNG	sampleB	10xv2	Cytotoxic T cell
CNA_10xv2_2	AAATGCCTGATTAAGG	SNG	sampleA	10xv2	CD14+ monocyte
CNA_10xv2_2	GGACCTCGACTGGCAC	SNG	sampleA	10xv2	Natural killer cell
CNA_10xv2_2	CATTCCCGAAAGCTAA	SNG	sampleA	10xv2	CD4+ T cell
CNA_10xv2_2	TGAACTGTGCGCAACC	SNG	sampleB	10xv2	Cytotoxic T cell
CNA_10xv2_2	TACCCGTTGCAGGTGA	SNG	sampleA	10xv2	Natural killer cell
CNA_10xv2_2	GGAAGCCCTTAGGCGA	SNG	sampleB	10xv2	CD4+ T cell
CNA_10xv2_2	AGGACGCCTGGACCTC	SNG	sampleB	10xv2	Natural killer cell
CNA_10xv2_2	GAGAGTGACATCTGTG	SNG	sampleA	10xv2	CD4+ T cell
CNA_10xv2_2	TCTGGTCACGTACGTT	SNG	sampleB	10xv2	Cytotoxic T cell
CNA_10xv2_2	TAACGAAGATCGTCAA	SNG	sampleB	10xv2	Natural killer cell
CNA_10xv2_2	CTTTCCGGAAAGCTAA	SNG	sampleA	10xv2	Cytotoxic T cell
CNA_10xv2_2	CAAGAGTCTAGCCATT	SNG	sampleA	10xv2	CD14+ monocyte
CNA_10xv2_2	TACTGGCCTTGCTGGC	SNG	sampleA	10xv2	B cell
CNA_10xv2_2	AGAGCAGTGCCTCGTT	SNG	sampleA	10xv2	CD4+ T cell
CNA_10xv2_2	CCACGGATGGGACACA	SNG	sampleB	10xv2	B cell
CNA_10xv2_2	GGGAAAGCTGAAGTTA	SNG	sampleA	10xv2	CD4+ T cell
CNA_10xv2_2	ATGCAAAGACAATGAA	SNG	sampleA	10xv2	CD14+ monocyte
CNA_10xv2_2	TGGACCTCTACCCGGT	SNG	sampleA	10xv2	CD4+ T cell
CNA_10xv2_2	CTTCCTACTCCGGCTA	SNG	sampleA	10xv2	CD4+ T cell
CNA_10xv2_2	CGACGACACCCAAGTT	SNG	sampleB	10xv2	Cytotoxic T cell
CNA_10xv2_2	CAGTCGTCTCCGGACT	SNG	sampleA	10xv2	Natural killer cell
CNA_10xv2_2	AGTGTTCGATTAGAAG	SNG	sampleB	10xv2	Natural killer cell
CNA_10xv2_2	CAGCTGTCTGTTAGTC	SNG	sampleA	10xv2	Cytotoxic T cell
CNA_10xv2_2	GCTGTTCTGTGCGGCT	SNG	sampleA	10xv2	CD14+ monocyte
CNA_10xv2_2	GCGAGCACTTAAGCAA	SNG	sampleA	10xv2	Cytotoxic T cell
CNA_10xv2_2	TATGTACCTGGAATAT	SNG	sampleB	10xv2	Natural killer cell
CNA_10xv2_2	CCTTTCTACCGAGTGA	SNG	sampleA	10xv2	CD14+ monocyte
CNA_10xv2_2	ATAGGGTCTTGTGCTA	SNG	sampleB	10xv2	Cytotoxic T cell
CNA_10xv2_2	CACTATACTAATCGCT	SNG	sampleA	10xv2	CD4+ T cell
CNA_10xv2_2	AGGTGTGGATTTGTCT	SNG	sampleB	10xv2	CD4+ T cell
CNA_10xv2_2	AACGCGCTGCCGCAGT	SNG	sampleB	10xv2	CD4+ T cell
CNA_10xv2_2	ATCGAAAGAGCCCTTT	SNG	sampleA	10xv2	CD14+ monocyte
CNA_10xv2_2	GTCGAAGGAAGCCATT	SNG	sampleB	10xv2	Cytotoxic T cell
CNA_10xv2_2	CGGAATTTGGGTTGAG	SNG	sampleA	10xv2	CD4+ T cell
CNA_10xv2_2	GAGAGTGACGACACCC	SNG	sampleB	10xv2	CD14+ monocyte
CNA_10xv2_2	TGGTCAAACACACAAA	SNG	sampleA	10xv2	CD4+ T cell
CNA_10xv2_2	TCTTTCCACTGCCACG	SNG	sampleA	10xv2	Cytotoxic T cell
CNA_10xv2_2	CGTTGCTTGGAGCCTC	SNG	sampleB	10xv2	CD4+ T cell
CNA_10xv2_2	GTCTACCACAGGTGAC	SNG	sampleB	10xv2	CD4+ T cell
CNA_10xv2_2	TACTGTACTGGGTAGT	SNG	sampleB	10xv2	CD4+ T cell
CNA_10xv2_2	TCCCTGTGACAGGGTA	SNG	sampleB	10xv2	Cytotoxic T cell
CNA_10xv2_2	ATCGCAAACAACGTGG	SNG	sampleB	10xv2	B cell
CNA_10xv2_2	TTCCACTCTCTCATTT	SNG	sampleA	10xv2	Cytotoxic T cell
CNA_10xv2_2	ACCCGAGACCGTACAT	SNG	sampleA	10xv2	Cytotoxic T cell
CNA_10xv2_2	GGGTGTGCTGGTAGAC	SNG	sampleB	10xv2	CD4+ T cell
CNA_10xv2_2	AGGTCGCACAGCTTGT	SNG	sampleB	10xv2	CD14+ monocyte
CNA_10xv2_2	AGCTCGGACACAACAA	SNG	sampleA	10xv2	Natural killer cell
CNA_10xv2_2	CAACAACACGAGAGGG	SNG	sampleB	10xv2	CD4+ T cell
CNA_10xv2_2	GTGCAGAGACCTCAAA	SNG	sampleB	10xv2	CD14+ monocyte
CNA_10xv2_2	GCCTATAGAGCTACGC	SNG	sampleB	10xv2	Cytotoxic T cell
CNA_10xv2_2	TCACCCATGACAGGCA	SNG	sampleB	10xv2	CD4+ T cell
CNA_10xv2_2	GCGCGATACACCATGT	SNG	sampleB	10xv2	CD4+ T cell
CNA_10xv2_2	AGAGCAGTGCCCGCAA	SNG	sampleB	10xv2	Cytotoxic T cell
CNA_10xv2_2	ATTGTGCGACGAACAG	SNG	sampleB	10xv2	Cytotoxic T cell
CNA_10xv2_2	CCAGTTGCTGTCCCAG	SNG	sampleB	10xv2	CD4+ T cell
CNA_10xv2_2	CTACCTGTGTCGAGAG	SNG	sampleB	10xv2	B cell
CNA_10xv2_2	ATTGTGTCTCGGGTAA	SNG	sampleA	10xv2	Cytotoxic T cell
CNA_10xv2_2	CTGTTGCTGTGCTTGA_GCTGACCGAACCGTGC	SNG	sampleB	10xv2	B cell
CNA_10xv2_2	AGGTGTGGAAGCAGGT	SNG	sampleB	10xv2	CD16+ monocyte
CNA_10xv2_2	TCCGTGGGATGGCATT	SNG	sampleA	10xv2	CD14+ monocyte
CNA_10xv2_2	TCTCAGAGACGGAATG	SNG	sampleA	10xv2	CD4+ T cell
CNA_10xv2_2	TGCTGCTACGTCTTGA	SNG	sampleA	10xv2	CD4+ T cell
CNA_10xv2_2	AGCCCAGACTTACGAC	SNG	sampleA	10xv2	CD16+ monocyte
CNA_10xv2_2	CTGGGACACCTATCTT	SNG	sampleA	10xv2	CD16+ monocyte
CNA_10xv2_2	TTGCGATGACTTAAGC	SNG	sampleA	10xv2	CD14+ monocyte
CNA_10xv2_2	GTGTTGTGACTACTCC	SNG	sampleB	10xv2	Cytotoxic T cell
CNA_10xv2_2	TCTAGACGAGTTTACG	SNG	sampleA	10xv2	CD4+ T cell
CNA_10xv2_2	GTAGATAGACATCCTC	SNG	sampleA	10xv2	Natural killer cell
CNA_10xv2_2	AGGACGCCTATAGGTA	SNG	sampleA	10xv2	Natural killer cell
CNA_10xv2_2	GAAGGACACGCACCCA	SNG	sampleB	10xv2	CD4+ T cell
CNA_10xv2_2	AAATAGGTGCGTAGAG	SNG	sampleA	10xv2	CD4+ T cell
CNA_10xv2_2	TACCTGCTGGTTAGGG	SNG	sampleA	10xv2	B cell
CNA_10xv2_2	GTTGCTAGAGTTTACG	SNG	sampleB	10xv2	CD16+ monocyte
CNA_10xv2_2	GATACCATGTCGTAGT	SNG	sampleA	10xv2	Natural killer cell
CNA_10xv2_2	CAGTGATTGTATGACC	SNG	sampleA	10xv2	CD4+ T cell
CNA_10xv2_2	GCCCATACTCTTGAAC	SNG	sampleA	10xv2	CD4+ T cell
CNA_10xv2_2	ATCTTACTGCCCGAGT	SNG	sampleA	10xv2	Natural killer cell
CNA_10xv2_2	CGCAAATACCAGTCTA	SNG	sampleB	10xv2	Cytotoxic T cell
CNA_10xv2_2	TGCCACTTGTTGGTTG	SNG	sampleA	10xv2	CD4+ T cell
CNA_10xv2_2	CTTGACGCTCCATGTA	SNG	sampleA	10xv2	CD14+ monocyte
CNA_10xv2_2	CCTTCAGTGCCACAAT	SNG	sampleB	10xv2	B cell
CNA_10xv2_2	TTGGCGCGACTGAGAG	SNG	sampleA	10xv2	B cell
CNA_10xv2_2	TCGGCTTACCATGCAT	SNG	sampleA	10xv2	Cytotoxic T cell
CNA_10xv2_2	TCCGAATGATCCTACC	SNG	sampleA	10xv2	B cell
CNA_10xv2_2	CCCAGAGACTAGCAGG	SNG	sampleA	10xv2	CD4+ T cell
CNA_10xv2_2	TGCTTGCACTGCGCCA	SNG	sampleA	10xv2	CD14+ monocyte
CNA_10xv2_2	GGGTATACTGCATGAG	SNG	sampleA	10xv2	B cell
CNA_10xv2_2	GGAACTACTATGGCCC	SNG	sampleA	10xv2	CD16+ monocyte
CNA_10xv2_2	TAGTTGCGATTGGCGC	SNG	sampleB	10xv2	CD16+ monocyte
CNA_10xv2_2	CAAGGGAACGGTTGAG	SNG	sampleB	10xv2	CD4+ T cell
CNA_10xv2_2	CATTACACTCCAGCTG	SNG	sampleA	10xv2	CD4+ T cell
CNA_10xv2_2	CTTGACGCTAGCCCTG	SNG	sampleA	10xv2	CD4+ T cell
CNA_10xv2_2	CAATCAGACGAACAGC	SNG	sampleA	10xv2	Cytotoxic T cell
CNA_10xv2_2	AGTCCCACTCCATGTA	SNG	sampleA	10xv2	CD14+ monocyte
CNA_10xv2_2	GAACTCCCTGCCAGCT	SNG	sampleA	10xv2	CD4+ T cell
CNA_10xv2_2	TTGTGCGCTTATCTGG	SNG	sampleA	10xv2	CD4+ T cell
CNA_10xv2_2	GCGCGAACTTAGCTTG_GCTAGCGACTACAGAA	SNG	sampleB	10xv2	B cell
CNA_10xv2_2	TATTGCTTGAGCTTTG	SNG	sampleA	10xv2	CD4+ T cell
CNA_10xv2_2	GAGAGTGACAGCCCTG_TCCGTTGACGCGCACT	SNG	sampleB	10xv2	B cell
CNA_10xv2_2	GCTATCCTGAGGACCA	SNG	sampleA	10xv2	CD14+ monocyte
CNA_10xv2_2	ACAAGACCTGGCCATC	SNG	sampleA	10xv2	CD4+ T cell
CNA_10xv2_2	GGAATGGTGTGCGGCT	SNG	sampleA	10xv2	CD4+ T cell
CNA_10xv2_2	GAAGGCATGAATGCTC	SNG	sampleB	10xv2	Natural killer cell
CNA_10xv2_2	AGTCGCGTGAGGTAAT	SNG	sampleA	10xv2	Cytotoxic T cell
CNA_10xv2_2	TACATTCACTCCAATG	SNG	sampleA	10xv2	Natural killer cell
CNA_10xv2_2	CTCTGCAACATCCTTT	SNG	sampleB	10xv2	Cytotoxic T cell
CNA_10xv2_2	ATCCAGCCTTCATGCA	SNG	sampleB	10xv2	Natural killer cell
CNA_10xv2_2	AAAGGATACTGCAAGG	SNG	sampleB	10xv2	B cell
CNA_10xv2_2	ATTTAGCCTCGAGTTT	SNG	sampleA	10xv2	Natural killer cell
CNA_10xv2_2	CGCACACGATAGGCGA	SNG	sampleB	10xv2	CD4+ T cell
CNA_10xv2_2	TGTACTGGACGAATCT	SNG	sampleA	10xv2	Cytotoxic T cell
CNA_10xv2_2	GGAAGGACTGCTCCTT	SNG	sampleB	10xv2	B cell
CNA_10xv2_2	TGGGTGCACAGCTTTG	SNG	sampleB	10xv2	Cytotoxic T cell
CNA_10xv2_2	GAGATCACTGTTAGAA	SNG	sampleB	10xv2	CD16+ monocyte
CNA_10xv2_2	TCACCCATGTTGACCA	SNG	sampleB	10xv2	Cytotoxic T cell
CNA_10xv2_2	TCCGAATGAACGAGCA	SNG	sampleA	10xv2	CD4+ T cell
CNA_10xv2_2	CGTAGCGACGCCAGCT	SNG	sampleB	10xv2	CD4+ T cell
CNA_10xv2_2	GCGAAGCCTCAGTCTA	SNG	sampleA	10xv2	Natural killer cell
CNA_10xv2_2	TTACGTTACAGCCTAT	SNG	sampleB	10xv2	Cytotoxic T cell
CNA_10xv2_2	GCGACAAGAGCCGCTA	SNG	sampleA	10xv2	CD4+ T cell
CNA_10xv2_2	GCGTATATGACAGATA	SNG	sampleA	10xv2	CD4+ T cell
CNA_10xv2_2	GGTATGACTTTCTGAG	SNG	sampleB	10xv2	Natural killer cell
CNA_10xv2_2	TAACAGAGAGCCCAAC	SNG	sampleB	10xv2	CD14+ monocyte
CNA_10xv2_2	CGTGAATACGTTTACG	SNG	sampleA	10xv2	B cell
CNA_10xv2_2	GTGGTTAACTACCTGA	SNG	sampleB	10xv2	CD4+ T cell
CNA_10xv2_2	CCAAGGAGATGCGGCT	SNG	sampleB	10xv2	Cytotoxic T cell
CNA_10xv2_2	TTCAAGCGATCGACAT	SNG	sampleB	10xv2	Cytotoxic T cell
CNA_10xv2_2	ACCTCGTTGAAGGCCA	SNG	sampleA	10xv2	CD4+ T cell
CNA_10xv2_2	CACCAGGTGCGTTCTC	SNG	sampleB	10xv2	Natural killer cell
CNA_10xv2_2	CTAGGGCACGCTGGCT	SNG	sampleA	10xv2	CD4+ T cell
CNA_10xv2_2	ACAAGACCTAACGAAT	SNG	sampleB	10xv2	Natural killer cell
CNA_10xv2_2	TTTAAGCCTTGGGCCT	SNG	sampleA	10xv2	Natural killer cell
CNA_10xv2_2	GCTTCTCGACCACAAT	SNG	sampleA	10xv2	Natural killer cell
CNA_10xv2_2	TGGTAAGCTATAACCC	SNG	sampleB	10xv2	CD4+ T cell
CNA_10xv2_2	ACTCGGGACTAGCTTG	SNG	sampleB	10xv2	CD4+ T cell
CNA_10xv2_2	GTGAAGGACGTCAATC	SNG	sampleA	10xv2	CD4+ T cell
CNA_10xv2_2	GCCTAAATGGAGCCTC	SNG	sampleA	10xv2	CD4+ T cell
CNA_10xv2_2	TTGCATTACGAAACAT	SNG	sampleB	10xv2	CD4+ T cell
CNA_10xv2_2	TGTTACTTGGCTGGCT	SNG	sampleB	10xv2	CD16+ monocyte
CNA_10xv2_2	CGATACAACAAATCGA	SNG	sampleA	10xv2	Cytotoxic T cell
CNA_10xv2_2	AACTGTGACCTAACGT	SNG	sampleA	10xv2	Natural killer cell
CNA_10xv2_2	TGGGTGCACAACGCAG	SNG	sampleA	10xv2	Natural killer cell
CNA_10xv2_2	TTCCTAAACAACGTTC	SNG	sampleB	10xv2	Cytotoxic T cell
CNA_10xv2_2	ATGCGCGTGTGCGCCA	SNG	sampleA	10xv2	CD4+ T cell
CNA_10xv2_2	ACTTATCACCAGGGTA	SNG	sampleA	10xv2	Cytotoxic T cell
CNA_10xv2_2	TACATTCACCGTACAT	SNG	sampleA	10xv2	B cell
CNA_10xv2_2	TCTACTCCTAGCAGGT	SNG	sampleB	10xv2	CD16+ monocyte
CNA_10xv2_2	TTCAGTTACTTCAGTG	SNG	sampleA	10xv2	Cytotoxic T cell
CNA_10xv2_2	GCATATCGAAGCAATA	SNG	sampleA	10xv2	Cytotoxic T cell
CNA_10xv2_2	CGCTTACTGTGAGCAG	SNG	sampleB	10xv2	CD4+ T cell
CNA_10xv2_2	TGCATGCCTGTCTGGC	SNG	sampleA	10xv2	CD14+ monocyte
CNA_10xv2_2	GATAGCGGATTAGCTG	SNG	sampleB	10xv2	CD14+ monocyte
CNA_10xv2_2	AATCAGCTGACCAGTT	SNG	sampleA	10xv2	Cytotoxic T cell
CNA_10xv2_2	ATCGAAAGACGACATT	SNG	sampleB	10xv2	Natural killer cell
CNA_10xv2_2	TCTACGAGAGAATTGA	SNG	sampleA	10xv2	Natural killer cell
CNA_10xv2_2	TGCGCCAGATTGCGTA	SNG	sampleA	10xv2	Cytotoxic T cell
CNA_10xv2_2	CGGAATTTGGAGAGGG	SNG	sampleA	10xv2	CD14+ monocyte
CNA_10xv2_2	CAGCCGATGCCATAAC	SNG	sampleB	10xv2	CD4+ T cell
CNA_10xv2_2	TCCATTCCTCCGTGAC	SNG	sampleA	10xv2	CD4+ T cell
CNA_10xv2_2	TAAACGCACCCGTTAA	SNG	sampleA	10xv2	CD4+ T cell
CNA_10xv2_2	ATGTCCAGAATTGGTC	SNG	sampleA	10xv2	CD14+ monocyte
CNA_10xv2_2	TTCTAACACTGAAAGT	SNG	sampleA	10xv2	CD4+ T cell
CNA_10xv2_2	TGGACCCGAAATCCGT	SNG	sampleB	10xv2	CD4+ T cell
CNA_10xv2_2	GCGACAAGACGATGTT	SNG	sampleA	10xv2	CD14+ monocyte
CNA_10xv2_2	CCGGGTATGGACTGTT	SNG	sampleB	10xv2	CD16+ monocyte
CNA_10xv2_2	CCCAGAGACAAGCTAA	SNG	sampleA	10xv2	Cytotoxic T cell
CNA_10xv2_2	CCACGAGTGTTGGTTG	SNG	sampleA	10xv2	Natural killer cell
CNA_10xv2_2	CGACCTACTTGATGAA	SNG	sampleB	10xv2	Cytotoxic T cell
CNA_10xv2_2	TGCTACGCTGAACCTT	SNG	sampleA	10xv2	Cytotoxic T cell
CNA_10xv2_2	TACATTCACTGGCATT	SNG	sampleA	10xv2	CD4+ T cell
CNA_10xv2_2	GTATCAGTGCTCACGG	SNG	sampleA	10xv2	Natural killer cell
CNA_10xv2_2	TAAGGCTTGGAAACAT	SNG	sampleB	10xv2	Cytotoxic T cell
CNA_10xv2_2	ATCTATCACGTTAGAA	SNG	sampleB	10xv2	Cytotoxic T cell
CNA_10xv2_2	CAAACCATGAGGACCA	SNG	sampleB	10xv2	CD4+ T cell
CNA_10xv2_2	CGTAGTAACGTGAGCA	SNG	sampleB	10xv2	Cytotoxic T cell
CNA_10xv2_2	TCCATTCCTTGTTGTG	SNG	sampleB	10xv2	Cytotoxic T cell
CNA_10xv2_2	CAAGGGTGAATCCTCC	SNG	sampleB	10xv2	B cell
CNA_10xv2_2	CAGGACCTGGCCGTTG	SNG	sampleA	10xv2	Natural killer cell
CNA_10xv2_2	AAACCGTACCTCGATA	SNG	sampleB	10xv2	Cytotoxic T cell
CNA_10xv2_2	AAACATGGATGGCTTA	SNG	sampleB	10xv2	Cytotoxic T cell
CNA_10xv2_2	CTAGTGCCTCTACTCC	SNG	sampleB	10xv2	CD4+ T cell
CNA_10xv2_2	TCCAAAGTGAGGTCCC	SNG	sampleB	10xv2	CD4+ T cell
CNA_10xv2_2	ACTTGAGTGCCGCAGT	SNG	sampleA	10xv2	CD14+ monocyte
CNA_10xv2_2	GATACGGGAGGCCATC	SNG	sampleA	10xv2	CD4+ T cell
CNA_10xv2_2	GTCGCATCTGCTAATC	SNG	sampleA	10xv2	CD4+ T cell
CNA_10xv2_2	CAGGAGCCTGGACACA	SNG	sampleB	10xv2	Cytotoxic T cell
CNA_10xv2_2	AACTTACCTAGTTGAA	SNG	sampleA	10xv2	CD4+ T cell
CNA_10xv2_2	GATTCTGGATGAGGCA	SNG	sampleA	10xv2	CD4+ T cell
CNA_10xv2_2	GGCAGTAGAACACCTA	SNG	sampleA	10xv2	CD4+ T cell
CNA_10xv2_2	AGATGTAGAGTTAGTC_TCTAGACGACTATCTT	SNG	sampleA	10xv2	CD4+ T cell
CNA_10xv2_2	AGCGTATACGCGCAAA	SNG	sampleB	10xv2	CD14+ monocyte
CNA_10xv2_2	CATATCACTTTTGTCT	SNG	sampleB	10xv2	CD16+ monocyte
CNA_10xv2_2	CGCTTCAACTCGTCCT	SNG	sampleB	10xv2	Dendritic cell
CNA_10xv2_2	TGTTGTACTGGAGTCA	SNG	sampleB	10xv2	B cell
CNA_10xv2_2	GAGTTACTGCGACAAG	SNG	sampleA	10xv2	Cytotoxic T cell
CNA_10xv2_2	AACAATGGAAGTCTGT	SNG	sampleA	10xv2	B cell
CNA_10xv2_2	CGATCGGTGAAGGTGC	SNG	sampleA	10xv2	CD4+ T cell
CNA_10xv2_2	CTACCTCGAATCCTTT	SNG	sampleB	10xv2	B cell
CNA_10xv2_2	GTACTGCCTCTGATCA	SNG	sampleB	10xv2	B cell
CNA_10xv2_2	ACTGGGCACTCGTCAA	SNG	sampleA	10xv2	CD4+ T cell
CNA_10xv2_2	ATCGTTTACCGGGTAA	SNG	sampleB	10xv2	CD4+ T cell
CNA_10xv2_2	TGTACCCTGGACGCCT	SNG	sampleB	10xv2	CD16+ monocyte
CNA_10xv2_2	TTGCGTCACCGCTCGA	SNG	sampleA	10xv2	CD14+ monocyte
CNA_10xv2_2	CTCATAACTTGGCTTA_CTCTATAACGTTGACT	SNG	sampleB	10xv2	CD14+ monocyte
CNA_10xv2_2	CCACAACCTAATCCTG	SNG	sampleB	10xv2	CD16+ monocyte
CNA_10xv2_2	CTTTAACTGTTCGTTT	SNG	sampleA	10xv2	CD4+ T cell
CNA_10xv2_2	GGATTAAGATGCTTGA	SNG	sampleA	10xv2	CD4+ T cell
CNA_10xv2_2	CGGTTGGACGGCCTTG	SNG	sampleB	10xv2	CD14+ monocyte
CNA_10xv2_2	TCGCGTACTTGTTGTG	SNG	sampleB	10xv2	CD4+ T cell
CNA_10xv2_2	GTATCAGTGTTGCGCG	SNG	sampleA	10xv2	CD14+ monocyte
CNA_10xv2_2	TACACGTGACCTCCTA	SNG	sampleB	10xv2	CD16+ monocyte
CNA_10xv2_2	TGCCGTTACTGGCTTA	SNG	sampleB	10xv2	CD4+ T cell
CNA_10xv2_2	ACTAACGTGACCGTGC	SNG	sampleA	10xv2	CD16+ monocyte
CNA_10xv2_2	TCAGCTAGAATCCTTT	SNG	sampleA	10xv2	CD14+ monocyte
CNA_10xv2_2	GCTTTAGGACTTGAAC	SNG	sampleA	10xv2	CD14+ monocyte
CNA_10xv2_2	GATCCAAACTTTGGGT	SNG	sampleA	10xv2	Natural killer cell
CNA_10xv2_2	GTAGTGGGATGCTCAA	SNG	sampleA	10xv2	CD14+ monocyte
CNA_10xv2_2	GGGCGATCTGTTGTCA	SNG	sampleB	10xv2	B cell
CNA_10xv2_2	ATGACAAGAAGCTTGT	SNG	sampleA	10xv2	CD4+ T cell
CNA_10xv2_2	GAGCATTTGTTGTACG	SNG	sampleB	10xv2	Cytotoxic T cell
CNA_10xv2_2	AGAGACCGAGGAGTCA	SNG	sampleA	10xv2	CD4+ T cell
CNA_10xv2_2	CATTAGTCTGGCATTT	SNG	sampleB	10xv2	B cell
CNA_10xv2_2	AAGCGCCACTGGCTGC	SNG	sampleB	10xv2	CD4+ T cell
CNA_10xv2_2	CGTGTCTTGGTTAGGG	SNG	sampleA	10xv2	CD4+ T cell
CNA_10xv2_2	AATTCGGTGAACTAGA	SNG	sampleB	10xv2	CD4+ T cell
CNA_10xv2_2	CGATAAAGACATGCAT	SNG	sampleA	10xv2	Cytotoxic T cell
CNA_10xv2_2	CGACCTGGAGAGCCTC	SNG	sampleB	10xv2	CD4+ T cell
CNA_10xv2_2	TTTCTGAACAGCCCTG	SNG	sampleB	10xv2	Cytotoxic T cell
CNA_10xv2_2	TAACGAGCTCAGATTC	SNG	sampleA	10xv2	CD14+ monocyte
CNA_10xv2_2	ATCTGTACTTGAGCAG	SNG	sampleA	10xv2	CD4+ T cell
CNA_10xv2_2	CATTGCGCTTGCACCG	SNG	sampleB	10xv2	CD4+ T cell
CNA_10xv2_2	TCTTTCCACTGAACAA	SNG	sampleA	10xv2	CD14+ monocyte
CNA_10xv2_2	TGGGCCATGATCCTAG	SNG	sampleA	10xv2	CD4+ T cell
CNA_10xv2_2	TGTCAATCTGAAACAT	SNG	sampleA	10xv2	CD4+ T cell
CNA_10xv2_2	CCCAATGCTCGATTCA	SNG	sampleB	10xv2	B cell
CNA_10xv2_2	GGTAAGCGAGAATCTC	SNG	sampleA	10xv2	Natural killer cell
CNA_10xv2_2	CAAGGGTGATGACCTA	SNG	sampleB	10xv2	Cytotoxic T cell
CNA_10xv2_2	GGGCCTTGATTGCGTA	SNG	sampleB	10xv2	CD4+ T cell
CNA_10xv2_2	TCGTTGCTGGAGCTGA	SNG	sampleB	10xv2	Cytotoxic T cell
CNA_10xv2_2	AAGCCTAACCAGATTC	SNG	sampleA	10xv2	CD14+ monocyte
CNA_10xv2_2	AGAGACCGACCTTTGC	SNG	sampleB	10xv2	Natural killer cell
CNA_10xv2_2	GAAGTAATGACGAGCA	SNG	sampleA	10xv2	Cytotoxic T cell
CNA_10xv2_2	TAATGGGCTGTTAGTC	SNG	sampleB	10xv2	CD16+ monocyte
CNA_10xv2_2	GGGTCACACGCTTTGA	SNG	sampleA	10xv2	B cell
CNA_10xv2_2	AAAGCCTTGCTCATCC	SNG	sampleB	10xv2	Cytotoxic T cell
CNA_10xv2_2	CCCTATCGAAGCCATT	SNG	sampleA	10xv2	CD4+ T cell
CNA_10xv2_2	CTGCCATTGGGCAGTA	SNG	sampleB	10xv2	CD14+ monocyte
CNA_10xv2_2	GATACGGGACTGTACA	SNG	sampleB	10xv2	CD14+ monocyte
CNA_10xv2_2	GTCGATAACGGGTTCC	SNG	sampleB	10xv2	CD16+ monocyte
CNA_10xv2_2	TCGCGTACTATGTCCA	SNG	sampleA	10xv2	Natural killer cell
CNA_10xv2_2	ATCCCGACTCGAGTTT	SNG	sampleA	10xv2	CD14+ monocyte
CNA_10xv2_2	TACATTCACCCATAAC	SNG	sampleB	10xv2	Natural killer cell
CNA_10xv2_2	CACTTAGGAACCTAGT	SNG	sampleB	10xv2	CD14+ monocyte
CNA_10xv2_2	TTGTGCGCTCATGCTA	SNG	sampleB	10xv2	Cytotoxic T cell
CNA_10xv2_2	AGTGAAATGAACCAAA	SNG	sampleA	10xv2	Natural killer cell
CNA_10xv2_2	GCAATCATGGGGTTCC	SNG	sampleA	10xv2	CD4+ T cell
CNA_10xv2_2	GATTACGACATGTGGG	SNG	sampleA	10xv2	Natural killer cell
CNA_10xv2_2	AAGAGAGGACGATCGC	SNG	sampleB	10xv2	Cytotoxic T cell
CNA_10xv2_2	CACTCTTCTTGGAACG	SNG	sampleA	10xv2	CD4+ T cell
CNA_10xv2_2	ACTCTAGGACTTCAAG	SNG	sampleB	10xv2	Cytotoxic T cell
CNA_10xv2_2	TAGCTTTACAGCTTTG	SNG	sampleB	10xv2	B cell
CNA_10xv2_2	TTGTCCCGACCTGAGC	SNG	sampleB	10xv2	Cytotoxic T cell
CNA_10xv2_2	AACGTAGCTGAACATA	SNG	sampleB	10xv2	Cytotoxic T cell
CNA_10xv2_2	CACCGTTACATGTCCA	SNG	sampleA	10xv2	Natural killer cell
CNA_10xv2_2	CATAGGTACTGGTGAG	SNG	sampleA	10xv2	CD14+ monocyte
CNA_10xv2_2	GGCACACACCCTAACA	SNG	sampleA	10xv2	B cell
CNA_10xv2_2	GATCGCGTGCGGTTTA	SNG	sampleB	10xv2	CD4+ T cell
CNA_10xv2_2	TCATCATTGGTTCTCC	SNG	sampleA	10xv2	CD4+ T cell
CNA_10xv2_2	CCTCTTGGAAAACATG	SNG	sampleA	10xv2	Natural killer cell
CNA_10xv2_2	CGAGCACTGGGACCTC	SNG	sampleB	10xv2	Natural killer cell
CNA_10xv2_2	GTGTAACTGGATTAAG	SNG	sampleA	10xv2	CD14+ monocyte
CNA_10xv2_2	CTTCCTACTTCGTCAA	SNG	sampleB	10xv2	CD16+ monocyte
CNA_10xv2_2	CAGATTTCTTCGACAT	SNG	sampleB	10xv2	Natural killer cell
CNA_10xv2_2	AAAGCCTTGGTGAGCA	SNG	sampleA	10xv2	Natural killer cell
CNA_10xv2_2	CTACCTGTGCGAGTTT	SNG	sampleB	10xv2	Natural killer cell
CNA_10xv2_2	CTGTTGCTGAGTGGTG	SNG	sampleB	10xv2	Natural killer cell
CNA_10xv2_2	TGAGCCCGACGTTATG	SNG	sampleB	10xv2	CD4+ T cell
CNA_10xv2_2	AGGGAGTTGGACAAAT	SNG	sampleA	10xv2	Natural killer cell
CNA_10xv2_2	CTTGCGTTGAGACTTC_GGTATACTGGTTGACT	SNG	sampleB	10xv2	Natural killer cell
CNA_10xv2_2	TTGCAGATGTTTGGGT	SNG	sampleA	10xv2	Natural killer cell
CNA_10xv2_2	AGGACGCCTTGGTCCG	SNG	sampleA	10xv2	CD14+ monocyte
CNA_10xv2_2	CAAGAGTCTGCTTTGA	SNG	sampleA	10xv2	Cytotoxic T cell
CNA_10xv2_2	CTTAGAGACGGGTTCC	SNG	sampleB	10xv2	CD14+ monocyte
CNA_10xv2_2	AGGCGATGAGGAGTCA	SNG	sampleA	10xv2	CD4+ T cell
CNA_10xv2_2	AACTCCCTGGTCAATC	SNG	sampleB	10xv2	CD4+ T cell
CNA_10xv2_2	AGGACGCCTCCTGTGG	SNG	sampleA	10xv2	B cell
CNA_10xv2_2	GCTTCCTGATAGCTTG	SNG	sampleA	10xv2	Natural killer cell
CNA_10xv2_2	AAATAGGTGTACCTGA	SNG	sampleA	10xv2	Natural killer cell
CNA_10xv2_2	TGAGCCCGAAACGTAA	SNG	sampleA	10xv2	CD14+ monocyte
CNA_10xv2_2	TCCTTAAACTCGTAAC	SNG	sampleB	10xv2	Natural killer cell
CNA_10xv2_2	GTGGTAACTAAGTCTC	SNG	sampleA	10xv2	CD4+ T cell
CNA_10xv2_2	CCATGCTACTCGAGAG	SNG	sampleB	10xv2	CD4+ T cell
CNA_10xv2_2	CCCAATGCTGGTAGAC	SNG	sampleB	10xv2	CD16+ monocyte
CNA_10xv2_2	TCGACTCTGTAATCGC	SNG	sampleB	10xv2	CD4+ T cell
CNA_10xv2_2	TGTATGCGACCTGTGG	SNG	sampleA	10xv2	CD4+ T cell
CNA_10xv2_2	GCGCAGTTGGGTTTGT	SNG	sampleB	10xv2	Cytotoxic T cell
CNA_10xv2_2	AAAGACTGATGCGCCA	SNG	sampleB	10xv2	Cytotoxic T cell
CNA_10xv2_2	ATCGCAATGGAATCTC	SNG	sampleB	10xv2	Natural killer cell
CNA_10xv2_2	GGATTTGACGCCCAAC	SNG	sampleA	10xv2	CD14+ monocyte
CNA_10xv2_2	TGGAATCACATCCGTA	SNG	sampleB	10xv2	Natural killer cell
CNA_10xv2_2	GCTTTAGGATCGTCAA	SNG	sampleA	10xv2	CD4+ T cell
CNA_10xv2_2	CAAGGGTGACATCTTT	SNG	sampleB	10xv2	B cell
CNA_10xv2_2	ACCAATGACTGGAACG	SNG	sampleB	10xv2	CD4+ T cell
CNA_10xv2_2	GTGTGATACCTTGTGA	SNG	sampleB	10xv2	Cytotoxic T cell
CNA_10xv2_2	CTCTGACTGCCTAGCG	SNG	sampleB	10xv2	Natural killer cell
CNA_10xv2_2	CCGTCTATGTGCGGCT	SNG	sampleB	10xv2	Cytotoxic T cell
CNA_10xv2_2	TCTGAACGACGAACGA	SNG	sampleB	10xv2	Cytotoxic T cell
CNA_10xv2_2	TGAGGCCACGTTTACG	SNG	sampleA	10xv2	CD4+ T cell
CNA_10xv2_2	GTAGATAGAGGACCTC	SNG	sampleB	10xv2	CD4+ T cell
CNA_10xv2_2	GTGAGATCTTGCACCG	SNG	sampleB	10xv2	CD4+ T cell
CNA_10xv2_2	CACTTAGGATACTTTC	SNG	sampleA	10xv2	Natural killer cell
CNA_10xv2_2	CTGCACGGACCAGCTG	SNG	sampleB	10xv2	Cytotoxic T cell
CNA_10xv2_2	TGTAACGTGTAGGAGC	SNG	sampleA	10xv2	CD16+ monocyte
CNA_10xv2_2	CATTTCCCTACCGTTA	SNG	sampleB	10xv2	CD14+ monocyte
CNA_10xv2_2	TAAACGCACTGGCAAG	SNG	sampleB	10xv2	CD4+ T cell
CNA_10xv2_2	AGAACAATGCAGATTC	SNG	sampleB	10xv2	Natural killer cell
CNA_10xv2_2	TTAGACCGAGCCACGT	SNG	sampleA	10xv2	CD14+ monocyte
CNA_10xv2_2	TTGTCAACTTATGACC	SNG	sampleA	10xv2	CD4+ T cell
CNA_10xv2_2	ATAGCCAACTTGTGAC	SNG	sampleB	10xv2	Cytotoxic T cell
CNA_10xv2_2	AATGGTGCTGGACACA	SNG	sampleB	10xv2	B cell
CNA_10xv2_2	GTCTAATCTTAGCAGG	SNG	sampleB	10xv2	CD14+ monocyte
CNA_10xv2_2	GGTTCACCTTAGGTTC	SNG	sampleA	10xv2	Cytotoxic T cell
CNA_10xv2_2	CGAAACGGACTGAGAG	SNG	sampleB	10xv2	CD16+ monocyte
CNA_10xv2_2	ACTCTAACTGTTGACT	SNG	sampleB	10xv2	CD14+ monocyte
CNA_10xv2_2	TAAGTGCACCATGCAT	SNG	sampleA	10xv2	CD14+ monocyte
CNA_10xv2_2	TTGCGGTCTCTGGAAG	SNG	sampleB	10xv2	CD14+ monocyte
CNA_10xv2_2	CAAGGGAACTGCTGTA	SNG	sampleA	10xv2	CD14+ monocyte
CNA_10xv2_2	TCGTGAATGATCCTAG	SNG	sampleA	10xv2	CD4+ T cell
CNA_10xv2_2	AGACTACTGACGAGCA	SNG	sampleA	10xv2	Natural killer cell
CNA_10xv2_2	TGCTCGACTAAATCGA	SNG	sampleB	10xv2	CD16+ monocyte
CNA_10xv2_2	CACTCTGACGGTGCAA	SNG	sampleB	10xv2	Cytotoxic T cell
CNA_10xv2_2	TACTAGCGATTTCCGC	SNG	sampleB	10xv2	B cell
CNA_10xv2_2	TAGGCCTCTCATGCTA	SNG	sampleA	10xv2	Natural killer cell
CNA_10xv2_2	AGGAGTTCTGAACGTG	SNG	sampleB	10xv2	B cell
CNA_10xv2_2	CAGAAACCTAATCCGT	SNG	sampleB	10xv2	CD14+ monocyte
CNA_10xv2_2	GAGCATACTCTGATCA	SNG	sampleB	10xv2	CD4+ T cell
CNA_10xv2_2	GGTTGAACTCTGCCAG	SNG	sampleA	10xv2	Natural killer cell
CNA_10xv2_2	CCCAGAGACTTCGCAA	SNG	sampleB	10xv2	CD14+ monocyte
CNA_10xv2_2	AAAGCGGACCTGGCAC	SNG	sampleB	10xv2	Cytotoxic T cell
CNA_10xv2_2	AACCGCTCTATTGGTC	SNG	sampleB	10xv2	Cytotoxic T cell
CNA_10xv2_2	GCACTTCTGAATCCAC	SNG	sampleB	10xv2	B cell
CNA_10xv2_2	GTGCTAATGGCAGGAT	SNG	sampleB	10xv2	Cytotoxic T cell
CNA_10xv2_2	CTGCTTTCTGCTGGCT	SNG	sampleB	10xv2	Cytotoxic T cell
CNA_10xv2_2	CTGCTGGGACACAGTT	SNG	sampleB	10xv2	CD4+ T cell
CNA_10xv2_2	GCCATAATGGGCCAAA	SNG	sampleA	10xv2	CD14+ monocyte
CNA_10xv2_2	TTATCGACTATTCTGG	SNG	sampleB	10xv2	CD4+ T cell
CNA_10xv2_2	TCGCCTATGTTGCGTA	SNG	sampleA	10xv2	Natural killer cell
CNA_10xv2_2	TCTAACGGATTCGCAA	SNG	sampleB	10xv2	Cytotoxic T cell
CNA_10xv2_2	CAAAGAATGTGGGCAA	SNG	sampleB	10xv2	CD4+ T cell
CNA_10xv2_2	TCGGACTCTCCGCAGT	SNG	sampleA	10xv2	Natural killer cell
CNA_10xv2_2	ACTCAGAACCAATGAA	SNG	sampleB	10xv2	Cytotoxic T cell
CNA_10xv2_2	GGACCACTGCTGCGGT	SNG	sampleB	10xv2	B cell
CNA_10xv2_2	TCTCTCTACTGCTACA	SNG	sampleB	10xv2	CD4+ T cell
CNA_10xv2_2	TGTAAGCTGTAGACAA	SNG	sampleA	10xv2	Natural killer cell
CNA_10xv2_2	CAACTGAACGAAGTTA	SNG	sampleA	10xv2	CD4+ T cell
CNA_10xv2_2	GGGCCTTGACGCAAAG	SNG	sampleA	10xv2	B cell
CNA_10xv2_2	TGTCAATCTACCAAGG	SNG	sampleB	10xv2	B cell
CNA_10xv2_2	AGAATGTGAATCACAC	SNG	sampleB	10xv2	Cytotoxic T cell
CNA_10xv2_2	TCGTTCGTGCACTCAA	SNG	sampleB	10xv2	CD4+ T cell
CNA_10xv2_2	GCCGTTTACAATGCTC	SNG	sampleA	10xv2	B cell
CNA_10xv2_2	TTCGTCGTGTGGCTGC	SNG	sampleA	10xv2	CD14+ monocyte
CNA_10xv2_2	CATATCACTTAAAGCA	SNG	sampleB	10xv2	Cytotoxic T cell
CNA_10xv2_2	TATCCATACAGCCTAT	SNG	sampleB	10xv2	CD4+ T cell
CNA_10xv2_2	ACGGTTCCTTGGGCAA	SNG	sampleB	10xv2	Cytotoxic T cell
CNA_10xv2_2	TAAGCTGACACAGATA	SNG	sampleB	10xv2	CD4+ T cell
CNA_10xv2_2	TCAAATCCTCTCACGG	SNG	sampleA	10xv2	CD14+ monocyte
CNA_10xv2_2	CGCAATCCTGAGCTGA	SNG	sampleA	10xv2	Cytotoxic T cell
CNA_10xv2_2	GTTGCTAGATCATGCA	SNG	sampleA	10xv2	CD14+ monocyte
CNA_10xv2_2	GATTCTGGAGTCCCGA	SNG	sampleB	10xv2	CD4+ T cell
CNA_10xv2_2	GTAAGAAACTAACGAA	SNG	sampleB	10xv2	Natural killer cell
CNA_10xv2_2	TCCGGGATGTGTTCCC	SNG	sampleB	10xv2	Natural killer cell
CNA_10xv2_2	TCGCGTACTGGGTTCC	SNG	sampleA	10xv2	CD14+ monocyte
CNA_10xv2_2	ATCGGCGTGGAACCTT	SNG	sampleB	10xv2	Dendritic cell
CNA_10xv2_2	AACGCGCTGGTCCCGA	SNG	sampleB	10xv2	CD4+ T cell
CNA_10xv2_2	AACTCCCTGACCTTGA	SNG	sampleA	10xv2	Cytotoxic T cell
CNA_10xv2_2	CCTATCGACTCCGTAA	SNG	sampleA	10xv2	Natural killer cell
CNA_10xv2_2	TCCTACCGACCAGAGA	SNG	sampleA	10xv2	CD4+ T cell
CNA_10xv2_2	GATACCATGCTTGTGA	SNG	sampleB	10xv2	Natural killer cell
CNA_10xv2_2	GAGAGAAGACCTCGTT	SNG	sampleB	10xv2	Cytotoxic T cell
CNA_10xv2_2	ATGTCCAGATGAGCAG	SNG	sampleB	10xv2	CD16+ monocyte
CNA_10xv2_2	GTCGAAGGATCCAATG	SNG	sampleA	10xv2	CD4+ T cell
CNA_10xv2_2	TAAGGGCGAGCAGGAT	SNG	sampleB	10xv2	Natural killer cell
CNA_10xv2_2	AAAGTCAGATGGCTGC	SNG	sampleA	10xv2	CD4+ T cell
CNA_10xv2_2	TGTCCGTTGTCCTACC	SNG	sampleA	10xv2	CD4+ T cell
CNA_10xv2_2	CGTAGCGACGTTAGAA	SNG	sampleA	10xv2	CD4+ T cell
CNA_10xv2_2	TTCTTAGACCGACAAG	SNG	sampleA	10xv2	Natural killer cell
CNA_10xv2_2	TGAACTGTGACTAGGG	SNG	sampleA	10xv2	Natural killer cell
CNA_10xv2_2	TGCGCAGACACTAGTC	SNG	sampleA	10xv2	B cell
CNA_10xv2_2	AGGCCAAGAAATACAG	SNG	sampleA	10xv2	Natural killer cell
CNA_10xv2_2	GAAGGCATGCATGATC	SNG	sampleB	10xv2	CD14+ monocyte
CNA_10xv2_2	AGCCGAGCTGGTATGG	SNG	sampleB	10xv2	CD4+ T cell
CNA_10xv2_2	CGACATCCTTCATGTG	SNG	sampleA	10xv2	CD4+ T cell
CNA_10xv2_2	CTCTGAAGAGGCAGTA_TATTGCTTGCCTACGG	SNG	sampleA	10xv2	B cell
CNA_10xv2_2	TCCGTTGTGTAGGAGC	SNG	sampleB	10xv2	Cytotoxic T cell
CNA_10xv2_2	AATGTGCACAAAGCTA	SNG	sampleA	10xv2	Cytotoxic T cell
CNA_10xv2_2	CGAGCAGCTCAGACCC	SNG	sampleB	10xv2	CD4+ T cell
CNA_10xv2_2	TGAGTAAGACGATTAC	SNG	sampleB	10xv2	CD4+ T cell
CNA_10xv2_2	GTCAACTGATGAGTAA	SNG	sampleA	10xv2	Natural killer cell
CNA_10xv2_2	CGACCTTACTCGTAAC	SNG	sampleA	10xv2	CD14+ monocyte
CNA_10xv2_2	GGAAGAAGAATTGGTC	SNG	sampleB	10xv2	B cell
CNA_10xv2_2	TATCTCCCTTCGACAT	SNG	sampleB	10xv2	B cell
CNA_10xv2_2	ATTACCTACGCTTTGA	SNG	sampleB	10xv2	CD4+ T cell
CNA_10xv2_2	GATCATGTGGAAACAT	SNG	sampleA	10xv2	Natural killer cell
CNA_10xv2_2	GGCTTAAACAGTCTAC	SNG	sampleB	10xv2	B cell
CNA_10xv2_2	TCGCGTACTCAGTCTA	SNG	sampleB	10xv2	B cell
CNA_10xv2_2	GTAGGTTTGCCGTGAC	SNG	sampleB	10xv2	B cell
CNA_10xv2_2	TTCCGTCGATGCTGTA	SNG	sampleA	10xv2	B cell
CNA_10xv2_2	AGGTATGCTGGGACTA	SNG	sampleA	10xv2	Cytotoxic T cell
CNA_10xv2_2	ATCGGTCCTAAGTTCC	SNG	sampleA	10xv2	CD14+ monocyte
CNA_10xv2_2	GCTGGAAGATTCGTTT	SNG	sampleA	10xv2	B cell
CNA_10xv2_2	AGGCCAAGAGAATAAC	SNG	sampleB	10xv2	B cell
CNA_10xv2_2	ACTTGCCTGGAGTAAT	SNG	sampleA	10xv2	Natural killer cell
CNA_10xv2_2	TTTAGTCTGCATGCAT	SNG	sampleA	10xv2	Cytotoxic T cell
CNA_10xv2_2	TCGGTGCGATTTCTTG	SNG	sampleB	10xv2	CD4+ T cell
CNA_10xv2_2	CAAGGCCACCAGTCCG	SNG	sampleB	10xv2	CD4+ T cell
CNA_10xv2_2	AATGGTGCTCTTGAAC	SNG	sampleB	10xv2	Dendritic cell
CNA_10xv2_2	CTAACAGTGACCCGGT	SNG	sampleB	10xv2	B cell
CNA_10xv2_2	TGACTTGGATTTGTCT	SNG	sampleA	10xv2	CD4+ T cell
CNA_10xv2_2	TGGATTGACGAGTGAC	SNG	sampleA	10xv2	CD14+ monocyte
CNA_10xv2_2	TATGTACCTGGCCTTG	SNG	sampleB	10xv2	B cell
CNA_10xv2_2	CTAGGGCACGAGTGAC	SNG	sampleB	10xv2	Cytotoxic T cell
CNA_10xv2_2	GTAAACAGATAACGAA	SNG	sampleA	10xv2	CD14+ monocyte
CNA_10xv2_2	TCGAAGTACGAATCTC	SNG	sampleA	10xv2	CD4+ T cell
CNA_10xv2_2	CACCAGGTGCCTAGCG	SNG	sampleA	10xv2	CD4+ T cell
CNA_10xv2_2	AATAGGAACTAACGAA	SNG	sampleA	10xv2	CD16+ monocyte
CNA_10xv2_2	GAACTACTGCCATAAC	SNG	sampleB	10xv2	CD14+ monocyte
CNA_10xv2_2	TTCGTCCGACCTAGGC	SNG	sampleA	10xv2	B cell
CNA_10xv2_2	CTACCTCGATTGCGCG	SNG	sampleB	10xv2	Cytotoxic T cell
CNA_10xv2_2	GGATGCCTGCCTATCC	SNG	sampleB	10xv2	CD4+ T cell
CNA_10xv2_2	AGGACGCCTTTGCGTA	SNG	sampleB	10xv2	CD14+ monocyte
CNA_10xv2_2	CCGACTACTTCATTTC	SNG	sampleB	10xv2	B cell
CNA_10xv2_2	AGTTTCTTGCAGTCTA	SNG	sampleA	10xv2	B cell
CNA_10xv2_2	TGCTAGTGATTGCAGT	SNG	sampleB	10xv2	B cell
CNA_10xv2_2	TGAGGGATGCGAACAG	SNG	sampleA	10xv2	CD4+ T cell
CNA_10xv2_2	AAGAAACACCCTATCC	SNG	sampleA	10xv2	B cell
CNA_10xv2_2	GTTGACTGATACACTG	SNG	sampleA	10xv2	Cytotoxic T cell
CNA_10xv2_2	AGGTATAGAGTCCCGA	SNG	sampleA	10xv2	Natural killer cell
CNA_10xv2_2	TAAGCACACTGTTCCC	SNG	sampleA	10xv2	Natural killer cell
CNA_10xv2_2	TACATTGCTCGCCACA	SNG	sampleB	10xv2	CD4+ T cell
CNA_10xv2_2	ACAGCGGCTTTAGCTG	SNG	sampleB	10xv2	Cytotoxic T cell
CNA_10xv2_2	CTCCAACTGAGCCTAT	SNG	sampleA	10xv2	CD14+ monocyte
CNA_10xv2_2	AAGGATCCTTTTGGGT	SNG	sampleB	10xv2	CD4+ T cell
CNA_10xv2_2	TTACACACTGGGTAGT	SNG	sampleA	10xv2	Natural killer cell
CNA_10xv2_2	TACCGACCTTCATTTC	SNG	sampleB	10xv2	CD4+ T cell
CNA_10xv2_2	TAGCATTCTGAAACAT	SNG	sampleB	10xv2	CD4+ T cell
CNA_10xv2_2	GTCGTGGTGAGGTAAT	SNG	sampleB	10xv2	Natural killer cell
CNA_10xv2_2	TCGACACCTCCGCAGT	SNG	sampleB	10xv2	Natural killer cell
CNA_10xv2_2	TTTACCAACATCATCG	SNG	sampleB	10xv2	Natural killer cell
CNA_10xv2_2	CACCCATACTTGACCA	SNG	sampleB	10xv2	CD4+ T cell
CNA_10xv2_2	GGCTTCTACCTGATCA	SNG	sampleB	10xv2	Cytotoxic T cell
CNA_10xv2_2	GCTAGTCCTTTTCTGT	SNG	sampleB	10xv2	B cell
CNA_10xv2_2	CGACCTTACTATGACC	SNG	sampleA	10xv2	CD14+ monocyte
CNA_10xv2_2	TTACGGATGTTACGCA	SNG	sampleB	10xv2	B cell
CNA_10xv2_2	TTAAGGAGAAGCCTAT	SNG	sampleA	10xv2	Natural killer cell
CNA_10xv2_2	GGATACTACTGCATGT	SNG	sampleB	10xv2	Cytotoxic T cell
CNA_10xv2_2	AGCCCAGACTGCAAGG	SNG	sampleB	10xv2	B cell
CNA_10xv2_2	CTAGTGCCTTGATGAA	SNG	sampleB	10xv2	B cell
CNA_10xv2_2	CCGAACTCTCTTTGTT_CTCCAACTGCTACTCC	SNG	sampleA	10xv2	CD4+ T cell
CNA_10xv2_2	CAGTGCTCTGAAGGTC	SNG	sampleA	10xv2	CD4+ T cell
CNA_10xv2_2	CATTGCGCTCTCGAGC	SNG	sampleA	10xv2	Cytotoxic T cell
CNA_10xv2_2	GTAAACAGAGGGTTCC	SNG	sampleB	10xv2	B cell
CNA_10xv2_2	TTACGGATGTTGTGAC	SNG	sampleA	10xv2	CD4+ T cell
CNA_10xv2_2	CCCAGGATGCGCCACA	SNG	sampleA	10xv2	CD4+ T cell
CNA_10xv2_2	TGGCTAATGGTTAGAA	SNG	sampleB	10xv2	Cytotoxic T cell
CNA_10xv2_2	GTAGATAGACAGGCCT	SNG	sampleA	10xv2	CD14+ monocyte
CNA_10xv2_2	TGTAAGCACAACCAAA	SNG	sampleA	10xv2	Cytotoxic T cell
CNA_10xv2_2	ACTGGGCACCTGCGGT	SNG	sampleA	10xv2	Natural killer cell
CNA_10xv2_2	CACATATCTTGCACCG	SNG	sampleA	10xv2	Cytotoxic T cell
CNA_10xv2_2	CAATCAGACGCTTTGA	SNG	sampleB	10xv2	B cell
CNA_10xv2_2	TTGGGTAACTCCGTAA	SNG	sampleB	10xv2	B cell
CNA_10xv2_2	AACTCACGACTGAGAG	SNG	sampleA	10xv2	B cell
CNA_10xv2_2	AGGTTACTGGCTCTTC	SNG	sampleA	10xv2	B cell
CNA_10xv2_2	GCTACGGACAGTACGG	SNG	sampleA	10xv2	CD14+ monocyte
CNA_10xv2_2	TGTTGACGACAGGCCT	SNG	sampleA	10xv2	CD4+ T cell
CNA_10xv2_2	CTGTAAGTGACACCTA	SNG	sampleB	10xv2	CD4+ T cell
CNA_10xv2_2	CCTCCTGCTCGTACAT	SNG	sampleB	10xv2	Cytotoxic T cell
CNA_10xv2_2	GAGTCATTGGGACCAA	SNG	sampleA	10xv2	Cytotoxic T cell
CNA_10xv2_2	GGCTGCAACAATCGCT	SNG	sampleB	10xv2	B cell
CNA_10xv2_2	ATACAGGCTCGTGCAC	SNG	sampleA	10xv2	CD4+ T cell
CNA_10xv2_2	CGAAACGGATCTTTGT	SNG	sampleA	10xv2	CD4+ T cell
CNA_10xv2_2	CATCGAAACCTCGATA	SNG	sampleB	10xv2	B cell
CNA_10xv2_2	TGCTGAAACTATCTGG	SNG	sampleB	10xv2	Cytotoxic T cell
CNA_10xv2_2	ATGCCCGGATCGTCCT	SNG	sampleB	10xv2	Natural killer cell
CNA_10xv2_2	GGACACCTGCTGTGCG	SNG	sampleB	10xv2	CD14+ monocyte
CNA_10xv2_2	GTCTGGCGAAAGTAAC	SNG	sampleB	10xv2	CD4+ T cell
CNA_10xv2_2	GCTTTGCACTACACTG	SNG	sampleB	10xv2	B cell
CNA_10xv2_2	TACCAGTGAGAAATCA	SNG	sampleB	10xv2	B cell
CNA_10xv2_2	ATGATAGGACCGCTAG	SNG	sampleB	10xv2	Natural killer cell
CNA_10xv2_2	TTCCCTGGAACGCCAC	SNG	sampleB	10xv2	Cytotoxic T cell
CNA_10xv2_2	CCCATGTACTCCGTAA	SNG	sampleB	10xv2	B cell
CNA_10xv2_2	TCCTGTGACTGCTGGC	SNG	sampleA	10xv2	B cell
CNA_10xv2_2	CACATGATGGCGGTAA	SNG	sampleB	10xv2	Cytotoxic T cell
CNA_10xv2_2	AAGGCGATGTAGCTTG	SNG	sampleA	10xv2	Natural killer cell
CNA_10xv2_2	ACGATCATGAGGCGTA	SNG	sampleA	10xv2	Dendritic cell
CNA_10xv2_2	AAGTTTCCTCAACGCC	SNG	sampleA	10xv2	CD4+ T cell
CNA_10xv2_2	ATAGGCGGATTCTGAG	SNG	sampleA	10xv2	CD4+ T cell
CNA_10xv2_2	GAGCCTGACGCCCTGA	SNG	sampleA	10xv2	CD4+ T cell
CNA_10xv2_2	GGGTCGTACGAATAAC	SNG	sampleA	10xv2	CD4+ T cell
CNA_10xv2_2	TAATGAGGAACACCGC	SNG	sampleB	10xv2	CD4+ T cell
CNA_10xv2_2	ACGCTCTTGCAGTCCG	SNG	sampleB	10xv2	B cell
CNA_10xv2_2	GGACACAGAGCGAGTA	SNG	sampleA	10xv2	CD4+ T cell
CNA_10xv2_2	CCCAATGCTGGACCAA_TAGGACTTGGGGTTCC	SNG	sampleB	10xv2	B cell
CNA_10xv2_2	GATACGTACTTGCAGT	SNG	sampleB	10xv2	Cytotoxic T cell
CNA_10xv2_2	CTATTCAACGAAACAT	SNG	sampleB	10xv2	Dendritic cell
CNA_10xv2_2	CCATAAGTGCCAAACT	SNG	sampleB	10xv2	B cell
CNA_10xv2_2	CCACAACCTAAGGCCA	SNG	sampleA	10xv2	B cell
CNA_10xv2_2	GTTCTTCCTGAACCTT	SNG	sampleA	10xv2	B cell
CNA_10xv2_2	GCGTCTTTGGACAAAT	SNG	sampleB	10xv2	B cell
CNA_10xv2_2	TCGCCTATGTGGCTTA	SNG	sampleA	10xv2	CD4+ T cell
CNA_10xv2_2	TTCCTCGGAACCTAGT	SNG	sampleB	10xv2	CD4+ T cell
CNA_10xv2_2	AGGGACATGCTAACGT_ATAGATGGACAGGGTA	SNG	sampleB	10xv2	CD4+ T cell
CNA_10xv2_2	AGCAGAGACCGAACAG	SNG	sampleB	10xv2	B cell
CNA_10xv2_2	GTCGATAACAGACAAT	SNG	sampleB	10xv2	CD4+ T cell
CNA_10xv2_2	TGGCAATTGGACTGTT	SNG	sampleB	10xv2	B cell
CNA_10xv2_2	CAAGATAGATTCGCCT	SNG	sampleB	10xv2	CD4+ T cell
CNA_10xv2_2	CACTCTTCTTTGTTTC	SNG	sampleB	10xv2	B cell
CNA_10xv2_2	AGATCCTGAAGCGCTC	SNG	sampleA	10xv2	Cytotoxic T cell
CNA_10xv2_2	ACTCAGAACAGGACAC	SNG	sampleB	10xv2	B cell
CNA_10xv2_2	TCCGTAAGAGAATCTC	SNG	sampleA	10xv2	CD14+ monocyte
CNA_10xv2_2	TACGAGTTGTTGGCGC	SNG	sampleB	10xv2	B cell
CNA_10xv2_2	GTACTCAGACAGCTGC	SNG	sampleA	10xv2	Natural killer cell
CNA_10xv2_2	AACGAACCTTCGTCAA	SNG	sampleB	10xv2	B cell
CNA_10xv2_2	TTGCAGATGCCAAACT	SNG	sampleB	10xv2	B cell
CNA_10xv2_2	CACTCTGACAGACAAT	SNG	sampleA	10xv2	Cytotoxic T cell
CNA_10xv2_2	TTCTAGACTATCCGTA	SNG	sampleB	10xv2	CD4+ T cell
CNA_10xv2_2	GGCTTAAACTTGGGAG	SNG	sampleB	10xv2	CD4+ T cell
CNA_10xv2_2	ATCTCTAACTAATGCC	SNG	sampleA	10xv2	CD4+ T cell
CNA_10xv2_2	TAGAGCGGACTCGATA	SNG	sampleB	10xv2	CD4+ T cell
CNA_10xv2_2	CATCAGAACGCCGTTG	SNG	sampleA	10xv2	Natural killer cell
CNA_10xv2_2	GTCGACCGAACGCGAA	SNG	sampleA	10xv2	B cell
CNA_10xv2_2	TATCTCCCTGTCGGTC	SNG	sampleB	10xv2	B cell
CNA_10xv2_2	CCGTTCTGATGAACAA	SNG	sampleA	10xv2	B cell
CNA_10xv2_2	ACTTCATACTGCTCAA	SNG	sampleA	10xv2	CD4+ T cell
CNA_10xv2_2	TGTATGCGACCGGACT	SNG	sampleA	10xv2	CD14+ monocyte
CNA_10xv2_2	TATCATGCTGTCCCAG	SNG	sampleA	10xv2	CD4+ T cell
CNA_10xv2_2	TGTATTCACAGGCATG	SNG	sampleB	10xv2	CD4+ T cell
CNA_10xv2_2	GAGCGATGACAAGTTC	SNG	sampleB	10xv2	CD4+ T cell
CNA_10xv2_2	TTGGCTCTGTGACTCA	SNG	sampleB	10xv2	CD4+ T cell
CNA_10xv2_2	GATAGCGGACTGCCAG	SNG	sampleB	10xv2	B cell
CNA_10xv2_2	TCCCACATGTTGCAGT	SNG	sampleA	10xv2	CD4+ T cell
CNA_10xv2_2	TGGCGTTCTTAACGAA	SNG	sampleB	10xv2	B cell
CNA_10xv2_2	AACACTCGACTCCTAC	SNG	sampleA	10xv2	CD4+ T cell
CNA_10xv2_2	TCCGAGCGAAGGACCA	SNG	sampleA	10xv2	Natural killer cell
CNA_10xv2_2	GCATCTCTGAAGTTAG	SNG	sampleB	10xv2	B cell
CNA_10xv2_2	ATACCACGACCTAGCG	SNG	sampleB	10xv2	B cell
CNA_10xv2_2	CAATGTGTGGACCGAA	SNG	sampleB	10xv2	B cell
CNA_10xv2_2	TGACCCTACTCATGTG	SNG	sampleB	10xv2	B cell
CNA_10xv2_2	GCACAATACAGTCTAC	SNG	sampleB	10xv2	B cell
CNA_10xv2_2	TCTTCCTTGTATTGCG	SNG	sampleB	10xv2	Dendritic cell
CNA_10xv2_2	CCTAAGAACGCATGAG	SNG	sampleA	10xv2	Natural killer cell
CNA_10xv2_2	ACACTCCACAGGGCTA	SNG	sampleA	10xv2	CD4+ T cell
CNA_10xv2_2	CGATACAACACCAAGG	SNG	sampleB	10xv2	CD4+ T cell
CNA_10xv2_2	AATCCAGACATAGCAA	SNG	sampleA	10xv2	B cell
CNA_10xv2_2	CGGCTAGTGCGATCGC	SNG	sampleB	10xv2	CD4+ T cell
CNA_10xv2_2	CCCACAGGATACAGCT	SNG	sampleB	10xv2	B cell
CNA_10xv2_2	GGTAGCCTGATCATGC	SNG	sampleA	10xv2	B cell
CNA_10xv2_2	CAGAGTACTGACCGAA	SNG	sampleA	10xv2	B cell
CNA_10xv2_2	CCCATGTACCGGCACT	SNG	sampleA	10xv2	CD4+ T cell
CNA_10xv2_2	GGGCTGACTCCAGCTG	SNG	sampleB	10xv2	Cytotoxic T cell
CNA_10xv2_2	AATGTGCTGTTCTGAG	SNG	sampleB	10xv2	Natural killer cell
CNA_10xv2_2	GGTTCATGAAAACATG	SNG	sampleA	10xv2	Natural killer cell
CNA_10xv2_2	CCCATTTCTCCTCCTA	SNG	sampleB	10xv2	B cell
CNA_10xv2_2	CCTAGCACTTCTGCAA	SNG	sampleB	10xv2	CD4+ T cell
CNA_10xv2_2	TGCGAATACAACGAAT	SNG	sampleA	10xv2	CD4+ T cell
CNA_10xv2_2	AATAAGGACGCGTATT	SNG	sampleB	10xv2	CD14+ monocyte
CNA_10xv2_2	TGCGGCAACGGTTTGT	SNG	sampleB	10xv2	Cytotoxic T cell
CNA_10xv2_2	TTGGTATCTACACAAA	SNG	sampleB	10xv2	Cytotoxic T cell
CNA_10xv2_2	ATGATGCACCGACACC	SNG	sampleA	10xv2	CD14+ monocyte
CNA_10xv2_2	GCACTTCTGTGGGCAA	SNG	sampleB	10xv2	Natural killer cell
CNA_10xv2_2	GTTCCCAACAAGACAT	SNG	sampleB	10xv2	Dendritic cell
CNA_10xv2_2	TAAGCACACGCTCCTT_TACGTGTGACATGCTA	SNG	sampleB	10xv2	CD16+ monocyte
CNA_10xv2_2	GCCAATTGAGGAGTCA	SNG	sampleA	10xv2	Natural killer cell
CNA_10xv2_2	GCACAGCACTTGCAGT	SNG	sampleA	10xv2	CD4+ T cell
CNA_10xv2_2	TCGGTGCGAGACTGTT	SNG	sampleA	10xv2	CD4+ T cell
CNA_10xv2_2	GCATCAATGCGAGTTT	SNG	sampleB	10xv2	Cytotoxic T cell
CNA_10xv2_2	TACGTGAACTGAGGCA	SNG	sampleB	10xv2	CD4+ T cell
CNA_10xv2_2	TGTTGTACTCGACAAG	SNG	sampleA	10xv2	CD4+ T cell
CNA_10xv2_2	TACTGGCCTGTCGGTC	SNG	sampleB	10xv2	Natural killer cell
CNA_10xv2_2	AGCGTATACCGCAAAG	SNG	sampleA	10xv2	Cytotoxic T cell
CNA_10xv2_2	GGTCAGAGAAGCCATT	SNG	sampleA	10xv2	CD14+ monocyte
CNA_10xv2_2	GTCGATAACAGCAGGT	SNG	sampleA	10xv2	CD4+ T cell
CNA_10xv2_2	AACCACTGACTTGTGA	SNG	sampleB	10xv2	CD4+ T cell
CNA_10xv2_2	CTCAAACGACCACATA	SNG	sampleB	10xv2	CD4+ T cell
CNA_10xv2_2	AGTAAGTGAAAGTTCC	SNG	sampleA	10xv2	Natural killer cell
CNA_10xv2_2	CATTCCTCTAGGCATG	SNG	sampleB	10xv2	Cytotoxic T cell
CNA_10xv2_2	CGCAATCCTAGTTGAA	SNG	sampleA	10xv2	CD4+ T cell
CNA_10xv2_2	ACTTATCTGCTGTACA	SNG	sampleA	10xv2	CD4+ T cell
CNA_10xv2_2	TCCTAATTGCAGTCCG	SNG	sampleB	10xv2	CD4+ T cell
CNA_10xv2_2	GTTGTGATGGAGTAAT	SNG	sampleB	10xv2	Natural killer cell
CNA_10xv2_2	GTTAAGAGACAATAGA	SNG	sampleB	10xv2	CD4+ T cell
CNA_10xv2_2	CTAATCTACAAATCGA	SNG	sampleA	10xv2	Cytotoxic T cell
CNA_10xv2_2	GGACTTAACGTTCTCC	SNG	sampleB	10xv2	CD14+ monocyte
CNA_10xv2_2	GCTTTGCACGAACATA	SNG	sampleA	10xv2	CD4+ T cell
CNA_10xv2_2	TCTTGAGGAGCCACGT	SNG	sampleA	10xv2	CD14+ monocyte
CNA_10xv2_2	CACAGCGTGCTGTGCG	SNG	sampleB	10xv2	CD14+ monocyte
CNA_10xv2_2	GAGAGCCCTAACCAAA	SNG	sampleB	10xv2	CD14+ monocyte
CNA_10xv2_2	AGTAGAAACCCGCTAG	SNG	sampleB	10xv2	Cytotoxic T cell
CNA_10xv2_2	CAATAGAGATACGTTG	SNG	sampleB	10xv2	B cell
CNA_10xv2_2	CCCATGTACTGCGTGC	SNG	sampleB	10xv2	CD4+ T cell
CNA_10xv2_2	CATTACTTGAAGTCTC	SNG	sampleA	10xv2	Cytotoxic T cell
CNA_10xv2_2	TTCACGCTGTTGTGAC	SNG	sampleA	10xv2	CD14+ monocyte
CNA_10xv2_2	CTGCGACGATCATTGG	SNG	sampleB	10xv2	Cytotoxic T cell
CNA_10xv2_2	TGGCAATTGTCTGGAT	SNG	sampleB	10xv2	CD4+ T cell
CNA_10xv2_2	ATCTCTAACTGGGCAA	SNG	sampleA	10xv2	Natural killer cell
CNA_10xv2_2	TCCTTCACTTCTGTGA	SNG	sampleA	10xv2	CD14+ monocyte
CNA_10xv2_2	GGGAGAACTCCTAACA	SNG	sampleA	10xv2	CD4+ T cell
CNA_10xv2_2	TAGTCCGCTCCTGTGG	SNG	sampleB	10xv2	Cytotoxic T cell
CNA_10xv2_2	ATCTCTTGAGGAATAT	SNG	sampleA	10xv2	CD4+ T cell
CNA_10xv2_2	CATAGGTACTACAGCT	SNG	sampleB	10xv2	Cytotoxic T cell
CNA_10xv2_2	AGTGTTCGATAGACAA	SNG	sampleA	10xv2	CD14+ monocyte
CNA_10xv2_2	ACGCTCTTGCGCACTG	SNG	sampleB	10xv2	Dendritic cell
CNA_10xv2_2	ATTTCTGACTTCGTTT	SNG	sampleB	10xv2	CD4+ T cell
CNA_10xv2_2	GGGTGAATGAAATCGA	SNG	sampleA	10xv2	CD14+ monocyte
CNA_10xv2_2	GTAATCGACTCGCAGC	SNG	sampleB	10xv2	Cytotoxic T cell
CNA_10xv2_2	TACACAGACATAGGTA	SNG	sampleB	10xv2	Dendritic cell
CNA_10xv2_2	GTTATGCGAAACGTTC	SNG	sampleA	10xv2	Natural killer cell
CNA_10xv2_2	TCGTAGAACTGGGCCT	SNG	sampleA	10xv2	CD4+ T cell
CNA_10xv2_2	GAAGGACACCTGAGAG	SNG	sampleA	10xv2	B cell
CNA_10xv2_2	AAACTCCGATCCCAGG	SNG	sampleB	10xv2	CD4+ T cell
CNA_10xv2_2	ACGGAACGATGCATCA	SNG	sampleB	10xv2	B cell
CNA_10xv2_2	TAAGCCAACTAAGCAA	SNG	sampleA	10xv2	CD4+ T cell
CNA_10xv2_2	CGACATCCTCTCGAGC	SNG	sampleB	10xv2	CD4+ T cell
CNA_10xv2_2	GAAGTCTTGTGGCTGC	SNG	sampleB	10xv2	Cytotoxic T cell
CNA_10xv2_2	AACTTACCTGCGGTAA	SNG	sampleA	10xv2	CD4+ T cell
CNA_10xv2_2	AGGAGTTCTAATACAG	SNG	sampleB	10xv2	Cytotoxic T cell
CNA_10xv2_2	TCGTAGAACCTCTGGG	SNG	sampleB	10xv2	Cytotoxic T cell
CNA_10xv2_2	GTATTCACTGCCCTAG	SNG	sampleB	10xv2	CD4+ T cell
CNA_10xv2_2	GCGTCTTTGCAGGTGA	SNG	sampleA	10xv2	CD4+ T cell
CNA_10xv2_2	CTTAGAGACGAAGGTC	SNG	sampleA	10xv2	CD4+ T cell
CNA_10xv2_2	GCAGTATTGACCAAGG	SNG	sampleB	10xv2	CD14+ monocyte
CNA_10xv2_2	GGGCTTCGAGGCATTT	SNG	sampleA	10xv2	CD14+ monocyte
CNA_10xv2_2	TGTCATGGACGGTACC	SNG	sampleA	10xv2	CD4+ T cell
CNA_10xv2_2	TTCGACCACAATGCGG	SNG	sampleB	10xv2	B cell
CNA_10xv2_2	CCAAGGAGACAATAGA	SNG	sampleB	10xv2	CD14+ monocyte
CNA_10xv2_2	TCCGAATGACCTACGG	SNG	sampleB	10xv2	Cytotoxic T cell
CNA_10xv2_2	TACAACCGAGAACAGC	SNG	sampleA	10xv2	CD4+ T cell
CNA_10xv2_2	CATCGAAACGTACTAC	SNG	sampleA	10xv2	CD14+ monocyte
CNA_10xv2_2	ACAGTTGACACTAGGG	SNG	sampleB	10xv2	Cytotoxic T cell
CNA_10xv2_2	CACCGTTACCAGGTGA	SNG	sampleA	10xv2	CD14+ monocyte
CNA_10xv2_2	CGATAAAGACCAGCTG	SNG	sampleB	10xv2	Natural killer cell
CNA_10xv2_2	GTTGATTCTTGAACAA	SNG	sampleA	10xv2	CD4+ T cell
CNA_10xv2_2	GGTACTCCTTTACGCA	SNG	sampleB	10xv2	CD14+ monocyte
CNA_10xv2_2	CAAGCAACTTTGGCGC	SNG	sampleA	10xv2	CD4+ T cell
CNA_10xv2_2	CGATGATTGCACCTAA	SNG	sampleB	10xv2	Cytotoxic T cell
CNA_10xv2_2	GTTCCCATGGAAACAT	SNG	sampleB	10xv2	CD16+ monocyte
CNA_10xv2_2	TACCAGTGACCAAGTT	SNG	sampleA	10xv2	CD4+ T cell
CNA_10xv2_2	GGGCTTCGACACTCAA	SNG	sampleB	10xv2	CD4+ T cell
CNA_10xv2_2	CTGAGATACTTGGGAG	SNG	sampleB	10xv2	CD4+ T cell
CNA_10xv2_2	TCACCCATGATGTCAC	SNG	sampleB	10xv2	Natural killer cell
CNA_10xv2_2	TGTCAATCTCTACTCC	SNG	sampleB	10xv2	CD4+ T cell
CNA_10xv2_2	TACCGCTTGGCGGTAA	SNG	sampleA	10xv2	CD4+ T cell
CNA_10xv2_2	TATCTCCCTAGTTGAA	SNG	sampleA	10xv2	Cytotoxic T cell
CNA_10xv2_2	AGAACGCGATTACGCA	SNG	sampleB	10xv2	Cytotoxic T cell
CNA_10xv2_2	TGGCCTTTGGAATCTC	SNG	sampleB	10xv2	Cytotoxic T cell
CNA_10xv2_2	TACACTACTTTCAGTG	SNG	sampleB	10xv2	Cytotoxic T cell
CNA_10xv2_2	AGTCACAACTTTGGGT	SNG	sampleA	10xv2	CD14+ monocyte
CNA_10xv2_2	GCCATTCACAGCTGAG	SNG	sampleB	10xv2	Natural killer cell
CNA_10xv2_2	TACATTGCTGACTCGC	SNG	sampleB	10xv2	CD4+ T cell
CNA_10xv2_2	TGTCGAAACATCTGTG	SNG	sampleA	10xv2	B cell
CNA_10xv2_2	CGTAGCTCTATCATGC	SNG	sampleB	10xv2	Natural killer cell
CNA_10xv2_2	GCACAGCACTTGCGTA	SNG	sampleA	10xv2	CD4+ T cell
CNA_10xv2_2	GTTAAGAGAATCCGTA	SNG	sampleB	10xv2	Cytotoxic T cell
CNA_10xv2_2	GCAACTTGACAGGTGA	SNG	sampleB	10xv2	CD4+ T cell
CNA_10xv2_2	GTTGATGACCTTTGTT	SNG	sampleB	10xv2	CD14+ monocyte
CNA_10xv2_2	GATCGCGTGACGTGCC	SNG	sampleB	10xv2	Cytotoxic T cell
CNA_10xv2_2	AGTAAGTGACCTCGTT	SNG	sampleB	10xv2	CD4+ T cell
CNA_10xv2_2	CCGTTGTACCGAGGTA	SNG	sampleB	10xv2	Cytotoxic T cell
CNA_10xv2_2	TAGGTAAGACCTGCGA	SNG	sampleA	10xv2	CD4+ T cell
CNA_10xv2_2	GTAGGTTTGGGCCTGT	SNG	sampleB	10xv2	CD4+ T cell
CNA_10xv2_2	TGTCTTCCTGTGAGCA	SNG	sampleB	10xv2	B cell
CNA_10xv2_2	TTGCGTCACCGAATCT	SNG	sampleA	10xv2	Cytotoxic T cell
CNA_10xv2_2	TAGTCCGCTGGTTTGT	SNG	sampleA	10xv2	Natural killer cell
CNA_10xv2_2	GGTGTAACTCGAACAG	SNG	sampleA	10xv2	CD4+ T cell
CNA_10xv2_2	CCAGTTGCTCAGTCTA	SNG	sampleB	10xv2	CD14+ monocyte
CNA_10xv2_2	TGGACCCGATGATGAA	SNG	sampleB	10xv2	Natural killer cell
CNA_10xv2_2	TTTCGCTCTGTTAGTC	SNG	sampleA	10xv2	CD4+ T cell
CNA_10xv2_2	TCGGTGCGAAACCAAA	SNG	sampleA	10xv2	Cytotoxic T cell
CNA_10xv2_2	CACGAATTGAGCGCTC	SNG	sampleB	10xv2	B cell
CNA_10xv2_2	TTGTACTACTTGTACG	SNG	sampleA	10xv2	CD4+ T cell
CNA_10xv2_2	AACTAGCACTGTGGGA	SNG	sampleB	10xv2	Cytotoxic T cell
CNA_10xv2_2	ATACCTGGACAGATTC	SNG	sampleB	10xv2	Natural killer cell
CNA_10xv2_2	TCTCTCGGATTGACCA	SNG	sampleB	10xv2	CD4+ T cell
CNA_10xv2_2	GTACATCGACGATTGT	SNG	sampleA	10xv2	Cytotoxic T cell
CNA_10xv2_2	TAACTCACTTCCGTAA	SNG	sampleA	10xv2	CD14+ monocyte
CNA_10xv2_2	GTTTCAGGAAGCTTGT	SNG	sampleB	10xv2	Dendritic cell
CNA_10xv2_2	AAGACAAACGAATAAC	SNG	sampleA	10xv2	CD4+ T cell
CNA_10xv2_2	GAGGTGCCTCATAGCT	SNG	sampleB	10xv2	Natural killer cell
CNA_10xv2_2	TACAACCGACGACAAG	SNG	sampleB	10xv2	B cell
CNA_10xv2_2	GAAGGACACTTGGTTG	SNG	sampleA	10xv2	CD4+ T cell
CNA_10xv2_2	CTATTCAACATGGCCC	SNG	sampleB	10xv2	CD16+ monocyte
CNA_10xv2_2	GTCGAATACTAATAGG	SNG	sampleA	10xv2	CD4+ T cell
CNA_10xv2_2	AGTTTGCGAGCTCCTT	SNG	sampleB	10xv2	Cytotoxic T cell
CNA_10xv2_2	AGGAAGCACACAACAA	SNG	sampleB	10xv2	CD4+ T cell
CNA_10xv2_2	TGCGAATACCGAGGAT	SNG	sampleA	10xv2	CD4+ T cell
CNA_10xv2_2	AGGGACATGCCTCGTT	SNG	sampleB	10xv2	Cytotoxic T cell
CNA_10xv2_2	CGACAGCACGGGTTCC	SNG	sampleA	10xv2	CD4+ T cell
CNA_10xv2_2	CCAACTCACGCGCACT	SNG	sampleB	10xv2	B cell
CNA_10xv2_2	CTACATTACGCACTTA	SNG	sampleA	10xv2	CD4+ T cell
CNA_10xv2_2	TCAAACTCTTAGCTTG	SNG	sampleA	10xv2	CD14+ monocyte
CNA_10xv2_2	GCCTATAGAGGTGCAA	SNG	sampleB	10xv2	CD4+ T cell
CNA_10xv2_2	AGGGAGTTGAGCGCTC	SNG	sampleB	10xv2	Cytotoxic T cell
CNA_10xv2_2	CAATGTGTGGCCGTTG	SNG	sampleB	10xv2	Natural killer cell
CNA_10xv2_2	CCGTCTATGAGTGGTG	SNG	sampleB	10xv2	CD14+ monocyte
CNA_10xv2_2	ACTGCTAGATGCATCA	SNG	sampleA	10xv2	CD4+ T cell
CNA_10xv2_2	CTGGCCAGATGCTACA	SNG	sampleA	10xv2	CD4+ T cell
CNA_10xv2_2	AATCTCTTGCAGTCCG	SNG	sampleA	10xv2	CD4+ T cell
CNA_10xv2_2	GCACTCACTCAGGTGA	SNG	sampleA	10xv2	CD4+ T cell
CNA_10xv2_2	TCGAAGTACGATAGCG	SNG	sampleB	10xv2	CD14+ monocyte
CNA_10xv2_2	CCAACGGTGCTGCGGT	SNG	sampleA	10xv2	CD14+ monocyte
CNA_10xv2_2	CTCGAACCTCCACAAT	SNG	sampleA	10xv2	Cytotoxic T cell
CNA_10xv2_2	ATTACCTACAGTTGAA	SNG	sampleA	10xv2	CD4+ T cell
CNA_10xv2_2	CTTCCTACTGAATAGT	SNG	sampleA	10xv2	B cell
CNA_10xv2_2	ACTCAGAACGCTGTTA	SNG	sampleB	10xv2	Cytotoxic T cell
CNA_10xv2_2	TTACCATTGTGCTGTA	SNG	sampleB	10xv2	CD4+ T cell
CNA_10xv2_2	TAGTGCTGACGAGGTA	SNG	sampleB	10xv2	B cell
CNA_10xv2_2	GAACTCCCTCCTCCTA	SNG	sampleA	10xv2	CD14+ monocyte
CNA_10xv2_2	TACCTCGACTGGCATT	SNG	sampleA	10xv2	CD14+ monocyte
CNA_10xv2_2	CACAGCTCTAATACAG_TGCCGTGGAAAGTTCC	SNG	sampleB	10xv2	CD4+ T cell
CNA_10xv2_2	AGGTGTGGATAAGTAG	SNG	sampleB	10xv2	Cytotoxic T cell
CNA_10xv2_2	GTGAAGGACCTGGAAG	SNG	sampleB	10xv2	Natural killer cell
CNA_10xv2_2	ACTACGCCTGAAACAT_TGCTACCTGATTGGTC	SNG	sampleA	10xv2	CD4+ T cell
CNA_10xv2_2	GAAATCCACCGGCTCA	SNG	sampleB	10xv2	Natural killer cell
CNA_10xv2_2	AATCAGCTGCTCTGGG	SNG	sampleB	10xv2	B cell
CNA_10xv2_2	CATGATGTGCCAGGCT	SNG	sampleB	10xv2	CD14+ monocyte
CNA_10xv2_2	CCCTGATTGGGACACA	SNG	sampleB	10xv2	B cell
CNA_10xv2_2	TATTCCTGAGCCAGCT	SNG	sampleA	10xv2	CD4+ T cell
CNA_10xv2_2	CTGCGACGAAGCCCTG	SNG	sampleB	10xv2	Natural killer cell
CNA_10xv2_2	CGGGACACTAACCAAA	SNG	sampleA	10xv2	CD4+ T cell
CNA_10xv2_2	CTCAATGGACTCACTC	SNG	sampleA	10xv2	CD4+ T cell
CNA_10xv2_2	AATTGCCGACGATGGA	SNG	sampleA	10xv2	Cytotoxic T cell
CNA_10xv2_2	CTCTGCAACTTTCCGC	SNG	sampleB	10xv2	Natural killer cell
CNA_10xv2_2	GAATCAGCTTGCGGCT	SNG	sampleB	10xv2	CD4+ T cell
CNA_10xv2_2	TCACCTGACAAGTCTC	SNG	sampleB	10xv2	CD14+ monocyte
CNA_10xv2_2	AAGTACCACATAACCC	SNG	sampleB	10xv2	Natural killer cell
CNA_10xv2_2	CAAAGGGTGGTTGGTT	SNG	sampleB	10xv2	Cytotoxic T cell
CNA_10xv2_2	CATTCAACTCCAGCTG	SNG	sampleB	10xv2	CD4+ T cell
CNA_10xv2_2	TTAAGGAGACCACTTC	SNG	sampleB	10xv2	Cytotoxic T cell
CNA_10xv2_2	CTTGCGGGACCTATCC	SNG	sampleB	10xv2	CD4+ T cell
CNA_10xv2_2	AAAGACTGAGAAGGTC	SNG	sampleB	10xv2	Cytotoxic T cell
CNA_10xv2_2	CGGATAGGATTATGGC	SNG	sampleB	10xv2	Cytotoxic T cell
CNA_10xv2_2	GTAATCTCTCGTAGAG	SNG	sampleA	10xv2	Dendritic cell
CNA_10xv2_2	GGACACAGAGCGCACT	SNG	sampleB	10xv2	Cytotoxic T cell
CNA_10xv2_2	ACTGATTCTGCGCTGT	SNG	sampleB	10xv2	Cytotoxic T cell
CNA_10xv2_2	CGCATCGGACAGCACC	SNG	sampleA	10xv2	B cell
CNA_10xv2_2	TGTAAGCTGCTCGATA	SNG	sampleB	10xv2	CD4+ T cell
CNA_10xv2_2	TGTGGTAACGCCGTTG	SNG	sampleA	10xv2	B cell
CNA_10xv2_2	TCACCTGACTTTCGCC	SNG	sampleA	10xv2	CD4+ T cell
CNA_10xv2_2	GTGGTTTGAATCCGTA	SNG	sampleA	10xv2	CD4+ T cell
CNA_10xv2_2	GTATAGGCTGCCGTTG	SNG	sampleA	10xv2	CD4+ T cell
CNA_10xv2_2	ATGTCCAGATTCGGGC	SNG	sampleB	10xv2	B cell
CNA_10xv2_2	TGCGCAGACGCTTACA	SNG	sampleA	10xv2	CD4+ T cell
CNA_10xv2_2	CGTCGTTTGGCGCTGT	SNG	sampleB	10xv2	CD4+ T cell
CNA_10xv2_2	GTCCGTTACAACCCGC	SNG	sampleB	10xv2	B cell
CNA_10xv2_2	ACCAAGTTGAGCAGGT	SNG	sampleB	10xv2	Cytotoxic T cell
CNA_10xv2_2	AGTACAAGAGAATGTA	SNG	sampleB	10xv2	Cytotoxic T cell
CNA_10xv2_2	GTTATGCGAAGCAATA	SNG	sampleA	10xv2	CD14+ monocyte
CNA_10xv2_2	TCGCATCACTCCCAGG	SNG	sampleA	10xv2	CD14+ monocyte
CNA_10xv2_2	GCCGACAACGAACCTT	SNG	sampleA	10xv2	Natural killer cell
CNA_10xv2_2	TTGCGATGAGATGGAC	SNG	sampleB	10xv2	CD4+ T cell
CNA_10xv2_2	GAATCAGCTTCATTGG	SNG	sampleB	10xv2	CD14+ monocyte
CNA_10xv2_2	AACGCGAGAAATAGCA	SNG	sampleB	10xv2	CD14+ monocyte
CNA_10xv2_2	CAGAAACCTTAAAGCA	SNG	sampleB	10xv2	CD4+ T cell
CNA_10xv2_2	GCTTCTCGATGCTCAA	SNG	sampleA	10xv2	CD4+ T cell
CNA_10xv2_2	TGAACTGTGCTGGCAC	SNG	sampleA	10xv2	Cytotoxic T cell
CNA_10xv2_2	TGTTATCACGCCAGCT	SNG	sampleB	10xv2	Natural killer cell
CNA_10xv2_2	CAATGTGTGGGGATTG	SNG	sampleA	10xv2	CD14+ monocyte
CNA_10xv2_2	GTAGTTGACTTGGCGC	SNG	sampleA	10xv2	CD14+ monocyte
CNA_10xv2_2	TAGCTCGCTGCTTTGA	SNG	sampleB	10xv2	B cell
CNA_10xv2_2	TCAGCCGGAACGTAAA	SNG	sampleA	10xv2	Natural killer cell
CNA_10xv2_2	ATGTACGTGCTGTACA	SNG	sampleB	10xv2	Cytotoxic T cell
CNA_10xv2_2	CCCAATGCTGCTGAGA	SNG	sampleA	10xv2	CD14+ monocyte
CNA_10xv2_2	CATAGTCGACAGATTC	SNG	sampleB	10xv2	Dendritic cell
CNA_10xv2_2	TATCACTACCGAAGCA	SNG	sampleB	10xv2	B cell
CNA_10xv2_2	TGTAGACACGCATGAG	SNG	sampleA	10xv2	CD4+ T cell
CNA_10xv2_2	CCTTCTTTGTTGGCGC	SNG	sampleA	10xv2	Dendritic cell
CNA_10xv2_2	CGGTTCACTAGTGGTG	SNG	sampleB	10xv2	Cytotoxic T cell
CNA_10xv2_2	CAAGGCCACCATAGCT	SNG	sampleB	10xv2	CD4+ T cell
CNA_10xv2_2	AACACACACATCACAC	SNG	sampleB	10xv2	CD14+ monocyte
CNA_10xv2_2	CAAGGGTGATGGAACG	SNG	sampleB	10xv2	Cytotoxic T cell
CNA_10xv2_2	AAGAGAGGACAGACCC	SNG	sampleA	10xv2	CD4+ T cell
CNA_10xv2_2	GCCGACAACCCGGCTA	SNG	sampleA	10xv2	CD14+ monocyte
CNA_10xv2_2	GCACTCACTATGTCCA	SNG	sampleB	10xv2	Natural killer cell
CNA_10xv2_2	AGAACGCGACGTACAT	SNG	sampleB	10xv2	CD14+ monocyte
CNA_10xv2_2	TGTCCCATGACGTGCC	SNG	sampleB	10xv2	CD16+ monocyte
CNA_10xv2_2	AACACTCGACAACGCC	SNG	sampleA	10xv2	CD4+ T cell
CNA_10xv2_2	GTAAACAGAGACAAAT	SNG	sampleB	10xv2	B cell
CNA_10xv2_2	GCATGGGCTAGTCGGA	SNG	sampleA	10xv2	CD4+ T cell
CNA_10xv2_2	CCTGCTATGTCGCTAA	SNG	sampleB	10xv2	CD4+ T cell
CNA_10xv2_2	TATGTACCTGGCATTT	SNG	sampleB	10xv2	B cell
CNA_10xv2_2	TGTATTCACACCGTTA	SNG	sampleB	10xv2	CD4+ T cell
CNA_10xv2_2	GATACCATGGGACAGT	SNG	sampleA	10xv2	CD4+ T cell
CNA_10xv2_2	CTAGTGCCTGCGCTGT	SNG	sampleA	10xv2	CD4+ T cell
CNA_10xv2_2	GCGTGCTGATGCTACA	SNG	sampleB	10xv2	CD14+ monocyte
CNA_10xv2_2	CATTACTTGGCTAGAG	SNG	sampleA	10xv2	CD14+ monocyte
CNA_10xv2_2	AAGCATCACCCAAGTT	SNG	sampleA	10xv2	CD4+ T cell
CNA_10xv2_2	TATGTACCTGCGGTTC	SNG	sampleA	10xv2	CD4+ T cell
CNA_10xv2_2	GCCAATATGCTTTAGG	SNG	sampleA	10xv2	CD14+ monocyte
CNA_10xv2_2	ATGGCATTGCCAGCAC	SNG	sampleB	10xv2	CD14+ monocyte
CNA_10xv2_2	TCGTTGCTGGAACCTT	SNG	sampleB	10xv2	CD14+ monocyte
CNA_10xv2_2	GTGGTTTGAACGCGAA	SNG	sampleA	10xv2	CD4+ T cell
CNA_10xv2_2	CGGTTGGACTGTGGGA	SNG	sampleB	10xv2	Cytotoxic T cell
CNA_10xv2_2	ACTTATCACGTTAGAA	SNG	sampleB	10xv2	Dendritic cell
CNA_10xv2_2	TGAATGGCTCCTTCCA	SNG	sampleA	10xv2	CD4+ T cell
CNA_10xv2_2	GGGTAGAACTGGAACG	SNG	sampleB	10xv2	Cytotoxic T cell
CNA_10xv2_2	GATGCATTGGGTGTCC	SNG	sampleA	10xv2	Dendritic cell
CNA_10xv2_2	GCGACGTTGAGTCTAC	SNG	sampleB	10xv2	Cytotoxic T cell
CNA_10xv2_2	TACTGTTTGGCCGTTG	SNG	sampleA	10xv2	Cytotoxic T cell
CNA_10xv2_2	ACATGTGTGAAGTTCC	SNG	sampleA	10xv2	Cytotoxic T cell
CNA_10xv2_2	ATAGGAAACCCCGCAA	SNG	sampleB	10xv2	Cytotoxic T cell
CNA_10xv2_2	AAGCCTAACGAGTAAT	SNG	sampleA	10xv2	CD16+ monocyte
CNA_10xv2_2	TTGTCCCGATGCATGT	SNG	sampleB	10xv2	Natural killer cell
CNA_10xv2_2	GCAAATCTGTTCGGGC	SNG	sampleA	10xv2	CD14+ monocyte
CNA_10xv2_2	TGTACCAGATTTCGCC	SNG	sampleB	10xv2	CD14+ monocyte
CNA_10xv2_2	CGACCTGGAAGGTAAT	SNG	sampleA	10xv2	Natural killer cell
CNA_10xv2_2	TCAGCGCGAGAAGTTA	SNG	sampleB	10xv2	CD14+ monocyte
CNA_10xv2_2	TGCGGCAACATGTCAC	SNG	sampleB	10xv2	CD4+ T cell
CNA_10xv2_2	GAGTGTTACGCGGTAA	SNG	sampleA	10xv2	Cytotoxic T cell
CNA_10xv2_2	TACTAACCTAGGACAC	SNG	sampleB	10xv2	CD4+ T cell
CNA_10xv2_2	ATGCAAAGACTTTGTT	SNG	sampleA	10xv2	CD4+ T cell
CNA_10xv2_2	CCAGGACTGCTCATCC	SNG	sampleA	10xv2	Cytotoxic T cell
CNA_10xv2_2	GCTCCTAACGCCGCTA	SNG	sampleB	10xv2	Cytotoxic T cell
CNA_10xv2_2	AGGACGCCTTTAGAAG	SNG	sampleB	10xv2	Cytotoxic T cell
CNA_10xv2_2	CACATTACTCTGGAAG	SNG	sampleB	10xv2	Dendritic cell
CNA_10xv2_2	CTTTCGTCTGAAACAT	SNG	sampleA	10xv2	CD16+ monocyte
CNA_10xv2_2	CGTACAAACGGAATAT	SNG	sampleA	10xv2	CD4+ T cell
CNA_10xv2_2	CGTCGTTTGTTGACCA	SNG	sampleA	10xv2	CD4+ T cell
CNA_10xv2_2	CTTGCGTACTAATAGG	SNG	sampleA	10xv2	CD4+ T cell
CNA_10xv2_2	GGCGTAGCTTAGCAGG	SNG	sampleA	10xv2	CD14+ monocyte
CNA_10xv2_2	TTGACAGTGTACAGCT	SNG	sampleB	10xv2	CD4+ T cell
CNA_10xv2_2	TGAGCGCACCCATAAC	SNG	sampleA	10xv2	CD4+ T cell
CNA_10xv2_2	AGGGAGTTGTGCTACA	SNG	sampleB	10xv2	CD16+ monocyte
CNA_10xv2_2	TAGGATAGAAAACTGA	SNG	sampleB	10xv2	Natural killer cell
CNA_10xv2_2	CAAGAATGAGAAGGTC	SNG	sampleB	10xv2	Cytotoxic T cell
CNA_10xv2_2	CAGTAGTTGCGAAGCA	SNG	sampleB	10xv2	B cell
CNA_10xv2_2	ATCTTACTGTAATAGG	SNG	sampleB	10xv2	CD16+ monocyte
CNA_10xv2_2	GTACCCTTGGCGCACT	SNG	sampleA	10xv2	CD4+ T cell
CNA_10xv2_2	ATACAGGCTTTGTACG	SNG	sampleB	10xv2	B cell
CNA_10xv2_2	GCTACTGCTCTCATCC	SNG	sampleB	10xv2	CD14+ monocyte
CNA_10xv2_2	TCTACAGGACGCAAAG	SNG	sampleA	10xv2	Dendritic cell
CNA_10xv2_2	TCTACGCACTTGACCA	SNG	sampleA	10xv2	CD4+ T cell
CNA_10xv2_2	ATGCAACTGCATGCTA	SNG	sampleB	10xv2	CD16+ monocyte
CNA_10xv2_2	GCCCATACTCGGTTGC	SNG	sampleB	10xv2	Cytotoxic T cell
CNA_10xv2_2	AGGGTTTACACCGTGC	SNG	sampleB	10xv2	CD4+ T cell
CNA_10xv2_2	TTTCTGATGACAGGTG	SNG	sampleB	10xv2	CD16+ monocyte
CNA_10xv2_2	CTGATTACTGAAACAT	SNG	sampleB	10xv2	Cytotoxic T cell
CNA_10xv2_2	GGATGGAACGCCCTGA	SNG	sampleA	10xv2	CD4+ T cell
CNA_10xv2_2	CTTTAACTGAAGACAT	SNG	sampleA	10xv2	CD4+ T cell
CNA_10xv2_2	TGCTAGTGATGAACAA	SNG	sampleB	10xv2	CD14+ monocyte
CNA_10xv2_2	CTAGAGACTAAACATG	SNG	sampleB	10xv2	CD4+ T cell
CNA_10xv2_2	TAACGCATGTCATGTG	SNG	sampleB	10xv2	Cytotoxic T cell
CNA_10xv2_2	TGAGGTACTTACACTG	SNG	sampleB	10xv2	CD4+ T cell
CNA_10xv2_2	TCACCCATGTGGCTGC	SNG	sampleA	10xv2	CD14+ monocyte
CNA_10xv2_2	GCGTCGATGGTCCCGA	SNG	sampleA	10xv2	CD4+ T cell
CNA_10xv2_2	CGTTGCTTGATCCTCC	SNG	sampleB	10xv2	CD14+ monocyte
CNA_10xv2_2	GAAGCCCTGGAGTAAT	SNG	sampleA	10xv2	CD4+ T cell
CNA_10xv2_2	AGCCAATTGTGACCTA	SNG	sampleB	10xv2	CD16+ monocyte
CNA_10xv2_2	GATACCATGGGAATGC	SNG	sampleB	10xv2	Cytotoxic T cell
CNA_10xv2_2	TCCGAATGAGAAGGCT	SNG	sampleA	10xv2	CD4+ T cell
CNA_10xv2_2	ATAAGACGACGGCTCA	SNG	sampleA	10xv2	CD4+ T cell
CNA_10xv2_2	TTCACGCTGTACGATC	SNG	sampleA	10xv2	CD16+ monocyte
CNA_10xv2_2	ACCCTTGTGTCATTGG	SNG	sampleA	10xv2	Natural killer cell
CNA_10xv2_2	TATGCTTTGCCAGCTG	SNG	sampleB	10xv2	Cytotoxic T cell
CNA_10xv2_2	GTTATCACTATCAGGG	SNG	sampleB	10xv2	CD14+ monocyte
CNA_10xv2_2	GATAGCGGAATTGGTC	SNG	sampleB	10xv2	CD16+ monocyte
CNA_10xv2_2	ATGGGTACTTACACTG	SNG	sampleB	10xv2	Cytotoxic T cell
CNA_10xv2_2	TTGGTCCACTTTCTGT	SNG	sampleB	10xv2	Natural killer cell
CNA_10xv2_2	AGTGGAGTGCCTGAGC	SNG	sampleA	10xv2	CD4+ T cell
CNA_10xv2_2	TTTAGTCTGCCTCGTT	SNG	sampleB	10xv2	CD14+ monocyte
CNA_10xv2_2	TCGTCCAACAGCAAGC	SNG	sampleB	10xv2	CD16+ monocyte
CNA_10xv2_2	CTCTGGACTGGAATAT	SNG	sampleB	10xv2	CD4+ T cell
CNA_10xv2_2	GTTGTGATGTACAGCT	SNG	sampleB	10xv2	Dendritic cell
CNA_10xv2_2	GGTCAAGGATTGACAC	SNG	sampleA	10xv2	CD4+ T cell
CNA_10xv2_2	AGTACAAGACGGAAGT	SNG	sampleA	10xv2	CD14+ monocyte
CNA_10xv2_2	CATTGTTACTGACTCA_CCGTCTATGCATGCTA	SNG	sampleB	10xv2	CD4+ T cell
CNA_10xv2_2	CACCGTTACGCTGAGA	SNG	sampleB	10xv2	CD4+ T cell
CNA_10xv2_2	GGTTCAATGGATCATC	SNG	sampleB	10xv2	B cell
CNA_10xv2_2	GCTCCTAACCTTAGTG	SNG	sampleB	10xv2	CD16+ monocyte
CNA_10xv2_2	CCTCCTGCTGCTCCTT	SNG	sampleA	10xv2	CD4+ T cell
CNA_10xv2_2	CGAAACGGACGGAAGT	SNG	sampleA	10xv2	CD14+ monocyte
CNA_10xv2_2	ACCAAGTTGAGAGGCT	SNG	sampleB	10xv2	B cell
CNA_10xv2_2	TTCAAGTCTCTGATCA	SNG	sampleA	10xv2	B cell
CNA_10xv2_2	CTAACAGTGGCTGAGA	SNG	sampleB	10xv2	Cytotoxic T cell
CNA_10xv2_2	AAAGCATGAAACCAAA	SNG	sampleB	10xv2	CD14+ monocyte
CNA_10xv2_2	CTTGCTGACATAGCAA	SNG	sampleB	10xv2	B cell
CNA_10xv2_2	CAGCTGTCTATCACAC_CATGGAGGAAGACTTC	SNG	sampleB	10xv2	CD4+ T cell
CNA_10xv2_2	CGATGATTGTTCAGTG	SNG	sampleA	10xv2	CD4+ T cell
CNA_10xv2_2	ATTGTGCGATACTTTC	SNG	sampleA	10xv2	Natural killer cell
CNA_10xv2_2	TGTAAGCTGTTGCGTA	SNG	sampleA	10xv2	CD4+ T cell
CNA_10xv2_2	TGTCATGGACCGATTA	SNG	sampleB	10xv2	Cytotoxic T cell
CNA_10xv2_2	CCTCCCTTGAACGAAT	SNG	sampleB	10xv2	Natural killer cell
CNA_10xv2_2	CGTAGCGACCAAGTTC	SNG	sampleB	10xv2	CD4+ T cell
CNA_10xv2_2	ACTCCAGCTGCGGTTC	SNG	sampleB	10xv2	B cell
CNA_10xv2_2	AACACTGACCTGTACA	SNG	sampleB	10xv2	B cell
CNA_10xv2_2	CCTATCGACGGCCATC	SNG	sampleB	10xv2	Cytotoxic T cell
CNA_10xv2_2	GAAGCGCCTACGAGCA	SNG	sampleA	10xv2	CD14+ monocyte
CNA_10xv2_2	GGCAACGCTCCGGACT	SNG	sampleB	10xv2	Cytotoxic T cell
CNA_10xv2_2	TCGTCCAACACCAAGG	SNG	sampleB	10xv2	CD4+ T cell
CNA_10xv2_2	AGCCAGCACGAATTGA	SNG	sampleA	10xv2	CD4+ T cell
CNA_10xv2_2	GCACAATACGGCCTGT	SNG	sampleA	10xv2	CD16+ monocyte
CNA_10xv2_2	TCGTGAATGCCATAAC	SNG	sampleB	10xv2	CD16+ monocyte
CNA_10xv2_2	AAGACGGTGTGCAAGG	SNG	sampleB	10xv2	CD14+ monocyte
CNA_10xv2_2	GCGTAAACTTTACGCA	SNG	sampleB	10xv2	CD14+ monocyte
CNA_10xv2_2	CTTCACGTGCTGCCAG	SNG	sampleA	10xv2	CD4+ T cell
CNA_10xv2_2	GTCGAATACCGTTATG	SNG	sampleB	10xv2	CD4+ T cell
CNA_10xv2_2	TACTGTACTCGCTCGA	SNG	sampleA	10xv2	Natural killer cell
CNA_10xv2_2	CTAATCTTGCAGTCCG	SNG	sampleB	10xv2	CD14+ monocyte
CNA_10xv2_2	ATGCATCGAAGCAAGC	SNG	sampleA	10xv2	CD4+ T cell
CNA_10xv2_2	AATCTCTTGCGAGTTT	SNG	sampleA	10xv2	CD4+ T cell
CNA_10xv2_2	TCTCAGAGATCATTTC	SNG	sampleA	10xv2	Natural killer cell
CNA_10xv2_2	GTCGCATCTTTGGCGC	SNG	sampleB	10xv2	CD4+ T cell
CNA_10xv2_2	TCCGAGCGACAGGCCT	SNG	sampleB	10xv2	Cytotoxic T cell
CNA_10xv2_2	CCACTTGTGACAACAA	SNG	sampleA	10xv2	Natural killer cell
CNA_10xv2_2	TGCACGGACTGCCACG	SNG	sampleB	10xv2	CD4+ T cell
CNA_10xv2_2	CCTAAGAACAATCGAA	SNG	sampleA	10xv2	CD14+ monocyte
CNA_10xv2_2	TGGAGTTACAGCCATT	SNG	sampleB	10xv2	CD14+ monocyte
CNA_10xv2_2	TTCGATGGAAAATGCA	SNG	sampleA	10xv2	CD14+ monocyte
CNA_10xv2_2	TTGTACTACCGAGTTT	SNG	sampleB	10xv2	Natural killer cell
CNA_10xv2_2	ATAGATGGAGGATGGT	SNG	sampleA	10xv2	CD4+ T cell
CNA_10xv2_2	CTTCCACGAACCAGTT	SNG	sampleB	10xv2	CD16+ monocyte
CNA_10xv2_2	GAAAGTCCTCGTGCAC	SNG	sampleB	10xv2	CD4+ T cell
CNA_10xv2_2	TTACCATTGACCGTTA	SNG	sampleB	10xv2	CD4+ T cell
CNA_10xv2_2	GTGTACTGATAATGCC	SNG	sampleA	10xv2	Natural killer cell
CNA_10xv2_2	GTCAACTGATGATCAC	SNG	sampleB	10xv2	B cell
CNA_10xv2_2	TGTCATGGATAATCGC	SNG	sampleB	10xv2	CD4+ T cell
CNA_10xv2_2	TCCGAATGATCATGTG	SNG	sampleB	10xv2	Cytotoxic T cell
CNA_10xv2_2	CGTAGCGACCTGCCAG	SNG	sampleA	10xv2	CD14+ monocyte
CNA_10xv2_2	TCTTCAAACACGCGAA	SNG	sampleB	10xv2	CD4+ T cell
CNA_10xv2_2	GACGACAGACAGTCTA	SNG	sampleA	10xv2	B cell
CNA_10xv2_2	CTGTTGCACCTGGCAC	SNG	sampleB	10xv2	B cell
CNA_10xv2_2	AATCGGACTCGACACC	SNG	sampleB	10xv2	Natural killer cell
CNA_10xv2_2	GAGCATACTAAATGCA	SNG	sampleB	10xv2	Cytotoxic T cell
CNA_10xv2_2	CTAGAGACTGGGTTCC	SNG	sampleB	10xv2	Cytotoxic T cell
CNA_10xv2_2	CAGTAGTTGCTTCAAG	SNG	sampleA	10xv2	CD4+ T cell
CNA_10xv2_2	GCTATACGATAATCGC	SNG	sampleB	10xv2	CD4+ T cell
CNA_10xv2_2	CCCTCCTTGCCGTGAC	SNG	sampleB	10xv2	CD16+ monocyte
CNA_10xv2_2	CTCCTAGTGAAATGCA	SNG	sampleA	10xv2	CD4+ T cell
CNA_10xv2_2	AATCTCTTGCCGATTA	SNG	sampleA	10xv2	CD4+ T cell
CNA_10xv2_2	CGCTTACTGATTGCCA	SNG	sampleB	10xv2	B cell
CNA_10xv2_2	ATGCCGCGAGACTGTT	SNG	sampleA	10xv2	B cell
CNA_10xv2_2	CAAACCTGACTATCTT	SNG	sampleA	10xv2	CD4+ T cell
CNA_10xv2_2	TCGCGTACTAGGTAAT	SNG	sampleA	10xv2	CD14+ monocyte
CNA_10xv2_2	TGCGCAGACGCTGTTA	SNG	sampleB	10xv2	CD14+ monocyte
CNA_10xv2_2	TATCACTACCTCGATA	SNG	sampleB	10xv2	CD4+ T cell
CNA_10xv2_2	GTAATCGACTAGCGAG	SNG	sampleB	10xv2	Natural killer cell
CNA_10xv2_2	AATGGGTCTTCGAGAG	SNG	sampleB	10xv2	CD14+ monocyte
CNA_10xv2_2	TTGTGCCTGGCAGTTT	SNG	sampleA	10xv2	Natural killer cell
CNA_10xv2_2	CTGCTTTCTAATGCTC	SNG	sampleB	10xv2	CD4+ T cell
CNA_10xv2_2	AAACTCTCTTGGGCAA_TCTTTCCACCGAGGAT	SNG	sampleA	10xv2	CD14+ monocyte
CNA_10xv2_2	CCCAATGCTACGTAAA	SNG	sampleB	10xv2	B cell
CNA_10xv2_2	TTCCACTCTTATGACC	SNG	sampleB	10xv2	CD14+ monocyte
CNA_10xv2_2	TGTCAATCTTCGAGAG	SNG	sampleB	10xv2	CD14+ monocyte
CNA_10xv2_2	CCACGGATGTCAATGC	SNG	sampleB	10xv2	Natural killer cell
CNA_10xv2_2	AGCTATCGAGCACGCT	SNG	sampleB	10xv2	CD16+ monocyte
CNA_10xv2_2	AATTCTGCTCATACTG_ACTCCGTACAATCTGC	SNG	sampleA	10xv2	Natural killer cell
CNA_10xv2_2	CTGACGTCTCAGCAAG	SNG	sampleB	10xv2	Cytotoxic T cell
CNA_10xv2_2	ATGGGTACTTGCCACG	SNG	sampleB	10xv2	Cytotoxic T cell
CNA_10xv2_2	ATATGCCGACTCTGGG	SNG	sampleB	10xv2	CD14+ monocyte
CNA_10xv2_2	CTACCTCGAGGTATGG	SNG	sampleA	10xv2	Natural killer cell
CNA_10xv2_2	AATGGGTCTTCTGCAA	SNG	sampleA	10xv2	Cytotoxic T cell
CNA_10xv2_2	ACGGAACGAATCTGTG	SNG	sampleB	10xv2	Cytotoxic T cell
CNA_10xv2_2	GAGCCTGACATTGCCA	SNG	sampleB	10xv2	CD16+ monocyte
CNA_10xv2_2	TGTACCCTGCTGGCAC	SNG	sampleA	10xv2	Cytotoxic T cell
CNA_10xv2_2	CCATAAGTGCTCATTT	SNG	sampleA	10xv2	CD14+ monocyte
CNA_10xv2_2	ATCAATCCTCCGATTA	SNG	sampleB	10xv2	CD4+ T cell
CNA_10xv2_2	GGTCAGAGACGAGTGA	SNG	sampleB	10xv2	Cytotoxic T cell
CNA_10xv2_2	ACTACGCCTCGAGTGA	SNG	sampleA	10xv2	Cytotoxic T cell
CNA_10xv2_2	GGGTCACACTGCCACG	SNG	sampleB	10xv2	Natural killer cell
CNA_10xv2_2	AAGTACCACATTCGGT	SNG	sampleB	10xv2	B cell
CNA_10xv2_2	CCTAACGCTTTCAGTG	SNG	sampleB	10xv2	CD4+ T cell
CNA_10xv2_2	TCCGGGAACAGTTGAA	SNG	sampleA	10xv2	Natural killer cell
CNA_10xv2_2	CCATAAGTGCCAAGTT	SNG	sampleA	10xv2	CD4+ T cell
CNA_10xv2_2	CCCACCTCTCCGTTAA	SNG	sampleB	10xv2	Natural killer cell
CNA_10xv2_2	CCTCTTGGATTTCGCC	SNG	sampleB	10xv2	CD4+ T cell
CNA_10xv2_2	GACCCGTGATCGACAT	SNG	sampleA	10xv2	Natural killer cell
CNA_10xv2_2	TAGCGCGACGGATGGT	SNG	sampleB	10xv2	CD14+ monocyte
CNA_10xv2_2	CAGGCTTCTCGGTTTA	SNG	sampleB	10xv2	CD4+ T cell
CNA_10xv2_2	GATTCTGGAGCCGTTG	SNG	sampleA	10xv2	CD4+ T cell
CNA_10xv2_2	AGCAGAGACTTCGCCT	SNG	sampleB	10xv2	CD4+ T cell
CNA_10xv2_2	GCTAGTCCTGAATAGT	SNG	sampleB	10xv2	Cytotoxic T cell
CNA_10xv2_2	TCCGGGATGATCAGGG	SNG	sampleB	10xv2	Natural killer cell
CNA_10xv2_2	AAACGAAACCTCATCC	SNG	sampleB	10xv2	CD14+ monocyte
CNA_10xv2_2	GTCGAATACTGCTGGC	SNG	sampleA	10xv2	CD4+ T cell
CNA_10xv2_2	TACACTACTAGCGCTC	SNG	sampleB	10xv2	CD14+ monocyte
CNA_10xv2_2	TCCATTTGAATTGGTC	SNG	sampleB	10xv2	B cell
CNA_10xv2_2	GATATGAGATACAGCT	SNG	sampleA	10xv2	CD14+ monocyte
CNA_10xv2_2	AGGTAGGTGTCGCAGC	SNG	sampleB	10xv2	B cell
CNA_10xv2_2	TGGACAACTCGTGCAC	SNG	sampleA	10xv2	CD16+ monocyte
CNA_10xv2_2	TTCCGTCGAAAACTGA	SNG	sampleA	10xv2	Natural killer cell
CNA_10xv2_2	GTAATCGACCATAGCT	SNG	sampleB	10xv2	CD14+ monocyte
CNA_10xv2_2	AAGCGCCACAACGCAG	SNG	sampleB	10xv2	CD14+ monocyte
CNA_10xv2_2	ACCCTTGTGCAGCACC	SNG	sampleB	10xv2	CD14+ monocyte
CNA_10xv2_2	TGAGAATGAGAGAGGG	SNG	sampleB	10xv2	Cytotoxic T cell
CNA_10xv2_2	CTTAGATCTAGCAATA	SNG	sampleB	10xv2	Cytotoxic T cell
CNA_10xv2_2	GCAAATCTGAAAGCTA	SNG	sampleA	10xv2	Cytotoxic T cell
CNA_10xv2_2	AACTGTGACCTCTGGG	SNG	sampleA	10xv2	CD4+ T cell
CNA_10xv2_2	AGGTATGCTTTCTCGC	SNG	sampleB	10xv2	Natural killer cell
CNA_10xv2_2	TCTTCCTTGTTACGCA	SNG	sampleA	10xv2	CD14+ monocyte
CNA_10xv2_2	CTGTAACGAAGGTGAC	SNG	sampleB	10xv2	Cytotoxic T cell
CNA_10xv2_2	ATCTGTACTGAATAAC	SNG	sampleA	10xv2	CD4+ T cell
CNA_10xv2_2	CACTATTTGTTCGTTT	SNG	sampleB	10xv2	Cytotoxic T cell
CNA_10xv2_2	CTGCTAGCTTGATGAA	SNG	sampleA	10xv2	CD14+ monocyte
CNA_10xv2_2	TATCACTACTCATTTC	SNG	sampleA	10xv2	CD14+ monocyte
CNA_10xv2_2	ATGATGGCTCATACTG	SNG	sampleB	10xv2	B cell
CNA_10xv2_2	GAATTCTCTCGCAACC	SNG	sampleA	10xv2	CD16+ monocyte
CNA_10xv2_2	CCAACTCACTGAGCAG	SNG	sampleB	10xv2	CD16+ monocyte
CNA_10xv2_2	AAAGTCAGATCGTCCT	SNG	sampleB	10xv2	Natural killer cell
CNA_10xv2_2	TGTAAGCTGTTTCGCC	SNG	sampleA	10xv2	CD14+ monocyte
CNA_10xv2_2	TACGTGTGACGAGTGA	SNG	sampleA	10xv2	CD14+ monocyte
CNA_10xv2_2	TGGACTATGGAAGTTA	SNG	sampleB	10xv2	CD16+ monocyte
CNA_10xv2_2	TCAGCGCGATTCTGGA	SNG	sampleA	10xv2	CD4+ T cell
CNA_10xv2_2	CATCGCGGATGGTCCG	SNG	sampleB	10xv2	CD14+ monocyte
CNA_10xv2_2	GAGCGATGATAGCAGG	SNG	sampleA	10xv2	Natural killer cell
CNA_10xv2_2	GCATCACCTAGGTGCA	SNG	sampleA	10xv2	CD14+ monocyte
CNA_10xv2_2	TCGAAGTACTTCTCGC	SNG	sampleB	10xv2	Cytotoxic T cell
CNA_10xv2_2	CGTTTGCTGGCTCTTC	SNG	sampleB	10xv2	CD16+ monocyte
CNA_10xv2_2	AAAGGATACTCCTACC	SNG	sampleB	10xv2	CD14+ monocyte
CNA_10xv2_2	TTTAGTCTGGAAATCA	SNG	sampleA	10xv2	Natural killer cell
CNA_10xv2_2	TGGACTATGACCGTGC	SNG	sampleB	10xv2	B cell
CNA_10xv2_2	TAATTGCCTTTGCAGT	SNG	sampleA	10xv2	CD14+ monocyte
CNA_10xv2_2	CAAAGGGTGTCAGGTT	SNG	sampleB	10xv2	CD4+ T cell
CNA_10xv2_2	ACTTATCACTGAGGCA	SNG	sampleB	10xv2	Cytotoxic T cell
CNA_10xv2_2	CCGAGACACAATACAG	SNG	sampleA	10xv2	Natural killer cell
CNA_10xv2_2	AATCTGCGAGCAGGAT	SNG	sampleA	10xv2	CD4+ T cell
CNA_10xv2_2	ATCTCTTGACCTAGGC	SNG	sampleB	10xv2	Natural killer cell
CNA_10xv2_2	CATTAGTCTCCTATCC	SNG	sampleA	10xv2	CD4+ T cell
CNA_10xv2_2	GGGTGAATGTGGCATT	SNG	sampleB	10xv2	CD4+ T cell
CNA_10xv2_2	TCTTTCCACAATCCAC	SNG	sampleB	10xv2	CD4+ T cell
CNA_10xv2_2	TTTCGTAACAGTACGG	SNG	sampleB	10xv2	Natural killer cell
CNA_10xv2_2	AGCTTCCACAATCTGC	SNG	sampleA	10xv2	Natural killer cell
CNA_10xv2_2	AGTTCACGAGGAATAT	SNG	sampleA	10xv2	CD16+ monocyte
CNA_10xv2_2	ATTTCAGCTCCGCTAG	SNG	sampleB	10xv2	Cytotoxic T cell
CNA_10xv2_2	ACAGTTGACGAAATCA	SNG	sampleB	10xv2	CD4+ T cell
CNA_10xv2_2	GCGCGATACCGGTTTA	SNG	sampleA	10xv2	CD14+ monocyte
CNA_10xv2_2	CAAAGACCTAATCCGT	SNG	sampleB	10xv2	CD4+ T cell
CNA_10xv2_2	TTGGGTAACTTCTGAG	SNG	sampleB	10xv2	CD14+ monocyte
CNA_10xv2_2	TCAAAGCACCGTAACT	SNG	sampleA	10xv2	CD14+ monocyte
CNA_10xv2_2	GGCGTAGCTGCTTTGA	SNG	sampleB	10xv2	Cytotoxic T cell
CNA_10xv2_2	CAATCGTGATTGACCA	SNG	sampleA	10xv2	CD4+ T cell
CNA_10xv2_2	GGATCCCGATTCGTTT	SNG	sampleB	10xv2	Cytotoxic T cell
CNA_10xv2_2	CACAGCGTGTACCAAC	SNG	sampleA	10xv2	Cytotoxic T cell
CNA_10xv2_2	TACTGGAACCCTCGTT	SNG	sampleA	10xv2	CD16+ monocyte
CNA_10xv2_2	GTCCCAGGACGTTCTC	SNG	sampleB	10xv2	CD4+ T cell
CNA_10xv2_2	GAGTGTTACCACAGTT	SNG	sampleA	10xv2	Cytotoxic T cell
CNA_10xv2_2	GTCACGCGAGGTGTCC	SNG	sampleB	10xv2	Cytotoxic T cell
CNA_10xv2_2	TTCAAGCGAGACCGAA	SNG	sampleB	10xv2	CD4+ T cell
CNA_10xv2_2	CCGAGTCGACAAGGTG	SNG	sampleB	10xv2	Cytotoxic T cell
CNA_10xv2_2	AAAGCCTTGCTCGAGC	SNG	sampleB	10xv2	CD14+ monocyte
CNA_10xv2_2	ACAGTTGACAGGACCA	SNG	sampleA	10xv2	Natural killer cell
CNA_10xv2_2	GAGAGTGACAGGTGAC	SNG	sampleB	10xv2	Dendritic cell
CNA_10xv2_2	CGCATCGGAAGTTGAA	SNG	sampleB	10xv2	Cytotoxic T cell
CNA_10xv2_2	TTACACACTTCGCAGC	SNG	sampleB	10xv2	Cytotoxic T cell
CNA_10xv2_2	CTCCAACTGGGCATTT	SNG	sampleA	10xv2	CD14+ monocyte
CNA_10xv2_2	ACCTCAGCTCAACGCC	SNG	sampleA	10xv2	CD16+ monocyte
CNA_10xv2_2	TGGTTAGACACACCGC	SNG	sampleA	10xv2	CD14+ monocyte
CNA_10xv2_2	ATCGGGCACAGTGGTG	SNG	sampleB	10xv2	B cell
CNA_10xv2_2	GCCGTTTACCCAGCAC	SNG	sampleB	10xv2	B cell
CNA_10xv2_2	GTCCGTTACCATACTG	SNG	sampleA	10xv2	Natural killer cell
CNA_10xv2_2	TCTTTAGACAGTTGAA	SNG	sampleB	10xv2	Dendritic cell
CNA_10xv2_2	GTGGTTAACTCGCAGC	SNG	sampleB	10xv2	CD16+ monocyte
CNA_10xv2_2	GGCAGTAGACCTAACA	SNG	sampleA	10xv2	CD4+ T cell
CNA_10xv2_2	ACGTCCACTAGCTTGT	SNG	sampleA	10xv2	Natural killer cell
CNA_10xv2_2	CCACGAGTGACGCGAA	SNG	sampleB	10xv2	Dendritic cell
CNA_10xv2_2	TAGAACCACTAACGGG	SNG	sampleB	10xv2	CD14+ monocyte
CNA_10xv2_2	GGTAGTTTGTTGCGTA	SNG	sampleA	10xv2	CD14+ monocyte
CNA_10xv2_2	ACCTGCTTGTAGACAA	SNG	sampleA	10xv2	Cytotoxic T cell
CNA_10xv2_2	TAGTACCGACTTAGTG	SNG	sampleA	10xv2	B cell
CNA_10xv2_2	ACAGACTACGCAGTTT	SNG	sampleB	10xv2	B cell
CNA_10xv2_2	AGGCCAAGACATGCAT	SNG	sampleB	10xv2	CD4+ T cell
CNA_10xv2_2	CCTAACGCTAACGAAT	SNG	sampleB	10xv2	CD14+ monocyte
CNA_10xv2_2	GTAGGCGCTGGCCAAA	SNG	sampleB	10xv2	Cytotoxic T cell
CNA_10xv2_2	AAGAACCCTCGAAGCA	SNG	sampleB	10xv2	CD16+ monocyte
CNA_10xv2_2	AGGTAGGTGCGGCACT	SNG	sampleB	10xv2	Cytotoxic T cell
CNA_10xv2_2	GTCCGTTACTTCGCCT	SNG	sampleA	10xv2	Cytotoxic T cell
CNA_10xv2_2	TCGTATGGAGGACTGA	SNG	sampleA	10xv2	CD4+ T cell
CNA_10xv2_2	GATATGAGAAACTAGA	SNG	sampleA	10xv2	Cytotoxic T cell
CNA_10xv2_2	GCAGTATTGGGACCAA	SNG	sampleA	10xv2	Natural killer cell
CNA_10xv2_2	CTTTCCGGACTGATCA	SNG	sampleB	10xv2	CD14+ monocyte
CNA_10xv2_2	GCGCAGTTGCCGCAGT	SNG	sampleB	10xv2	Cytotoxic T cell
CNA_10xv2_2	ACTTGAGTGCATACTG	SNG	sampleA	10xv2	CD4+ T cell
CNA_10xv2_2	AGGAGTTCTATTCTGG	SNG	sampleB	10xv2	CD14+ monocyte
CNA_10xv2_2	GTACACTGAGAAGGCT	SNG	sampleA	10xv2	CD14+ monocyte
CNA_10xv2_2	ATGATGGCTCAGCACC	SNG	sampleB	10xv2	CD4+ T cell
CNA_10xv2_2	TTGTACTACGAATAGT	SNG	sampleB	10xv2	B cell
CNA_10xv2_2	AAGAACCCTGCTACGC	SNG	sampleA	10xv2	CD4+ T cell
CNA_10xv2_2	ACCTCAGCTCCGCTAG	SNG	sampleA	10xv2	CD4+ T cell
CNA_10xv2_2	GCCTCTTGAGTTGACT	SNG	sampleA	10xv2	CD4+ T cell
CNA_10xv2_2	GTTTCATTGGCCGCTA	SNG	sampleB	10xv2	CD14+ monocyte
CNA_10xv2_2	TCCTGTGACATGTCCA	SNG	sampleA	10xv2	Cytotoxic T cell
CNA_10xv2_2	GCTAGCGACCGACAAG	SNG	sampleB	10xv2	CD14+ monocyte
CNA_10xv2_2	GAGTTACTGTCGTCCT	SNG	sampleB	10xv2	B cell
CNA_10xv2_2	GTTCAGAACTGTCACA	SNG	sampleB	10xv2	CD4+ T cell
CNA_10xv2_2	CGTGTAATGTTGTTTC	SNG	sampleB	10xv2	CD14+ monocyte
CNA_10xv2_2	TACCTTCCTGTCCCGA	SNG	sampleB	10xv2	CD4+ T cell
CNA_10xv2_2	TTGTCCCGATGAACAA	SNG	sampleA	10xv2	CD14+ monocyte
CNA_10xv2_2	GCTTACCACTGGCTGC	SNG	sampleB	10xv2	Natural killer cell
CNA_10xv2_2	AGTAGAAACGTTTACG	SNG	sampleB	10xv2	Natural killer cell
CNA_10xv2_2	GCAGGTCTGTGTGCTA	SNG	sampleA	10xv2	CD4+ T cell
CNA_10xv2_2	TGTTCCTCTTAATAGG	SNG	sampleB	10xv2	B cell
CNA_10xv2_2	CTTTCCGGATTGTACG	SNG	sampleA	10xv2	CD4+ T cell
CNA_10xv2_2	GCTAGTCCTGCTCTTC	SNG	sampleA	10xv2	Natural killer cell
CNA_10xv2_2	CGTGCCAGACGAGGTA	SNG	sampleB	10xv2	Natural killer cell
CNA_10xv2_2	TACATTGCTAATGCGG	SNG	sampleB	10xv2	Natural killer cell
CNA_10xv2_2	TGTCGCTTGGACTGTT	SNG	sampleA	10xv2	CD4+ T cell
CNA_10xv2_2	GAGTTGTTGCCTAACA	SNG	sampleA	10xv2	Cytotoxic T cell
CNA_10xv2_2	ACCAATGACCGAACGA	SNG	sampleA	10xv2	CD4+ T cell
CNA_10xv2_2	AAAGTCAGACGGCTCA	SNG	sampleB	10xv2	CD14+ monocyte
CNA_10xv2_2	GTATTCACTAAGTAAC	SNG	sampleA	10xv2	B cell
CNA_10xv2_2	TATGTACCTTAGACAA	SNG	sampleA	10xv2	CD4+ T cell
CNA_10xv2_2	CCGCAAGTGGGGATTG	SNG	sampleA	10xv2	CD4+ T cell
CNA_10xv2_2	AGGTAGGTGGAAATCA	SNG	sampleB	10xv2	Cytotoxic T cell
CNA_10xv2_2	TACTAACCTTTGCGCG	SNG	sampleA	10xv2	CD4+ T cell
CNA_10xv2_2	ATCGCAAACTTGCGTA	SNG	sampleB	10xv2	CD4+ T cell
CNA_10xv2_2	CTCCTAGTGGGACTGA	SNG	sampleB	10xv2	CD16+ monocyte
CNA_10xv2_2	GGTATCTGATGCCACG	SNG	sampleB	10xv2	Cytotoxic T cell
CNA_10xv2_2	TCCAAAGTGTTTCCGC	SNG	sampleB	10xv2	CD16+ monocyte
CNA_10xv2_2	CACTTTATGTACGTTG	SNG	sampleB	10xv2	CD4+ T cell
CNA_10xv2_2	TGTGTAGTGTACTTTC	SNG	sampleB	10xv2	B cell
CNA_10xv2_2	CTAACTGGACCTAACA	SNG	sampleA	10xv2	CD16+ monocyte
CNA_10xv2_2	TAGTTGCGAGGGTAGT	SNG	sampleA	10xv2	CD14+ monocyte
CNA_10xv2_2	GCGTTAATGGCTCAGC	SNG	sampleA	10xv2	CD16+ monocyte
CNA_10xv2_2	GGCTCAGACTGCATCA	SNG	sampleA	10xv2	CD4+ T cell
CNA_10xv2_2	CATGGAGGACACTCAA	SNG	sampleB	10xv2	CD4+ T cell
CNA_10xv2_2	CTTATGTTGCGGAAGT	SNG	sampleB	10xv2	CD14+ monocyte
CNA_10xv2_2	TGCACGGACAGGTGCA	SNG	sampleA	10xv2	CD4+ T cell
CNA_10xv2_2	ACTCGCTACATGAATG	SNG	sampleA	10xv2	B cell
CNA_10xv2_2	AGGGAGTTGACAGGTG	SNG	sampleA	10xv2	CD4+ T cell
CNA_10xv2_2	CCGCTAACTTGACTCA	SNG	sampleB	10xv2	CD4+ T cell
CNA_10xv2_2	AAATAGGACCCACTTC	SNG	sampleB	10xv2	Cytotoxic T cell
CNA_10xv2_2	CTTAGAGACTTGCAGT	SNG	sampleB	10xv2	Dendritic cell
CNA_10xv2_2	GAAGCAGTGCAGGTGA	SNG	sampleA	10xv2	CD4+ T cell
CNA_10xv2_2	ATGATAGGAAGTGGTG	SNG	sampleB	10xv2	Cytotoxic T cell
CNA_10xv2_2	CATTCCTCTTTGCGCG	SNG	sampleB	10xv2	CD4+ T cell
CNA_10xv2_2	TCAGCGCGACTGGAAG	SNG	sampleA	10xv2	CD14+ monocyte
CNA_10xv2_2	ATCGAAAGATCGTAGT	SNG	sampleB	10xv2	Cytotoxic T cell
CNA_10xv2_2	TAGAACCACCAGTCCG	SNG	sampleA	10xv2	Natural killer cell
CNA_10xv2_2	TCATTCTGAATCGGTT	SNG	sampleA	10xv2	B cell
CNA_10xv2_2	GCTTGTCACAAAGTAC	SNG	sampleB	10xv2	CD4+ T cell
CNA_10xv2_2	GGCTTACCTGCCCTGA	SNG	sampleB	10xv2	CD4+ T cell
CNA_10xv2_2	ACCTGCTTGCTCACGG	SNG	sampleA	10xv2	CD14+ monocyte
CNA_10xv2_2	GGTCGTTCTCTATCTT	SNG	sampleB	10xv2	B cell
CNA_10xv2_2	CGACATCCTTATGACC	SNG	sampleB	10xv2	CD14+ monocyte
CNA_10xv2_2	GAACGCGCTGCGCACT	SNG	sampleA	10xv2	CD4+ T cell
CNA_10xv2_2	GGCGTGACTCCTTTGC	SNG	sampleA	10xv2	Natural killer cell
CNA_10xv2_2	TCCTTCACTGGTTGAG	SNG	sampleA	10xv2	CD14+ monocyte
CNA_10xv2_2	CCCTCCTTGCGAAAGC	SNG	sampleB	10xv2	Natural killer cell
CNA_10xv2_2	TCACATTACTATGACC	SNG	sampleB	10xv2	CD14+ monocyte
CNA_10xv2_2	TATCTCCCTCATGCAT	SNG	sampleA	10xv2	CD14+ monocyte
CNA_10xv2_2	GGTCGTTCTCGATTAC	SNG	sampleA	10xv2	CD4+ T cell
CNA_10xv2_2	CTAATCTTGCAAGTAA	SNG	sampleA	10xv2	CD14+ monocyte
CNA_10xv2_2	GAAGTTCTGTAACCCA	SNG	sampleB	10xv2	B cell
CNA_10xv2_2	CATCCGTACGGTTGAG	SNG	sampleB	10xv2	CD4+ T cell
CNA_10xv2_2	GCTTCCTGAGAACATA	SNG	sampleA	10xv2	CD14+ monocyte
CNA_10xv2_2	CTGAGCGTGACACAAA	SNG	sampleB	10xv2	Natural killer cell
CNA_10xv2_2	CGACATCCTCTGTACA	SNG	sampleA	10xv2	CD14+ monocyte
CNA_10xv2_2	AACGTAGCTTCGCAGC	SNG	sampleA	10xv2	CD4+ T cell
CNA_10xv2_2	GGAATGGTGGCTGGCT	SNG	sampleA	10xv2	Cytotoxic T cell
CNA_10xv2_2	TCCCAGACTGCAGGAT	SNG	sampleB	10xv2	CD4+ T cell
CNA_10xv2_2	TCCATTCCTCCTAACA	SNG	sampleB	10xv2	CD4+ T cell
CNA_10xv2_2	CTTTCGGTGTCGTACA	SNG	sampleB	10xv2	B cell
CNA_10xv2_2	GAGTGTTACGCCGCTA	SNG	sampleA	10xv2	CD4+ T cell
CNA_10xv2_2	CGACGACACACGCCAC	SNG	sampleB	10xv2	B cell
CNA_10xv2_2	CAGGAGCCTAAAGGTT	SNG	sampleB	10xv2	B cell
CNA_10xv2_2	AACTCCCTGTGGTCCG	SNG	sampleB	10xv2	CD4+ T cell
CNA_10xv2_2	AACTTGGACGAGTAAT	SNG	sampleB	10xv2	CD4+ T cell
CNA_10xv2_2	GGTTGTATGAGGCATG	SNG	sampleB	10xv2	CD4+ T cell
CNA_10xv2_2	CAGGACCTGAAGTTAG	SNG	sampleA	10xv2	Cytotoxic T cell
CNA_10xv2_2	TCGATGATGCATGCAT	SNG	sampleA	10xv2	CD14+ monocyte
CNA_10xv2_2	CTAACTGGACCGTGAC	SNG	sampleB	10xv2	CD14+ monocyte
CNA_10xv2_2	GGGCTGACTGGACACA	SNG	sampleB	10xv2	B cell
CNA_10xv2_2	GTGCAGAGAGACTGTT	SNG	sampleA	10xv2	CD14+ monocyte
CNA_10xv2_2	TCTTTCCACCCACTTC	SNG	sampleA	10xv2	Cytotoxic T cell
CNA_10xv2_2	TACCGACCTCTCCTAC	SNG	sampleA	10xv2	Cytotoxic T cell
CNA_10xv2_2	TCTTTAGACAACGCAG	SNG	sampleA	10xv2	CD4+ T cell
CNA_10xv2_2	GCATCAATGATAGGTA	SNG	sampleB	10xv2	Cytotoxic T cell
CNA_10xv2_2	TGCGGCAACAAAGCTA	SNG	sampleB	10xv2	CD4+ T cell
CNA_10xv2_2	AACCCTCACCGAAGCA	SNG	sampleA	10xv2	CD4+ T cell
CNA_10xv2_2	ACGGGTAGAGTTTGGT	SNG	sampleB	10xv2	Natural killer cell
CNA_10xv2_2	TTGATTCACTGCTGGC	SNG	sampleA	10xv2	CD14+ monocyte
CNA_10xv2_2	GCAGATACTTAAGTAG	SNG	sampleA	10xv2	Natural killer cell
CNA_10xv2_2	ATGTCCAGAGTGAGCA	SNG	sampleA	10xv2	CD4+ T cell
CNA_10xv2_2	TTTCTGAACTCGTCAA	SNG	sampleB	10xv2	CD4+ T cell
CNA_10xv2_2	CGATACCCTAGTGGTG	SNG	sampleB	10xv2	CD4+ T cell
CNA_10xv2_2	TGCGAGGCTCTTAGTG	SNG	sampleB	10xv2	Cytotoxic T cell
CNA_10xv2_2	TCGGACTCTAGCCCTG	SNG	sampleB	10xv2	CD4+ T cell
CNA_10xv2_2	TGAGGAGTGCCGCAGT	SNG	sampleB	10xv2	Cytotoxic T cell
CNA_10xv2_2	GATAAGAACTAACTCG	SNG	sampleB	10xv2	Cytotoxic T cell
CNA_10xv2_2	CGTTGCTTGGACAAAT	SNG	sampleA	10xv2	CD14+ monocyte
CNA_10xv2_2	TGCCGTGGACTGGCAC	SNG	sampleA	10xv2	CD4+ T cell
CNA_10xv2_2	TGCAATGTGATTGGTC	SNG	sampleA	10xv2	B cell
CNA_10xv2_2	TCGTCTGACCGAACGA	SNG	sampleB	10xv2	CD4+ T cell
CNA_10xv2_2	TGGTCAAACAGCAATA	SNG	sampleA	10xv2	CD4+ T cell
CNA_10xv2_2	TCCGTGGGAACAACAA	SNG	sampleA	10xv2	CD4+ T cell
CNA_10xv2_2	GTAATCTCTATAGGTA	SNG	sampleA	10xv2	CD4+ T cell
CNA_10xv2_2	GTTCGCTTGACTAGTC	SNG	sampleA	10xv2	Cytotoxic T cell
CNA_10xv2_2	GACCCACGAGGGTTCC	SNG	sampleB	10xv2	CD4+ T cell
CNA_10xv2_2	CCAACACCTTGTGGGA	SNG	sampleA	10xv2	CD4+ T cell
CNA_10xv2_2	ACGTTCAGATTCCATT	SNG	sampleB	10xv2	CD4+ T cell
CNA_10xv2_2	CTGTTGCTGTCGAGAG	SNG	sampleB	10xv2	B cell
CNA_10xv2_2	GGCACTGACGGGTAGT	SNG	sampleB	10xv2	B cell
CNA_10xv2_2	GCATATCGAGTCAATC	SNG	sampleA	10xv2	CD4+ T cell
CNA_10xv2_2	GACCGCTGACCTGTGG	SNG	sampleA	10xv2	B cell
CNA_10xv2_2	CCTCACATGCCGGACT	SNG	sampleB	10xv2	CD4+ T cell
CNA_10xv2_2	CTCCAACTGATTAAGG	SNG	sampleA	10xv2	CD4+ T cell
CNA_10xv2_2	TACACGTGATCTATCT	SNG	sampleA	10xv2	B cell
CNA_10xv2_2	GAAGTATGACAACGCC	SNG	sampleA	10xv2	CD14+ monocyte
CNA_10xv2_2	TTTCTGAACCAACGCC	SNG	sampleB	10xv2	CD14+ monocyte
CNA_10xv2_2	AGAACAATGGTCCCAG	SNG	sampleA	10xv2	CD4+ T cell
CNA_10xv2_2	AAGCATCACTCCGTAA	SNG	sampleB	10xv2	B cell
CNA_10xv2_2	TGTTACTTGGCACTTA	SNG	sampleB	10xv2	Cytotoxic T cell
CNA_10xv2_2	GCTCCTAACAAGGCCA	SNG	sampleA	10xv2	CD4+ T cell
CNA_10xv2_2	CGATGATTGCTGCGGT	SNG	sampleA	10xv2	Cytotoxic T cell
CNA_10xv2_2	GTTGCTAGACCAAACT	SNG	sampleA	10xv2	CD14+ monocyte
CNA_10xv2_2	TACGATGACCGAAGCA	SNG	sampleB	10xv2	CD4+ T cell
CNA_10xv2_2	AGTGGTACTGCGAGTA	SNG	sampleA	10xv2	Natural killer cell
CNA_10xv2_2	TACCGCTACCGATTCA	SNG	sampleB	10xv2	Natural killer cell
CNA_10xv2_2	CTGGTGGACTGAACAA	SNG	sampleB	10xv2	CD4+ T cell
CNA_10xv2_2	AAGAAACACTAACCCA	SNG	sampleB	10xv2	CD14+ monocyte
CNA_10xv2_2	ATGGACTACCTACTCC	SNG	sampleA	10xv2	CD4+ T cell
CNA_10xv2_2	AAATAGCGACTTTGTT	SNG	sampleB	10xv2	B cell
CNA_10xv2_2	TCTTGAGGACACAGTT	SNG	sampleA	10xv2	CD4+ T cell
CNA_10xv2_2	TCCTTGGTGTTGTTTC	SNG	sampleB	10xv2	CD4+ T cell
CNA_10xv2_2	TCCATTTGATCATGCA	SNG	sampleA	10xv2	Natural killer cell
CNA_10xv2_2	CAGTAGTTGACGTGCC	SNG	sampleA	10xv2	CD4+ T cell
CNA_10xv2_2	ACGGCCATGAATACAG	SNG	sampleB	10xv2	CD4+ T cell
CNA_10xv2_2	GTTAAGAGATAGACAA	SNG	sampleA	10xv2	CD4+ T cell
CNA_10xv2_2	TTGTGGTGATTTCTTG	SNG	sampleA	10xv2	Natural killer cell
CNA_10xv2_2	GTCCGTTACGGAATAT	SNG	sampleA	10xv2	Natural killer cell
CNA_10xv2_2	TCCGTGTTGCATGATC	SNG	sampleB	10xv2	B cell
CNA_10xv2_2	ACTCCAGCTCCCGCAA	SNG	sampleB	10xv2	CD4+ T cell
CNA_10xv2_2	GCGGCTATGGCCAGCT	SNG	sampleB	10xv2	B cell
CNA_10xv2_2	AAGAATGTGAGCAGGT	SNG	sampleA	10xv2	Cytotoxic T cell
CNA_10xv2_2	TAACTCACTCCAGCTG	SNG	sampleA	10xv2	CD16+ monocyte
CNA_10xv2_2	TCAATCGGACCCGAGT	SNG	sampleA	10xv2	CD4+ T cell
CNA_10xv2_2	ATCGTTTACCGACATT	SNG	sampleB	10xv2	CD4+ T cell
CNA_10xv2_2	GCAAATCTGACCCGGT	SNG	sampleB	10xv2	CD14+ monocyte
CNA_10xv2_2	GAGAAGAGAGCTGTTA	SNG	sampleA	10xv2	Cytotoxic T cell
CNA_10xv2_2	GGACCTCGATAATAGG	SNG	sampleB	10xv2	Cytotoxic T cell
CNA_10xv2_2	TTATCGACTGCCGCTA	SNG	sampleA	10xv2	CD4+ T cell
CNA_10xv2_2	CCTTCTACTATAGCAA	SNG	sampleA	10xv2	CD14+ monocyte
CNA_10xv2_2	GCGACGTTGGGTTGAG	SNG	sampleB	10xv2	CD4+ T cell
CNA_10xv2_2	AAATGCGCTAGGTCCC	SNG	sampleA	10xv2	B cell
CNA_10xv2_2	CAAGATAGAAGCCCTG	SNG	sampleA	10xv2	CD4+ T cell
CNA_10xv2_2	GCCTAAATGGATAGCG	SNG	sampleB	10xv2	Natural killer cell
CNA_10xv2_2	GCGGTTCGACCTACGG	SNG	sampleA	10xv2	Natural killer cell
CNA_10xv2_2	ATAAGACGACCTCCTA	SNG	sampleB	10xv2	CD16+ monocyte
CNA_10xv2_2	ATTGTGCGAATTCGGT	SNG	sampleA	10xv2	Cytotoxic T cell
CNA_10xv2_2	CGTGTACCTTTGCAGT	SNG	sampleA	10xv2	CD14+ monocyte
CNA_10xv2_2	CTCGGATCTATTAAGG	SNG	sampleB	10xv2	Cytotoxic T cell
CNA_10xv2_2	GGCGTGACTGCACTTA	SNG	sampleA	10xv2	B cell
CNA_10xv2_2	CGAAATAGAAGATTCC	SNG	sampleB	10xv2	B cell
CNA_10xv2_2	CCACTCTGATAACCCA	SNG	sampleB	10xv2	B cell
CNA_10xv2_2	CATCCGTACAGACAAT	SNG	sampleB	10xv2	B cell
CNA_10xv2_2	GTTGAAGCTAAGCTAA	SNG	sampleA	10xv2	B cell
CNA_10xv2_2	ATGCTCCTGAAAGCTA	SNG	sampleA	10xv2	B cell
CNA_10xv2_2	CATAGGTACGCACTTA	SNG	sampleA	10xv2	B cell
CNA_10xv2_2	AAACAACGAAGTCGGA	SNG	sampleB	10xv2	B cell
CNA_10xv2_2	CCATGCTACTGCCACG	SNG	sampleA	10xv2	CD4+ T cell
CNA_10xv2_2	CGATACCCTGCCCTGA	SNG	sampleB	10xv2	B cell
CNA_10xv2_2	CCAGCACGACTGCCAG	SNG	sampleB	10xv2	B cell
CNA_10xv2_2	GAGTGTTACCCGTGAC	SNG	sampleA	10xv2	CD4+ T cell
CNA_10xv2_2	GTACATCGACCTTCCA	SNG	sampleB	10xv2	CD4+ T cell
CNA_10xv2_2	CCGACTACTCAGGCCT	SNG	sampleA	10xv2	CD4+ T cell
CNA_10xv2_2	AATGGGTCTGTGGTGA	SNG	sampleA	10xv2	CD4+ T cell
CNA_10xv2_2	ATCTCTTGACATGCAT	SNG	sampleA	10xv2	Cytotoxic T cell
CNA_10xv2_2	ACCTATGGATAACGGG	SNG	sampleB	10xv2	CD4+ T cell
CNA_10xv2_2	GCAAATCTGTTACGAC	SNG	sampleB	10xv2	CD4+ T cell
CNA_10xv2_2	GGTCTGGACCAGACCC	SNG	sampleA	10xv2	CD4+ T cell
CNA_10xv2_2	TTCGATGGATGCTCAA	SNG	sampleA	10xv2	B cell
CNA_10xv2_2	AAGTCTTCTGTTTGGT	SNG	sampleB	10xv2	CD4+ T cell
CNA_10xv2_2	CGTACAAACCCTCCTA	SNG	sampleB	10xv2	Cytotoxic T cell
CNA_10xv2_2	GGCGTACACCATGCGC	SNG	sampleA	10xv2	CD4+ T cell
CNA_10xv2_2	GGTATACTGCAACGCC	SNG	sampleA	10xv2	B cell
CNA_10xv2_2	AGCAGAGACGAGTGAC	SNG	sampleA	10xv2	CD4+ T cell
CNA_10xv2_2	TGGCTAATGCACCTAA	SNG	sampleB	10xv2	CD4+ T cell
CNA_10xv2_2	TATGTACCTTGCATGT	SNG	sampleB	10xv2	CD4+ T cell
CNA_10xv2_2	CTTGCGTACGTACGTT	SNG	sampleB	10xv2	B cell
CNA_10xv2_2	AGTAAGTGATGAACAA	SNG	sampleB	10xv2	B cell
CNA_10xv2_2	TAGTACCGAGCTGAGA	SNG	sampleB	10xv2	Cytotoxic T cell
CNA_10xv2_2	TCGTCTGACAGCAATA	SNG	sampleA	10xv2	CD4+ T cell
CNA_10xv2_2	AGCCGGTACACAGGTG	SNG	sampleA	10xv2	CD4+ T cell
CNA_10xv2_2	AGAGAATTGCCTAGGC	SNG	sampleB	10xv2	CD4+ T cell
CNA_10xv2_2	GTATCACGACACTCAA	SNG	sampleB	10xv2	Cytotoxic T cell
CNA_10xv2_2	CACAGCGTGGAGTAAT	SNG	sampleA	10xv2	Cytotoxic T cell
CNA_10xv2_2	TTGCGGTCTGCTGAGA	SNG	sampleB	10xv2	B cell
CNA_10xv2_2	GGAAGAAGATCGGGCT	SNG	sampleB	10xv2	B cell
CNA_10xv2_2	AGTGTTCGAGCTTACA	SNG	sampleB	10xv2	B cell
CNA_10xv2_2	CCACTTGTGTGAACAA	SNG	sampleB	10xv2	B cell
CNA_10xv2_2	ACACATCGAGAGCTGA	SNG	sampleA	10xv2	B cell
CNA_10xv2_2	TCGTATGGATCCGTAA	SNG	sampleB	10xv2	B cell
CNA_10xv2_2	CCGGGAACTGCTGGCT	SNG	sampleB	10xv2	B cell
CNA_10xv2_2	GTAATCTCTCTGATCA	SNG	sampleA	10xv2	Cytotoxic T cell
CNA_10xv2_2	TCTTTCAGACGCAACC	SNG	sampleA	10xv2	Natural killer cell
CNA_10xv2_2	CTTTAACTGGGACCAA	SNG	sampleB	10xv2	CD4+ T cell
CNA_10xv2_2	AAACCGTACGAAGGCT	SNG	sampleA	10xv2	B cell
CNA_10xv2_2	GACCGTGTGACAGGTG	SNG	sampleB	10xv2	B cell
CNA_10xv2_2	TTCCAAACTCGCACTG	SNG	sampleB	10xv2	CD4+ T cell
CNA_10xv2_2	GAAGCTTTGGGTGCAA	SNG	sampleB	10xv2	Natural killer cell
CNA_10xv2_2	CAGAAACCTCAGCTGC	SNG	sampleB	10xv2	CD4+ T cell
CNA_10xv2_2	GAACCATACTCGACAT	SNG	sampleB	10xv2	CD4+ T cell
CNA_10xv2_2	ACGTGTTGATCGCAGC	SNG	sampleB	10xv2	CD4+ T cell
CNA_10xv2_2	CTATTGGGACCAGGCT	SNG	sampleA	10xv2	CD4+ T cell
CNA_10xv2_2	GTGCTCACTCCTTTGC	SNG	sampleA	10xv2	CD4+ T cell
CNA_10xv2_2	AGGTAGGTGTGAAAGT	SNG	sampleB	10xv2	Cytotoxic T cell
CNA_10xv2_2	GAGGCAATGTCGACAT	SNG	sampleB	10xv2	CD4+ T cell
CNA_10xv2_2	CAGATGACTTTCTGAG	SNG	sampleB	10xv2	B cell
CNA_10xv2_2	AGCTCGGACCCGTGAC	SNG	sampleB	10xv2	CD4+ T cell
CNA_10xv2_2	CATCAGTGAGCCGTTG	SNG	sampleA	10xv2	Cytotoxic T cell
CNA_10xv2_2	CGATACCCTTACACTG	SNG	sampleA	10xv2	CD4+ T cell
CNA_10xv2_2	CAGTCGTCTCTGGCAC	SNG	sampleA	10xv2	Cytotoxic T cell
CNA_10xv2_2	GAAGCGCCTTTTGGGT	SNG	sampleB	10xv2	B cell
CNA_10xv2_2	CATTGGCCTCAGCAAG	SNG	sampleB	10xv2	Cytotoxic T cell
CNA_10xv2_2	TCCATATACGATCCAT	SNG	sampleB	10xv2	Cytotoxic T cell
CNA_10xv2_2	TTCCTAAACAGAGGCT	SNG	sampleB	10xv2	Natural killer cell
CNA_10xv2_2	GGTAGTTTGCGAGGTA	SNG	sampleA	10xv2	Natural killer cell
CNA_10xv2_2	CGCAAAGGAGCTTTGA	SNG	sampleB	10xv2	Cytotoxic T cell
CNA_10xv2_2	ACCGGCTGAGATCATC	SNG	sampleA	10xv2	CD4+ T cell
CNA_10xv2_2	TCTTGGCACTTGACCA	SNG	sampleA	10xv2	CD4+ T cell
CNA_10xv2_2	TACCACCTGTGCATGT	SNG	sampleB	10xv2	CD4+ T cell
CNA_10xv2_2	CAGAGTACTTTTGGGT	SNG	sampleA	10xv2	CD4+ T cell
CNA_10xv2_2	GTGTGATACCTAACGT	SNG	sampleA	10xv2	CD4+ T cell
CNA_10xv2_2	TTCGCCAACTCGTAAC	SNG	sampleB	10xv2	Cytotoxic T cell
CNA_10xv2_2	CTGCACGGACGAAGCA	SNG	sampleB	10xv2	CD4+ T cell
CNA_10xv2_2	GGGAGCTCTTTTCTTG	SNG	sampleB	10xv2	Cytotoxic T cell
CNA_10xv2_2	ATCAAAGGACAGGGTA_GTGTGATACCAACGCC	SNG	sampleA	10xv2	Natural killer cell
CNA_10xv2_2	TGTGTAGTGTAGACAA	SNG	sampleA	10xv2	CD4+ T cell
CNA_10xv2_2	TTTACGTACCCTAGCG	SNG	sampleA	10xv2	CD4+ T cell
CNA_10xv2_2	TCCTGTGACCGGAATG	SNG	sampleA	10xv2	Cytotoxic T cell
CNA_10xv2_2	CTATGGATGCGGAAGT	SNG	sampleA	10xv2	Natural killer cell
CNA_10xv2_2	CAAGATAGACGTACAT	SNG	sampleA	10xv2	Natural killer cell
CNA_10xv2_2	CTAGAGACTTTATGGC	SNG	sampleA	10xv2	CD4+ T cell
CNA_10xv2_2	TTCCTACCTAGCCATT	SNG	sampleB	10xv2	Cytotoxic T cell
CNA_10xv2_2	GTAACTCGAGGTGCAA	SNG	sampleA	10xv2	Cytotoxic T cell
CNA_10xv2_2	GTTATGCGAAAAGGTT	SNG	sampleA	10xv2	Natural killer cell
CNA_10xv2_2	CCGTTTGTGGATGGAC	SNG	sampleB	10xv2	CD4+ T cell
CNA_10xv2_2	ACGGAATCTATCACAC	SNG	sampleA	10xv2	CD4+ T cell
CNA_10xv2_2	CATGTCAGAACTCGAT	SNG	sampleA	10xv2	CD4+ T cell
CNA_10xv2_2	TGTTTGTTGATCCGTA	SNG	sampleA	10xv2	CD4+ T cell
CNA_10xv2_2	ATGGCATTGCAGGCCT	SNG	sampleB	10xv2	Dendritic cell
CNA_10xv2_2	GTGTAACTGCGGCACT	SNG	sampleB	10xv2	Cytotoxic T cell
CNA_10xv2_2	GGATTTGACGCTAATC	SNG	sampleA	10xv2	Natural killer cell
CNA_10xv2_2	CTGCTGGGAGTGGTGA	SNG	sampleB	10xv2	Natural killer cell
CNA_10xv2_2	TCTCAGAGAGCATGAG	SNG	sampleB	10xv2	Natural killer cell
CNA_10xv2_2	TCCCTGTGAGCTCTTC	SNG	sampleB	10xv2	Dendritic cell
CNA_10xv2_2	ACACACTGACTCATCC	SNG	sampleA	10xv2	CD16+ monocyte
CNA_10xv2_2	CCATAAGTGGGCCTGT	SNG	sampleA	10xv2	Natural killer cell
CNA_10xv2_2	CCGAGACACAGACAAT	SNG	sampleA	10xv2	CD4+ T cell
CNA_10xv2_2	GGCGTTTCTTTCGCCT	SNG	sampleA	10xv2	Cytotoxic T cell
CNA_10xv2_2	GTCTTGCACGGAATAT	SNG	sampleA	10xv2	CD4+ T cell
CNA_10xv2_2	TCTACTCCTCAATGAA	SNG	sampleB	10xv2	CD4+ T cell
CNA_10xv2_2	TTCGTCGTGTACAGAA	SNG	sampleB	10xv2	B cell
CNA_10xv2_2	CTGTGCACTAGTCGGA	SNG	sampleB	10xv2	Natural killer cell
CNA_10xv2_2	GGATTAAGAAATAGCA	SNG	sampleB	10xv2	Cytotoxic T cell
CNA_10xv2_2	ATCCTCGACCCTAACA	SNG	sampleA	10xv2	Natural killer cell
CNA_10xv2_2	GAATTCTCTAACGTTC	SNG	sampleA	10xv2	Cytotoxic T cell
CNA_10xv2_2	AGGAAGAGATACAGCT	SNG	sampleA	10xv2	CD14+ monocyte
CNA_10xv2_2	TAAGGGCGATAACGGG	SNG	sampleA	10xv2	Cytotoxic T cell
CNA_10xv2_2	TGGAACACTTAATCGC	SNG	sampleA	10xv2	Natural killer cell
CNA_10xv2_2	GAAGTGTCTATGTCAC	SNG	sampleB	10xv2	CD4+ T cell
CNA_10xv2_2	CAGAGTACTATGAATG	SNG	sampleB	10xv2	CD4+ T cell
CNA_10xv2_2	CGAAATAGACGAAAGC	SNG	sampleB	10xv2	B cell
CNA_10xv2_2	AAGTGGCGATAACTCG	SNG	sampleA	10xv2	Natural killer cell
CNA_10xv2_2	TTTCGCTCTTAAGTAG	SNG	sampleA	10xv2	Cytotoxic T cell
CNA_10xv2_2	CCAACGGTGTTAGCTG	SNG	sampleB	10xv2	B cell
CNA_10xv2_2	ATCGGTCCTGGAGTCA	SNG	sampleA	10xv2	CD4+ T cell
CNA_10xv2_2	GGATTAAGAGACACCC	SNG	sampleB	10xv2	Cytotoxic T cell
CNA_10xv2_2	CTTGCTGACCTGCCAG	SNG	sampleA	10xv2	Natural killer cell
CNA_10xv2_2	CCTGAGGACAATGCGG	SNG	sampleB	10xv2	CD14+ monocyte
CNA_10xv2_2	CTGCGACGAGCGAGTA	SNG	sampleA	10xv2	CD4+ T cell
CNA_10xv2_2	AGCTGCTCTGACATAA	SNG	sampleA	10xv2	CD14+ monocyte
CNA_10xv2_2	ATCGGTCCTTTAGAAG	SNG	sampleB	10xv2	CD14+ monocyte
CNA_10xv2_2	TTTAGGGACGTTGACT	SNG	sampleA	10xv2	CD14+ monocyte
CNA_10xv2_2	AAGTGGCGACGATGTT	SNG	sampleB	10xv2	Cytotoxic T cell
CNA_10xv2_2	GGTATCTGACCAAGTT	SNG	sampleA	10xv2	CD14+ monocyte
CNA_10xv2_2	TATTGCTTGATGTGGG	SNG	sampleA	10xv2	CD14+ monocyte
CNA_10xv2_2	GGATATAGAGAGCTGA	SNG	sampleB	10xv2	CD14+ monocyte
CNA_10xv2_2	GACCCACGATTGTGAC	SNG	sampleB	10xv2	CD4+ T cell
CNA_10xv2_2	GTTCTGGCTAAGACAT	SNG	sampleB	10xv2	Cytotoxic T cell
CNA_10xv2_2	GATATGAGATTCTCGC	SNG	sampleA	10xv2	Dendritic cell
CNA_10xv2_2	TGGGCGTACGCGTATT	SNG	sampleA	10xv2	CD14+ monocyte
CNA_10xv2_2	GCTAGATACCGATTAC	SNG	sampleB	10xv2	CD4+ T cell
CNA_10xv2_2	TGCTAGTGATACGTTG	SNG	sampleA	10xv2	CD14+ monocyte
CNA_10xv2_2	AGGGCGTCTCGGCTCA	SNG	sampleA	10xv2	CD4+ T cell
CNA_10xv2_2	TAGTGCTGAGTTAGAA	SNG	sampleB	10xv2	CD4+ T cell
CNA_10xv2_2	ATACATCCTGCTTACA	SNG	sampleB	10xv2	CD14+ monocyte
CNA_10xv2_2	TATCATGCTCTGGGTC	SNG	sampleB	10xv2	Cytotoxic T cell
CNA_10xv2_2	AAGCATCACTGGTCCG	SNG	sampleB	10xv2	CD16+ monocyte
CNA_10xv2_2	GTAACTCGAGCACGCT	SNG	sampleB	10xv2	Natural killer cell
CNA_10xv2_2	ACTTATCACATACGCT	SNG	sampleB	10xv2	CD4+ T cell
CNA_10xv2_2	CTGCACGGAAGGTAAT	SNG	sampleB	10xv2	CD16+ monocyte
CNA_10xv2_2	GCTCGTGGACGACATT	SNG	sampleB	10xv2	CD14+ monocyte
CNA_10xv2_2	CCGAGACACCATCCTC	SNG	sampleA	10xv2	CD14+ monocyte
CNA_10xv2_2	TAATGAGGAATGTCCA	SNG	sampleA	10xv2	Cytotoxic T cell
CNA_10xv2_2	AATCAGCTGGTTAGGG_CGACAATACGGAATAT	SNG	sampleA	10xv2	CD4+ T cell
CNA_10xv2_2	CATTGTTACGAATCTC	SNG	sampleB	10xv2	B cell
CNA_10xv2_2	GGCTTACCTGGCAGTA	SNG	sampleB	10xv2	CD14+ monocyte
CNA_10xv2_2	TCGCATCACAGAGGCT	SNG	sampleA	10xv2	CD16+ monocyte
CNA_10xv2_2	GTAGTTGACAACGAAT	SNG	sampleB	10xv2	CD4+ T cell
CNA_10xv2_2	TACTGGCCTTGCTTGA	SNG	sampleB	10xv2	Cytotoxic T cell
CNA_10xv2_2	ACTGGGCACCAGCAAG	SNG	sampleB	10xv2	Natural killer cell
CNA_10xv2_2	ATGATAGGAGGTGCAA	SNG	sampleB	10xv2	B cell
CNA_10xv2_2	GATGCATTGACCCGGT	SNG	sampleA	10xv2	Cytotoxic T cell
CNA_10xv2_2	GAGTCTCCTAAGTTCC	SNG	sampleA	10xv2	CD14+ monocyte
CNA_10xv2_2	GCACTTCTGTGCTCAA	SNG	sampleB	10xv2	CD14+ monocyte
CNA_10xv2_2	CAATAGAGAGGAATAT	SNG	sampleB	10xv2	CD14+ monocyte
CNA_10xv2_2	CCGTTAAGACTTGAAC	SNG	sampleB	10xv2	CD16+ monocyte
CNA_10xv2_2	AGGAGTTCTAGCTTTG_ATAGATGGAGTACGTT	SNG	sampleA	10xv2	CD14+ monocyte
CNA_10xv2_2	CCTGCCTCTCGACACC	SNG	sampleA	10xv2	Cytotoxic T cell
CNA_10xv2_2	CGTCGTTTGCCACAAT	SNG	sampleA	10xv2	CD14+ monocyte
CNA_10xv2_2	CTCTCTGGACGAACAG	SNG	sampleB	10xv2	CD14+ monocyte
CNA_10xv2_2	GTTGTTGGACTACTCC	SNG	sampleA	10xv2	CD14+ monocyte
CNA_10xv2_2	ACTTCCTCTCGTACAT	SNG	sampleA	10xv2	CD14+ monocyte
CNA_10xv2_2	TCAACATCTTTGTACG	SNG	sampleB	10xv2	CD14+ monocyte
CNA_10xv2_2	TTTAAGCCTCGAGTGA	SNG	sampleA	10xv2	CD14+ monocyte
CNA_10xv2_2	ATCGCCGGAAGGCGTA	SNG	sampleA	10xv2	Dendritic cell
CNA_10xv2_2	CCACGGATGTATCTGG	SNG	sampleB	10xv2	Natural killer cell
CNA_10xv2_2	TCGGGTCGACGAGGAT	SNG	sampleA	10xv2	Natural killer cell
CNA_10xv2_2	TACGCCTTGGGACTGA	SNG	sampleB	10xv2	CD16+ monocyte
CNA_10xv2_2	CGATATGTGCCACAAT	SNG	sampleA	10xv2	CD14+ monocyte
CNA_10xv2_2	TGCTAGTGACCCGAGT	SNG	sampleB	10xv2	Cytotoxic T cell
CNA_10xv2_2	AGCTGCTCTAACCCGC	SNG	sampleA	10xv2	CD14+ monocyte
CNA_10xv2_2	AATCACCGATTGGTTG	SNG	sampleA	10xv2	CD14+ monocyte
CNA_10xv2_2	GGGTATGGAGTTCTCC	SNG	sampleB	10xv2	CD14+ monocyte
CNA_10xv2_2	TACAACGTGGTACTAC	SNG	sampleA	10xv2	CD14+ monocyte
CNA_10xv2_2	CAACAACACGGCCTTG	SNG	sampleB	10xv2	B cell
CNA_10xv2_2	TGAGATAGATCTGCAA	SNG	sampleA	10xv2	Cytotoxic T cell
CNA_10xv2_2	GGCACAAGATGGCATT	SNG	sampleB	10xv2	CD4+ T cell
CNA_10xv2_2	TAGAACCACAATCGAA	SNG	sampleB	10xv2	Cytotoxic T cell
CNA_10xv2_2	ATAGCCAACCGATGTT	SNG	sampleB	10xv2	Cytotoxic T cell
CNA_10xv2_2	TGGAACACTTTAGAAG	SNG	sampleB	10xv2	CD4+ T cell
CNA_10xv2_2	AATCAGCTGTTCGCCT	SNG	sampleA	10xv2	Natural killer cell
CNA_10xv2_2	CCAACGGTGAATCCAC	SNG	sampleB	10xv2	Cytotoxic T cell
CNA_10xv2_2	GTGCCATCTGAAGGCT	SNG	sampleB	10xv2	Cytotoxic T cell
CNA_10xv2_2	GAATCGGGAAGGGCTA	SNG	sampleB	10xv2	Natural killer cell
CNA_10xv2_2	GGATGGAACGCGTATT	SNG	sampleA	10xv2	Dendritic cell
CNA_10xv2_2	GCATAGTACTCGGGCT	SNG	sampleA	10xv2	CD4+ T cell
CNA_10xv2_2	AGCCAGCACAGTGGTG	SNG	sampleB	10xv2	CD14+ monocyte
CNA_10xv2_2	CCATAAGTGTCATTTC	SNG	sampleB	10xv2	CD14+ monocyte
CNA_10xv2_2	TAACTCACTAATCTGC	SNG	sampleB	10xv2	CD14+ monocyte
CNA_10xv2_2	GAACTAGCTATCCTCC	SNG	sampleB	10xv2	CD4+ T cell
CNA_10xv2_2	TTAGACCGAGCAGTTT	SNG	sampleB	10xv2	Cytotoxic T cell
CNA_10xv2_2	TTACGGATGCGCTCGA	SNG	sampleA	10xv2	CD14+ monocyte
CNA_10xv2_2	TTAGCGATGACGTAAA	SNG	sampleA	10xv2	CD16+ monocyte
CNA_10xv2_2	CCACATGCTCATGATC	SNG	sampleB	10xv2	B cell
CNA_10xv2_2	CTGGTGGTGCGAAGCA	SNG	sampleB	10xv2	CD14+ monocyte
CNA_10xv2_2	AATGTGCACGGAGTCA	SNG	sampleB	10xv2	B cell
CNA_10xv2_2	GGGCTGACTTGGCTTA	SNG	sampleB	10xv2	B cell
CNA_10xv2_2	GATGGTTACGCGGTAA	SNG	sampleA	10xv2	Natural killer cell
CNA_10xv2_2	ATCTCTTGACGAACGA	SNG	sampleB	10xv2	CD16+ monocyte
CNA_10xv2_2	GCTACAAACACGCCAC	SNG	sampleB	10xv2	CD4+ T cell
CNA_10xv2_2	AAGGATCCTGGAATAT	SNG	sampleA	10xv2	B cell
CNA_10xv2_2	AGCCGAGCTCTTGTGA	SNG	sampleA	10xv2	CD4+ T cell
CNA_10xv2_2	TCTAGTGGACACTCAA	SNG	sampleB	10xv2	CD14+ monocyte
CNA_10xv2_2	CACCAAATGGGGTTCC	SNG	sampleA	10xv2	CD4+ T cell
CNA_10xv2_2	ACGTAGGGATGCTCAA	SNG	sampleA	10xv2	CD4+ T cell
CNA_10xv2_2	TCTACAGGACTGGAAG	SNG	sampleB	10xv2	CD16+ monocyte
CNA_10xv2_2	TTGGCGTCTTCAGGTT	SNG	sampleB	10xv2	Cytotoxic T cell
CNA_10xv2_2	AACACTGACTGGAACG	SNG	sampleB	10xv2	CD16+ monocyte
CNA_10xv2_2	ATCAATCCTGGTTTGT	SNG	sampleA	10xv2	CD14+ monocyte
CNA_10xv2_2	TGTGCAATGACCGTTA	SNG	sampleA	10xv2	CD14+ monocyte
CNA_10xv2_2	TTACTGGGATACTTTC	SNG	sampleA	10xv2	CD4+ T cell
CNA_10xv2_2	GTATAGGCTATAGCAA	SNG	sampleA	10xv2	Dendritic cell
CNA_10xv2_2	GACCTATGAAGTCGGA	SNG	sampleA	10xv2	Cytotoxic T cell
CNA_10xv2_2	TGTTGTACTCTTGAAC	SNG	sampleA	10xv2	Cytotoxic T cell
CNA_10xv2_2	CTGCTTTCTCCTGTGG	SNG	sampleA	10xv2	CD4+ T cell
CNA_10xv2_2	CTCGAACCTGTTGGTT	SNG	sampleB	10xv2	CD4+ T cell
CNA_10xv2_2	AATTACCCTGTTGACT	SNG	sampleB	10xv2	Natural killer cell
CNA_10xv2_2	GGATTAAGACAGGGAT	SNG	sampleB	10xv2	Cytotoxic T cell
CNA_10xv2_2	GCTCGTGGAAAACATG	SNG	sampleB	10xv2	CD16+ monocyte
CNA_10xv2_2	AGTGGTACTCTTCACC	SNG	sampleB	10xv2	Cytotoxic T cell
CNA_10xv2_2	ATGCAACTGTGTCACA	SNG	sampleA	10xv2	CD14+ monocyte
CNA_10xv2_2	CTCTCTTTGTTTGGGT	SNG	sampleB	10xv2	CD16+ monocyte
CNA_10xv2_2	CATCGCGGACATAGCT	SNG	sampleB	10xv2	CD4+ T cell
CNA_10xv2_2	AACTAGCACTTGACCA	SNG	sampleA	10xv2	CD16+ monocyte
CNA_10xv2_2	TTAAGGAGAAACTAGA	SNG	sampleB	10xv2	CD14+ monocyte
CNA_10xv2_2	ACGGGTAGATCGCAGC	SNG	sampleA	10xv2	CD16+ monocyte
CNA_10xv2_2	GTCACCTACGCTCAGC	SNG	sampleB	10xv2	CD4+ T cell
CNA_10xv2_2	ACTAACGTGTGAGCAG	SNG	sampleA	10xv2	CD16+ monocyte
CNA_10xv2_2	CACATTACTCCACTTC	SNG	sampleA	10xv2	B cell
CNA_10xv2_2	GTACACTGATCGCTAA	SNG	sampleA	10xv2	CD4+ T cell
CNA_10xv2_2	CCTGCCTCTGAAGGTC	SNG	sampleB	10xv2	CD4+ T cell
CNA_10xv2_2	TTCCAAACTTAATAGG	SNG	sampleB	10xv2	B cell
CNA_10xv2_2	GATGCATTGGATTAAG	SNG	sampleA	10xv2	Natural killer cell
CNA_10xv2_2	TACGCCTTGTAAGTAG	SNG	sampleB	10xv2	Cytotoxic T cell
CNA_10xv2_2	CGTGAATACGACACCC	SNG	sampleB	10xv2	Natural killer cell
CNA_10xv2_2	CAGTGTAACAGCTTGT	SNG	sampleB	10xv2	CD14+ monocyte
CNA_10xv2_2	ACGACGCTGTGAACAA	SNG	sampleA	10xv2	CD14+ monocyte
CNA_10xv2_2	CTCAATGGATAAGTAG	SNG	sampleB	10xv2	Cytotoxic T cell
CNA_10xv2_2	GTTCGCTTGTATGACC	SNG	sampleB	10xv2	CD16+ monocyte
CNA_10xv2_2	CCCGAGTGAAAGGTGC	SNG	sampleB	10xv2	CD16+ monocyte
CNA_10xv2_2	TGGCAATTGCCGCTAG	SNG	sampleB	10xv2	Cytotoxic T cell
CNA_10xv2_2	ATTTCAGCTGGACAGT	SNG	sampleB	10xv2	CD4+ T cell
CNA_10xv2_2	CGATACCCTCTGATCA	SNG	sampleB	10xv2	B cell
CNA_10xv2_2	CTCTGGACTTTCGCCT	SNG	sampleA	10xv2	CD14+ monocyte
CNA_10xv2_2	AGCAGAGACATTCGGT	SNG	sampleA	10xv2	Cytotoxic T cell
CNA_10xv2_2	CGACCAGACTGTCACA	SNG	sampleB	10xv2	Natural killer cell
CNA_10xv2_2	TGGATAGCTCCTGTGG	SNG	sampleB	10xv2	CD14+ monocyte
CNA_10xv2_2	AGCTGCTCTAGGTCCC	SNG	sampleB	10xv2	CD16+ monocyte
CNA_10xv2_2	GCCGAACTGAGCGCTC	SNG	sampleB	10xv2	Dendritic cell
CNA_10xv2_2	TACTGTACTCGAACGA	SNG	sampleB	10xv2	CD4+ T cell
CNA_10xv2_2	CGTGTCTTGCCATAAC	SNG	sampleA	10xv2	Cytotoxic T cell
CNA_10xv2_2	TGGACTATGTGAGGCA	SNG	sampleB	10xv2	CD4+ T cell
CNA_10xv2_2	GGAGTTACTGGAATAT	SNG	sampleB	10xv2	CD14+ monocyte
CNA_10xv2_2	AGATGGGTGTCGTAGT	SNG	sampleA	10xv2	CD4+ T cell
CNA_10xv2_2	GCACTCACTGTCCCAG	SNG	sampleA	10xv2	B cell
CNA_10xv2_2	AATGTGCACCCATAAC	SNG	sampleB	10xv2	Cytotoxic T cell
CNA_10xv2_2	TCAGGAGGACTGCGGT	SNG	sampleB	10xv2	Cytotoxic T cell
CNA_10xv2_2	ACTCGCTACGTTAGAA	SNG	sampleB	10xv2	CD4+ T cell
CNA_10xv2_2	GAGCATTTGTTTGTCT	SNG	sampleA	10xv2	CD4+ T cell
CNA_10xv2_2	TACTGTTTGCCTTTGC	SNG	sampleB	10xv2	CD4+ T cell
CNA_10xv2_2	TAGGACTTGGGTGTCC	SNG	sampleB	10xv2	Cytotoxic T cell
CNA_10xv2_2	GAGTCATTGAATCCAC	SNG	sampleA	10xv2	CD4+ T cell
CNA_10xv2_2	TGACTCAGAGCAGTTT	SNG	sampleB	10xv2	CD4+ T cell
CNA_10xv2_2	ACTGGGCACTGCGCCA	SNG	sampleA	10xv2	CD4+ T cell
CNA_10xv2_2	CCTAGCACTTGGCTTA	SNG	sampleA	10xv2	Natural killer cell
CNA_10xv2_2	GTTGTTGGAACGCCAC	SNG	sampleB	10xv2	Cytotoxic T cell
CNA_10xv2_2	GAGCCTGACTTTCTTG	SNG	sampleA	10xv2	CD4+ T cell
CNA_10xv2_2	CAGCGCATGTGTGCTA	SNG	sampleB	10xv2	CD4+ T cell
CNA_10xv2_2	TGCGAGGCTGCTCCTT	SNG	sampleB	10xv2	Cytotoxic T cell
CNA_10xv2_2	ATTGTGCGAGCCCAAC	SNG	sampleB	10xv2	B cell
CNA_10xv2_2	GAGAGTGACTGGGCCT	SNG	sampleB	10xv2	CD4+ T cell
CNA_10xv2_2	TTGCGTCACCCTCGTT	SNG	sampleA	10xv2	CD4+ T cell
CNA_10xv2_2	TCTACAGGAGGCCTGT	SNG	sampleB	10xv2	Dendritic cell
CNA_10xv2_2	AGAGAATTGGGTGCAA	SNG	sampleB	10xv2	Dendritic cell
CNA_10xv2_2	ACGTAGGGAATAACCC	SNG	sampleB	10xv2	CD14+ monocyte
CNA_10xv2_2	ACCTCCATGTTTCTTG	SNG	sampleB	10xv2	Cytotoxic T cell
CNA_10xv2_2	CACCCATACGACACCC	SNG	sampleB	10xv2	B cell
CNA_10xv2_2	GCGAGCACTTCTGGAT	SNG	sampleB	10xv2	CD4+ T cell
CNA_10xv2_2	AGCGCCTGAAGACTTC	SNG	sampleB	10xv2	CD14+ monocyte
CNA_10xv2_2	ACCTATGGATGCTACA	SNG	sampleA	10xv2	CD14+ monocyte
CNA_10xv2_2	TCTGAGCCTCATCCTC	SNG	sampleA	10xv2	Cytotoxic T cell
CNA_10xv2_2	TTGGTCCACGGGATTG	SNG	sampleB	10xv2	CD14+ monocyte
CNA_10xv2_2	TCCTCATCTAGATTCC	SNG	sampleA	10xv2	Cytotoxic T cell
CNA_10xv2_2	TGCCACTTGTAGCTTG	SNG	sampleA	10xv2	CD4+ T cell
CNA_10xv2_2	CGCTTACTGAGTTGAA	SNG	sampleA	10xv2	CD14+ monocyte
CNA_10xv2_2	TTGGTCCACCAGGGTA	SNG	sampleB	10xv2	CD14+ monocyte
CNA_10xv2_2	TCGTTGCTGGGAATGC	SNG	sampleB	10xv2	Cytotoxic T cell
CNA_10xv2_2	CTTCCACGATGCCACG	SNG	sampleA	10xv2	CD14+ monocyte
CNA_10xv2_2	ATGTCCGCTTCTATCT	SNG	sampleA	10xv2	CD14+ monocyte
CNA_10xv2_2	CCTTCAGTGGACCGAA	SNG	sampleB	10xv2	CD14+ monocyte
CNA_10xv2_2	TGTATGCGAGATCATC	SNG	sampleB	10xv2	Cytotoxic T cell
CNA_10xv2_2	ATTAGCGTGGCACGCT	SNG	sampleA	10xv2	CD4+ T cell
CNA_10xv2_2	TTGCTAACTCAAGTAA	SNG	sampleA	10xv2	CD14+ monocyte
CNA_10xv2_2	CGGTGTGTGGAGTAAT	SNG	sampleB	10xv2	CD4+ T cell
CNA_10xv2_2	CTCAATTTGTCTATCT	SNG	sampleB	10xv2	CD4+ T cell
CNA_10xv2_2	TGCTCGACTGGTGTCC	SNG	sampleB	10xv2	CD14+ monocyte
CNA_10xv2_2	ACTTGCCTGGTTTACG	SNG	sampleB	10xv2	CD14+ monocyte
CNA_10xv2_2	CGTTTGCTGGAAATCA	SNG	sampleB	10xv2	CD4+ T cell
CNA_10xv2_2	GTATTCTACAGCCCTG	SNG	sampleB	10xv2	CD4+ T cell
CNA_10xv2_2	TTGCATTACGTTGGTT	SNG	sampleB	10xv2	CD4+ T cell
CNA_10xv2_2	CGGTCTACTTGGAACG	SNG	sampleA	10xv2	Natural killer cell
CNA_10xv2_2	GCGCGAACTTGCATGT	SNG	sampleA	10xv2	CD14+ monocyte
CNA_10xv2_2	CACCCATACTGCAAGG	SNG	sampleA	10xv2	CD14+ monocyte
CNA_10xv2_2	GCGAAGCCTTTTCGCC	SNG	sampleA	10xv2	CD14+ monocyte
CNA_10xv2_2	TAAACGCACCTCCTAC	SNG	sampleB	10xv2	CD14+ monocyte
CNA_10xv2_2	GCTAGATACTTTCCGC	SNG	sampleB	10xv2	CD14+ monocyte
CNA_10xv2_2	GAGCATACTAGTCTAC	SNG	sampleA	10xv2	CD14+ monocyte
CNA_10xv2_2	TAACCAGACGCCGTTG	SNG	sampleA	10xv2	B cell
CNA_10xv2_2	AGCAACTTGCCAGAGA	SNG	sampleB	10xv2	CD16+ monocyte
CNA_10xv2_2	ACCTGCTTGGAAATCA	SNG	sampleA	10xv2	CD14+ monocyte
CNA_10xv2_2	ACTCCAGCTCCGATTA	SNG	sampleB	10xv2	CD14+ monocyte
CNA_10xv2_2	GGCTTCTACTTGTACG	SNG	sampleA	10xv2	CD14+ monocyte
CNA_10xv2_2	CATTAGTCTTTGGCGC	SNG	sampleA	10xv2	CD4+ T cell
CNA_10xv2_2	GGCAGTAGACCGTTAA	SNG	sampleB	10xv2	B cell
CNA_10xv2_2	CGCATTCTGAGCAGGT	SNG	sampleB	10xv2	CD16+ monocyte
CNA_10xv2_2	AGGTATAGAGCGCACT	SNG	sampleA	10xv2	Natural killer cell
CNA_10xv2_2	ATTACTCACATTGGTC	SNG	sampleB	10xv2	Cytotoxic T cell
CNA_10xv2_2	TACGTGTGAGAAATCA	SNG	sampleA	10xv2	Natural killer cell
CNA_10xv2_2	AAACCGTACTCATGTG	SNG	sampleA	10xv2	CD4+ T cell
CNA_10xv2_2	CACTTTATGACAGGCA	SNG	sampleA	10xv2	Cytotoxic T cell
CNA_10xv2_2	CCACGAGTGTCCTACC	SNG	sampleB	10xv2	B cell
CNA_10xv2_2	ACCTATGGAGCTGTTA	SNG	sampleB	10xv2	Dendritic cell
CNA_10xv2_2	GTATCAGTGGACCGAA	SNG	sampleB	10xv2	B cell
CNA_10xv2_2	CTGAGATACGGCAGTA	SNG	sampleA	10xv2	CD14+ monocyte
CNA_10xv2_2	CAGATACTGATAGCAA	SNG	sampleA	10xv2	CD16+ monocyte
CNA_10xv2_2	TGCACGGACCGCAAAG	SNG	sampleA	10xv2	CD14+ monocyte
CNA_10xv2_2	TCCTCATCTTGCGGCT	SNG	sampleB	10xv2	Cytotoxic T cell
CNA_10xv2_2	GTAACTCGACGCCACA	SNG	sampleB	10xv2	CD4+ T cell
CNA_10xv2_2	CGGATAGGACTCCTAC	SNG	sampleA	10xv2	CD4+ T cell
CNA_10xv2_2	TGGAATGCTCGAGGAT	SNG	sampleA	10xv2	CD14+ monocyte
CNA_10xv2_2	GTTGTTGGACACTCAA	SNG	sampleB	10xv2	Dendritic cell
CNA_10xv2_2	AGTCACAACCGTTCTC	SNG	sampleB	10xv2	Natural killer cell
CNA_10xv2_2	GTCAAGTACTCGTAAC	SNG	sampleA	10xv2	CD4+ T cell
CNA_10xv2_2	GTGGCAGCTTGGCTGC	SNG	sampleB	10xv2	B cell
CNA_10xv2_2	TGCGCCAGAATGAATG	SNG	sampleA	10xv2	Natural killer cell
CNA_10xv2_2	CTCTCTTTGCACTCAA_GATAGCGGAAATCCTG	SNG	sampleB	10xv2	Natural killer cell
CNA_10xv2_2	TGACCTCACGACCGAA	SNG	sampleB	10xv2	CD14+ monocyte
CNA_10xv2_2	TTCGCACTGTTTCCGC	SNG	sampleB	10xv2	CD14+ monocyte
CNA_10xv2_2	CTCTGACTGCAGCACC	SNG	sampleA	10xv2	CD14+ monocyte
CNA_10xv2_2	CCCTGATTGGGTTTGT	SNG	sampleA	10xv2	CD16+ monocyte
CNA_10xv2_2	ACCTCCAACCGAACAG	SNG	sampleB	10xv2	CD14+ monocyte
CNA_10xv2_2	TGGACCCGAAAAGTAC	SNG	sampleB	10xv2	Natural killer cell
CNA_10xv2_2	ACTCCGTACGTACGTT	SNG	sampleB	10xv2	B cell
CNA_10xv2_2	GGGATGTGATAGACAA	SNG	sampleA	10xv2	CD4+ T cell
CNA_10xv2_2	AGCTCTGCTTAATCGC	SNG	sampleA	10xv2	CD4+ T cell
CNA_10xv2_2	CGTCTTGACGTTAGAA	SNG	sampleB	10xv2	CD14+ monocyte
CNA_10xv2_2	ACCCTTTCTGAATAGT_GAAGTAATGCTACTCC	SNG	sampleB	10xv2	CD4+ T cell
CNA_10xv2_2	TCCGACACTCATGATC	SNG	sampleA	10xv2	CD4+ T cell
CNA_10xv2_2	TCGATGATGGCTGAGA	SNG	sampleB	10xv2	B cell
CNA_10xv2_2	TCAACATCTCCAGAGA	SNG	sampleA	10xv2	Cytotoxic T cell
CNA_10xv2_2	TGTAGACACATCCGTA	SNG	sampleB	10xv2	CD4+ T cell
CNA_10xv2_2	TAAGCCAACAGCCATT	SNG	sampleA	10xv2	CD14+ monocyte
CNA_10xv2_2	GTCTGGCGATTTCGCC	SNG	sampleB	10xv2	CD4+ T cell
CNA_10xv2_2	CCCTCCTTGTAACTCG_GTTGTGATGATGGCCC	SNG	sampleA	10xv2	CD16+ monocyte
CNA_10xv2_2	TGCCATCTGAACGTAA	SNG	sampleA	10xv2	CD4+ T cell
CNA_10xv2_2	GCGTAAACTCCAAACT	SNG	sampleB	10xv2	CD14+ monocyte
CNA_10xv2_2	GGACCACTGGCAGGAT	SNG	sampleA	10xv2	CD14+ monocyte
CNA_10xv2_2	GGTCTGGACTACACTG	SNG	sampleA	10xv2	CD14+ monocyte
CNA_10xv2_2	TTCTCTCTGCGGTTTA	SNG	sampleA	10xv2	Natural killer cell
CNA_10xv2_2	TCTGAGCCTATTCTGG	SNG	sampleA	10xv2	Natural killer cell
CNA_10xv2_2	CGTGTACCTATGTGGG	SNG	sampleA	10xv2	CD14+ monocyte
CNA_10xv2_2	TTCTTAGACGAAGGTC	SNG	sampleB	10xv2	CD16+ monocyte
CNA_10xv2_2	CAAAGGGTGAATCCGT	SNG	sampleA	10xv2	CD16+ monocyte
CNA_10xv2_2	AGGGACCCTCCATAAC	SNG	sampleB	10xv2	Cytotoxic T cell
CNA_10xv2_2	TGCACGGACCAATGAA	SNG	sampleB	10xv2	CD4+ T cell
CNA_10xv2_2	TGGTAAGCTAGGTGAC	SNG	sampleB	10xv2	CD16+ monocyte
CNA_10xv2_2	ATCGCCGGAGTCCCAG	SNG	sampleA	10xv2	CD14+ monocyte
CNA_10xv2_2	AATTGCCGATTCTCGC	SNG	sampleA	10xv2	CD14+ monocyte
CNA_10xv2_2	CACTTAGGACGCAAAG	SNG	sampleA	10xv2	CD4+ T cell
CNA_10xv2_2	GTCAACTGAGTCGGTC	SNG	sampleA	10xv2	CD14+ monocyte
CNA_10xv2_2	TAGTCGCCTGAACAGC	SNG	sampleA	10xv2	CD4+ T cell
CNA_10xv2_2	AATAAGGACTTATGGC	SNG	sampleB	10xv2	CD4+ T cell
CNA_10xv2_2	TCAAAGCACCAACGCC	SNG	sampleA	10xv2	Natural killer cell
CNA_10xv2_2	CGTTTGCTGGTTTACG	SNG	sampleB	10xv2	CD16+ monocyte
CNA_10xv2_2	CAGTGATTGCCCGAGT	SNG	sampleA	10xv2	CD4+ T cell
CNA_10xv2_2	CACCGTTACCGGAATG	SNG	sampleA	10xv2	CD14+ monocyte
CNA_10xv2_2	AGTCGAACTAGCCCTG	SNG	sampleB	10xv2	CD4+ T cell
CNA_10xv2_2	CTTGCGGGACCGTTAA	SNG	sampleB	10xv2	CD4+ T cell
CNA_10xv2_2	TCGGGTCGACAGTCTA	SNG	sampleA	10xv2	CD16+ monocyte
CNA_10xv2_2	TGTACGATGGCACCCA	SNG	sampleA	10xv2	B cell
CNA_10xv2_2	TCACTATTGATCAGGG	SNG	sampleA	10xv2	CD16+ monocyte
CNA_10xv2_2	TCACTATTGTCTTTGT	SNG	sampleB	10xv2	CD16+ monocyte
CNA_10xv2_2	GCAGATACTAGACTTC	SNG	sampleA	10xv2	CD4+ T cell
CNA_10xv2_2	GCGACGTTGCGGTACC	SNG	sampleA	10xv2	CD4+ T cell
CNA_10xv2_2	TTGCAGATGGCTGTTA	SNG	sampleA	10xv2	CD14+ monocyte
CNA_10xv2_2	GGGTAGTGAGGACTGA	SNG	sampleB	10xv2	CD14+ monocyte
CNA_10xv2_2	GCTTCGGGATGGCTGC	SNG	sampleB	10xv2	Natural killer cell
CNA_10xv2_2	TTCTAGACTTTGGTTG	SNG	sampleA	10xv2	CD4+ T cell
CNA_10xv2_2	TGTTCCTCTCGTACAT	SNG	sampleA	10xv2	CD14+ monocyte
CNA_10xv2_2	TACTAGCGACCAACGC	SNG	sampleB	10xv2	CD16+ monocyte
CNA_10xv2_2	CTAGGGCACTCGACAT	SNG	sampleB	10xv2	B cell
CNA_10xv2_2	TTGGCGCGACTTAAGC	SNG	sampleB	10xv2	Cytotoxic T cell
CNA_10xv2_2	TCCCACATGAACTAGA	SNG	sampleB	10xv2	Natural killer cell
CNA_10xv2_2	CTGATTACTTTAGAAG	SNG	sampleB	10xv2	CD4+ T cell
CNA_10xv2_2	GTTGTGATGGGTAGAC	SNG	sampleA	10xv2	CD14+ monocyte
CNA_10xv2_2	GCCAATTGACCATAAC	SNG	sampleB	10xv2	CD4+ T cell
CNA_10xv2_2	ACACTGCCTCGTAGAG	SNG	sampleB	10xv2	Natural killer cell
CNA_10xv2_2	TGTAAGCTGTTTCTGT	SNG	sampleB	10xv2	Cytotoxic T cell
CNA_10xv2_2	GTAGGCGCTAACGCAG	SNG	sampleA	10xv2	CD4+ T cell
CNA_10xv2_2	ACCTCGTTGCTGGAAG	SNG	sampleA	10xv2	CD14+ monocyte
CNA_10xv2_2	TACCACCACGGTTTGT	SNG	sampleA	10xv2	B cell
CNA_10xv2_2	GCCCATACTTGAAAGT	SNG	sampleA	10xv2	Cytotoxic T cell
CNA_10xv2_2	GTGCTCACTCGACACC	SNG	sampleA	10xv2	B cell
CNA_10xv2_2	GCACAATTGACGCGAA	SNG	sampleB	10xv2	CD14+ monocyte
CNA_10xv2_2	GGACCTCGAGCCCTGA	SNG	sampleB	10xv2	Natural killer cell
CNA_10xv2_2	TCTAGACGACACAGTT	SNG	sampleB	10xv2	Cytotoxic T cell
CNA_10xv2_2	CGCTTGTACGTGGTGA	SNG	sampleB	10xv2	CD14+ monocyte
CNA_10xv2_2	CGATCAAACGGCCTGT	SNG	sampleA	10xv2	CD4+ T cell
CNA_10xv2_2	CAGAGTACTCATCCTC	SNG	sampleB	10xv2	Cytotoxic T cell
CNA_10xv2_2	AAAGCATGAAGACTTC_TACTGTTTGCCGGCTA	SNG	sampleB	10xv2	CD14+ monocyte
CNA_10xv2_2	AGTTTGCGAGCTCTTC	SNG	sampleB	10xv2	B cell
CNA_10xv2_2	CCTCACATGAACCCGC	SNG	sampleB	10xv2	CD4+ T cell
CNA_10xv2_2	AGGTATGCTATCTGTG	SNG	sampleB	10xv2	Cytotoxic T cell
CNA_10xv2_2	ACTTCATACTGCTGGC	SNG	sampleA	10xv2	Cytotoxic T cell
CNA_10xv2_2	GCGTTTAGAACTAGGG	SNG	sampleB	10xv2	Natural killer cell
CNA_10xv2_2	AGTCACAACAGTGGTG	SNG	sampleB	10xv2	Dendritic cell
CNA_10xv2_2	TACTGTTTGCTTCAAG	SNG	sampleB	10xv2	Cytotoxic T cell
CNA_10xv2_2	CAATCGTGAAGTAGGC	SNG	sampleB	10xv2	Cytotoxic T cell
CNA_10xv2_2	AATCACCGACACCTAA	SNG	sampleB	10xv2	CD14+ monocyte
CNA_10xv2_2	TTCTACATGGATCATC	SNG	sampleB	10xv2	Natural killer cell
CNA_10xv2_2	CTAACTGGAGTTGTCA	SNG	sampleA	10xv2	Cytotoxic T cell
CNA_10xv2_2	GAGACTTACGCTCAGC	SNG	sampleA	10xv2	CD16+ monocyte
CNA_10xv2_2	GAGCCTGACAACGTAA	SNG	sampleB	10xv2	Cytotoxic T cell
CNA_10xv2_2	GACCTTAGAACCATGT	SNG	sampleB	10xv2	Cytotoxic T cell
CNA_10xv2_2	CATGCAAACGCCCTGA	SNG	sampleB	10xv2	CD4+ T cell
CNA_10xv2_2	GTGGTTAACAAGTCTC	SNG	sampleB	10xv2	Dendritic cell
CNA_10xv2_2	TCTTTCCACCATGATC	SNG	sampleB	10xv2	CD4+ T cell
CNA_10xv2_2	AGGTATAGACCACAAT	SNG	sampleB	10xv2	CD4+ T cell
CNA_10xv2_2	CGAGTTAACCGTTATG	SNG	sampleB	10xv2	Natural killer cell
CNA_10xv2_2	ATGGGTACTAGCTTGT	SNG	sampleB	10xv2	Natural killer cell
CNA_10xv2_2	GCTTCGGGAGAGCCTC	SNG	sampleB	10xv2	Cytotoxic T cell
CNA_10xv2_2	GTGTAACTGACCTGCG	SNG	sampleA	10xv2	CD14+ monocyte
CNA_10xv2_2	ATTTAGCCTCAATAGA	SNG	sampleA	10xv2	CD4+ T cell
CNA_10xv2_2	TCCGACACTTACTTTC	SNG	sampleB	10xv2	Cytotoxic T cell
CNA_10xv2_2	CGTAATCGAAGCAATA	SNG	sampleA	10xv2	CD4+ T cell
CNA_10xv2_2	GTCTACAGAAATCGAA	SNG	sampleA	10xv2	CD14+ monocyte
CNA_10xv2_2	GTGTTGTGACGACAAG	SNG	sampleB	10xv2	CD14+ monocyte
CNA_10xv2_2	CAGATACTGAGCTTGT	SNG	sampleB	10xv2	CD14+ monocyte
CNA_10xv2_2	ATATTCGCTAGACTTC	SNG	sampleA	10xv2	CD4+ T cell
CNA_10xv2_2	TCCATTCCTATAACCC	SNG	sampleB	10xv2	CD4+ T cell
CNA_10xv2_2	GCGGCAACTGTCTGGC	SNG	sampleB	10xv2	Cytotoxic T cell
CNA_10xv2_2	CAAGAAATGTACGTTG	SNG	sampleB	10xv2	B cell
CNA_10xv2_2	TATTGCTTGAGCAGGT	SNG	sampleA	10xv2	Natural killer cell
CNA_10xv2_2	ACAATGCACCATCTTT	SNG	sampleA	10xv2	CD4+ T cell
CNA_10xv2_2	ATTGCTACTTTACGAC	SNG	sampleB	10xv2	CD14+ monocyte
CNA_10xv2_2	CTATAGCGAGGCCTTG	SNG	sampleB	10xv2	CD16+ monocyte
CNA_10xv2_2	CTCTCTGGATGCGTGC	SNG	sampleA	10xv2	CD16+ monocyte
CNA_10xv2_2	GATGAATGACATGCAT	SNG	sampleA	10xv2	CD14+ monocyte
CNA_10xv2_2	TATCTCCCTCTGGGTC	SNG	sampleB	10xv2	Cytotoxic T cell
CNA_10xv2_2	CTGAAGTACTAGACAA	SNG	sampleB	10xv2	CD16+ monocyte
CNA_10xv2_2	TAGTGCTGAATCCTTT	SNG	sampleB	10xv2	CD14+ monocyte
CNA_10xv2_2	AACCGGCACAAGCTAA	SNG	sampleB	10xv2	CD16+ monocyte
CNA_10xv2_2	GCTTCTCGATGTCACA	SNG	sampleB	10xv2	Natural killer cell
CNA_10xv2_2	AGGAAGAGATAGCTTG	SNG	sampleB	10xv2	B cell
CNA_10xv2_2	TGGTAGGGACTTCAAG	SNG	sampleA	10xv2	CD14+ monocyte
CNA_10xv2_2	GACCGCTGAAAGTCTC	SNG	sampleA	10xv2	CD14+ monocyte
CNA_10xv2_2	ATCGTTTACTTTCCGC	SNG	sampleB	10xv2	CD14+ monocyte
CNA_10xv2_2	AGCGTATACGCCCTAG	SNG	sampleA	10xv2	CD4+ T cell
CNA_10xv2_2	GGGCAATGATACGATC	SNG	sampleA	10xv2	Cytotoxic T cell
CNA_10xv2_2	TGGGTTTGAGATCCAT	SNG	sampleB	10xv2	CD14+ monocyte
CNA_10xv2_2	GAGACTTACGATCCAT	SNG	sampleA	10xv2	CD14+ monocyte
CNA_10xv2_2	CATAGGTACCGCAAAG	SNG	sampleB	10xv2	Dendritic cell
CNA_10xv2_2	CGAGGACCTCAGATTC	SNG	sampleB	10xv2	CD14+ monocyte
CNA_10xv2_2	TATGGGTACTTCTGAG	SNG	sampleA	10xv2	CD16+ monocyte
CNA_10xv2_2	GCGTAAGGAGAATTGA	SNG	sampleA	10xv2	CD14+ monocyte
CNA_10xv2_2	AGCAGAGACTGGCAAG	SNG	sampleA	10xv2	CD4+ T cell
CNA_10xv2_2	GTTGAGTTGCGGTTTA	SNG	sampleA	10xv2	CD16+ monocyte
CNA_10xv2_2	AGTCCTGCTGCGAGTA	SNG	sampleB	10xv2	CD14+ monocyte
CNA_10xv2_2	AGTCGCGTGTCTGTGA	SNG	sampleB	10xv2	CD14+ monocyte
CNA_10xv2_2	CCCACCTCTTCTATCT	SNG	sampleA	10xv2	CD14+ monocyte
CNA_10xv2_2	TTATGGTCTCAATAGA	SNG	sampleB	10xv2	CD14+ monocyte
CNA_10xv2_2	AGTGGTACTGAGTGAC	SNG	sampleB	10xv2	CD14+ monocyte
CNA_10xv2_2	TCCTCATCTAAGTAAC	SNG	sampleA	10xv2	Natural killer cell
CNA_10xv2_2	GGCAGTAGAGGTATGG	SNG	sampleB	10xv2	CD14+ monocyte
CNA_10xv2_2	AGCTCGGACCATTCAG	SNG	sampleA	10xv2	CD16+ monocyte
CNA_10xv2_2	CGATAAAGACCTAGCG	SNG	sampleB	10xv2	Cytotoxic T cell
CNA_10xv2_2	AGGGACATGGATTAAG	SNG	sampleB	10xv2	CD14+ monocyte
CNA_10xv2_2	ATTACCTACCTACTCC	SNG	sampleB	10xv2	CD16+ monocyte
CNA_10xv2_2	CAAAGGGTGTCGCTAA	SNG	sampleA	10xv2	CD14+ monocyte
CNA_10xv2_2	TTTCGCTCTATTCTGG	SNG	sampleB	10xv2	CD14+ monocyte
CNA_10xv2_2	CGCTGAGTGTGATGAA	SNG	sampleB	10xv2	CD14+ monocyte
CNA_10xv2_2	CGGTTGGACGGAATTA	SNG	sampleB	10xv2	CD4+ T cell
CNA_10xv2_2	TTACGGATGGATGGAC	SNG	sampleB	10xv2	Natural killer cell
CNA_10xv2_2	CGCTTGTACGAATGTA	SNG	sampleA	10xv2	CD14+ monocyte
CNA_10xv2_2	TCCCACATGTATCTGG	SNG	sampleB	10xv2	CD14+ monocyte
CNA_10xv2_2	GCATCAATGTCAGGTT	SNG	sampleA	10xv2	CD16+ monocyte
CNA_10xv2_2	GCGGCTATGGTACGTT	SNG	sampleA	10xv2	CD14+ monocyte
CNA_10xv2_2	ATCGCAATGACGTAAA	SNG	sampleA	10xv2	Cytotoxic T cell
CNA_10xv2_2	ATCAAGCACACCCGGT	SNG	sampleA	10xv2	CD14+ monocyte
CNA_10xv2_2	CCCTGAACTACGAGCA	SNG	sampleB	10xv2	B cell
CNA_10xv2_2	CTGCTAGCTCAAGGTG	SNG	sampleB	10xv2	Natural killer cell
CNA_10xv2_2	TACGTTTACTACGATC	SNG	sampleB	10xv2	Cytotoxic T cell
CNA_10xv2_2	GTCGGCTGATGAGCAG	SNG	sampleA	10xv2	CD4+ T cell
CNA_10xv2_2	TAGCAGACTCGAAGCA	SNG	sampleB	10xv2	B cell
CNA_10xv2_2	AGTTCACGAATACGCT	SNG	sampleB	10xv2	CD16+ monocyte
CNA_10xv2_2	TAGTCGCCTAAGGCCA	SNG	sampleB	10xv2	CD16+ monocyte
CNA_10xv2_2	AATTCGGTGTGGGCCT	SNG	sampleA	10xv2	Cytotoxic T cell
CNA_10xv2_2	GGGATGTGAGTTAGGG	SNG	sampleB	10xv2	CD16+ monocyte
CNA_10xv2_2	CTATTGGGAGTACACT	SNG	sampleA	10xv2	CD4+ T cell
CNA_10xv2_2	ACCGGCTGACGTTCTC	SNG	sampleA	10xv2	CD14+ monocyte
CNA_10xv2_2	CCGACAGTGGACACCC	SNG	sampleA	10xv2	CD16+ monocyte
CNA_10xv2_2	TTGCTAACTGCCCAAC	SNG	sampleB	10xv2	Cytotoxic T cell
CNA_10xv2_2	TCTTTCCACTGGGCCT	SNG	sampleB	10xv2	CD16+ monocyte
CNA_10xv2_2	CTGCGAGTGACCTGCG	SNG	sampleB	10xv2	CD4+ T cell
CNA_10xv2_2	ACGGGTAGACAATGAA	SNG	sampleA	10xv2	Natural killer cell
CNA_10xv2_2	GCCATTCACAGCAAGC	SNG	sampleB	10xv2	Natural killer cell
CNA_10xv2_2	TTCGCACTGTTATGGC	SNG	sampleB	10xv2	CD16+ monocyte
CNA_10xv2_2	CATTACACTGCTTTGA	SNG	sampleA	10xv2	CD4+ T cell
CNA_10xv2_2	GACACCGTGCCTGCGA	SNG	sampleA	10xv2	Cytotoxic T cell
CNA_10xv2_2	GCGTTAATGTGAGGCA	SNG	sampleB	10xv2	CD16+ monocyte
CNA_10xv2_2	GCTCGTGGACAGGTGA	SNG	sampleA	10xv2	CD16+ monocyte
CNA_10xv2_2	AACCCTCACCAAGGTG	SNG	sampleB	10xv2	Cytotoxic T cell
CNA_10xv2_2	TGGGCCATGGGTATGG	SNG	sampleA	10xv2	CD4+ T cell
CNA_10xv2_2	CCAACGGTGCCTCGTT	SNG	sampleB	10xv2	CD14+ monocyte
CNA_10xv2_2	CCGTACGGAGCTAATC	SNG	sampleA	10xv2	CD4+ T cell
CNA_10xv2_2	GCGTAAACTCATACTG	SNG	sampleB	10xv2	Cytotoxic T cell
CNA_10xv2_2	GTCGAATACCTGCGGT	SNG	sampleA	10xv2	CD14+ monocyte
CNA_10xv2_2	CCTACTGTGAATCTGC	SNG	sampleB	10xv2	CD4+ T cell
CNA_10xv2_2	GAACTAGCTGAATAGT	SNG	sampleB	10xv2	CD14+ monocyte
CNA_10xv2_2	AGGGACCCTGTCTTGA	SNG	sampleA	10xv2	Natural killer cell
CNA_10xv2_2	AGTCACAACTGCTACA	SNG	sampleB	10xv2	Dendritic cell
CNA_10xv2_2	CAGGAGCCTATTGCCA	SNG	sampleB	10xv2	CD16+ monocyte
CNA_10xv2_2	GACGACAGAGCTGAGA	SNG	sampleA	10xv2	Natural killer cell
CNA_10xv2_2	CAATTCGGACTATCTT	SNG	sampleA	10xv2	Natural killer cell
CNA_10xv2_2	CCGACAGTGCACCTAA	SNG	sampleB	10xv2	Dendritic cell
CNA_10xv2_2	GGGCGATCTGACTCGC	SNG	sampleA	10xv2	CD14+ monocyte
CNA_10xv2_2	GGCGTACACAGGTGCA	SNG	sampleA	10xv2	CD16+ monocyte
CNA_10xv2_2	GAAGTCTTGTAAGTAG	SNG	sampleB	10xv2	CD4+ T cell
CNA_10xv2_2	CAAGAGTCTGGTATGG	SNG	sampleA	10xv2	CD16+ monocyte
CNA_10xv2_2	TGCGTCTACGGCCAAA	SNG	sampleA	10xv2	CD14+ monocyte
CNA_10xv2_2	TTTGGGAACTGGGCAA	SNG	sampleA	10xv2	CD14+ monocyte
CNA_10xv2_2	CGACAATACACCGTTA	SNG	sampleB	10xv2	CD14+ monocyte
CNA_10xv2_2	GACCGCTGACCTAACA	SNG	sampleA	10xv2	Natural killer cell
CNA_10xv2_2	CAGGAGCCTAAGTTAG	SNG	sampleA	10xv2	CD14+ monocyte
CNA_10xv2_2	GCGTCTTTGCACCTAA	SNG	sampleA	10xv2	B cell
CNA_10xv2_2	TTCCCATCTAAAGCTA	SNG	sampleB	10xv2	B cell
CNA_10xv2_2	TAGCTCGCTTTCTGAG	SNG	sampleA	10xv2	CD14+ monocyte
CNA_10xv2_2	CAAGCAACTAATGCTC	SNG	sampleB	10xv2	CD4+ T cell
CNA_10xv2_2	ATTCCAGGATCTATCT	SNG	sampleA	10xv2	CD14+ monocyte
CNA_10xv2_2	AGGGAGTTGCAGCTGC	SNG	sampleA	10xv2	CD14+ monocyte
CNA_10xv2_2	CGTTCTCGATCATGCA	SNG	sampleB	10xv2	CD14+ monocyte
CNA_10xv2_2	GACCTTAGATCAGGTT	SNG	sampleB	10xv2	CD14+ monocyte
CNA_10xv2_2	TGGAGTTACGGACACA	SNG	sampleB	10xv2	CD14+ monocyte
CNA_10xv2_2	ACCTATGGATGCACCG	SNG	sampleA	10xv2	CD4+ T cell
CNA_10xv2_2	GGACACCTGCGTTATG	SNG	sampleB	10xv2	Dendritic cell
CNA_10xv2_2	TGAGAACCTAAGACAT	SNG	sampleB	10xv2	CD4+ T cell
CNA_10xv2_2	TGAAAGAACTTTCTTG	SNG	sampleB	10xv2	CD4+ T cell
CNA_10xv2_2	CGCATCGGATCCAATG	SNG	sampleB	10xv2	CD16+ monocyte
CNA_10xv2_2	GTTTGAGACAGCAATA	SNG	sampleB	10xv2	CD16+ monocyte
CNA_10xv2_2	ACTGTGATGAACGTTC	SNG	sampleB	10xv2	CD14+ monocyte
CNA_10xv2_2	TCCGAGCGATGCTCAA	SNG	sampleB	10xv2	CD16+ monocyte
CNA_10xv2_2	CGGTCTACTTTAGAAG	SNG	sampleB	10xv2	Natural killer cell
CNA_10xv2_2	CGACCAGACTCTGTAG	SNG	sampleA	10xv2	CD14+ monocyte
CNA_10xv2_2	GCATAGTACTATCTGG	SNG	sampleB	10xv2	B cell
CNA_10xv2_2	TCACTATTGAGTCGGA	SNG	sampleB	10xv2	CD14+ monocyte
CNA_10xv2_2	CAGGCTTCTAAGGTGC_GTCTACAGATCTGGGC	SNG	sampleB	10xv2	CD4+ T cell
CNA_10xv2_2	ATTCCTAACTGCTACA	SNG	sampleA	10xv2	CD14+ monocyte
CNA_10xv2_2	GTCGAATACCTCGATA	SNG	sampleB	10xv2	CD4+ T cell
CNA_10xv2_2	GTGTAACTGGAGCCTC	SNG	sampleA	10xv2	B cell
CNA_10xv2_2	TAGGACTTGGCAGGAT	SNG	sampleB	10xv2	Cytotoxic T cell
CNA_10xv2_2	AGCACATTGACCAGTT	SNG	sampleB	10xv2	Cytotoxic T cell
CNA_10xv2_2	CCATAAGTGAGGGAGG	SNG	sampleA	10xv2	CD14+ monocyte
CNA_10xv2_2	TCACCCATGTAACTCG	SNG	sampleA	10xv2	CD4+ T cell
CNA_10xv2_2	CCGTTCTGAGTTCTCC	SNG	sampleB	10xv2	CD14+ monocyte
CNA_10xv2_2	GCGACAAGAGCACCCA	SNG	sampleB	10xv2	CD14+ monocyte
CNA_10xv2_2	ACAGTCATGTGTCACA	SNG	sampleA	10xv2	Natural killer cell
CNA_10xv2_2	CAAACCATGCCGGCTA	SNG	sampleB	10xv2	Cytotoxic T cell
CNA_10xv2_2	CAGGCCATGGCTCAGC	SNG	sampleA	10xv2	CD14+ monocyte
CNA_10xv2_2	CATTAGTCTAAGTTCC	SNG	sampleB	10xv2	CD4+ T cell
CNA_10xv2_2	ATGCAAAGAGAAGGTC	SNG	sampleB	10xv2	CD14+ monocyte
CNA_10xv2_2	TCGGTGCGATCATTTC	SNG	sampleB	10xv2	CD14+ monocyte
CNA_10xv2_2	GTCTAATCTCCCGCAA	SNG	sampleB	10xv2	CD4+ T cell
CNA_10xv2_2	ACATGTGTGTCGGGCT	SNG	sampleB	10xv2	CD16+ monocyte
CNA_10xv2_2	AACAATGGATCTGTAG	SNG	sampleA	10xv2	CD4+ T cell
CNA_10xv2_2	CCTGATCACATAGGTA	SNG	sampleA	10xv2	CD4+ T cell
CNA_10xv2_2	GCGAGCACTCGATCGC	SNG	sampleB	10xv2	CD4+ T cell
CNA_10xv2_2	ATTTAGCCTCGGTTGC	SNG	sampleB	10xv2	Cytotoxic T cell
CNA_10xv2_2	TGACCCTACCAAGTAA	SNG	sampleB	10xv2	Natural killer cell
CNA_10xv2_2	TGTGGCTCTCTATCTT	SNG	sampleB	10xv2	CD16+ monocyte
CNA_10xv2_2	ACGCCCAGATGTTGTG	SNG	sampleB	10xv2	CD4+ T cell
CNA_10xv2_2	CTGCTGGGACTTCAAG	SNG	sampleB	10xv2	CD4+ T cell
CNA_10xv2_2	TAACGAGCTGCTTACA	SNG	sampleB	10xv2	Cytotoxic T cell
CNA_10xv2_2	AATGGCTACGTTGTCA_ACTCTAACTTATCTGG	SNG	sampleA	10xv2	Natural killer cell
CNA_10xv2_2	TGAGCGCACGAATAGT	SNG	sampleA	10xv2	Natural killer cell
CNA_10xv2_2	TGTTACTACGGAGTCA	SNG	sampleB	10xv2	CD14+ monocyte
CNA_10xv2_2	GGAACTACTATTGGTC	SNG	sampleB	10xv2	CD16+ monocyte
CNA_10xv2_2	GTTTCAGGACCATGTA	SNG	sampleA	10xv2	CD4+ T cell
CNA_10xv2_2	TTTGACGGAGGACAGT	SNG	sampleA	10xv2	Natural killer cell
CNA_10xv2_2	TACCGCTTGACACCGC	SNG	sampleB	10xv2	Cytotoxic T cell
CNA_10xv2_2	GCAGACCTGAGGGCTA	SNG	sampleB	10xv2	Cytotoxic T cell
CNA_10xv2_2	CAGCGCATGGGGTTCC	SNG	sampleB	10xv2	CD4+ T cell
CNA_10xv2_2	CCGCAAGTGGCTTCGG	SNG	sampleA	10xv2	CD14+ monocyte
CNA_10xv2_2	CATAGGTACAATCGAA	SNG	sampleA	10xv2	Natural killer cell
CNA_10xv2_2	CAATGCCCTCGCAACC	SNG	sampleA	10xv2	CD4+ T cell
CNA_10xv2_2	GTGCTAATGATGGCCC	SNG	sampleB	10xv2	CD4+ T cell
CNA_10xv2_2	GTAAAGCCTCCTAGTA	SNG	sampleA	10xv2	B cell
CNA_10xv2_2	AGATACGCTTGGCTGC	SNG	sampleB	10xv2	CD4+ T cell
CNA_10xv2_2	AGGCGATGAGTTAGTC	SNG	sampleB	10xv2	CD16+ monocyte
CNA_10xv2_2	GTTCTCGACATGAATG	SNG	sampleB	10xv2	CD14+ monocyte
CNA_10xv2_2	CTGTTGCTGGAACAGC	SNG	sampleB	10xv2	CD4+ T cell
CNA_10xv2_2	CGAAATAGATACGATC	SNG	sampleB	10xv2	Cytotoxic T cell
CNA_10xv2_2	AATTCGGTGAATCCGT	SNG	sampleB	10xv2	B cell
CNA_10xv2_2	CTTTCGTCTTCAATGC	SNG	sampleA	10xv2	CD14+ monocyte
CNA_10xv2_2	CGCTGAGTGAGGTGAC	SNG	sampleB	10xv2	Cytotoxic T cell
CNA_10xv2_2	CTGGTGGTGAAGTTAG	SNG	sampleB	10xv2	Natural killer cell
CNA_10xv2_2	ACGTAGGGATTCGGGC	SNG	sampleA	10xv2	CD14+ monocyte
CNA_10xv2_2	TAGTCCGCTTGTCACA	SNG	sampleB	10xv2	CD4+ T cell
CNA_10xv2_2	TATTCAGCTAGCCCTG	SNG	sampleB	10xv2	CD14+ monocyte
CNA_10xv2_2	GTAAGGCGAAATCTGC	SNG	sampleA	10xv2	CD14+ monocyte
CNA_10xv2_2	GCTAGCGACCAGGTGA	SNG	sampleB	10xv2	Natural killer cell
CNA_10xv2_2	GTCTGGCGATGGGCAA	SNG	sampleA	10xv2	Cytotoxic T cell
CNA_10xv2_2	GGGTGAATGCGCACTG	SNG	sampleA	10xv2	CD14+ monocyte
CNA_10xv2_2	AGAACGCGACATGCTA	SNG	sampleA	10xv2	CD14+ monocyte
CNA_10xv2_2	GTACATCGATCGTCAA	SNG	sampleA	10xv2	CD4+ T cell
CNA_10xv2_2	TCCTGTTCTAACGCAG	SNG	sampleB	10xv2	CD4+ T cell
CNA_10xv2_2	TCGCCGAGAACACCGC	SNG	sampleA	10xv2	Natural killer cell
CNA_10xv2_2	GCACTGTCTAGTCTGT	SNG	sampleA	10xv2	CD14+ monocyte
CNA_10xv2_2	GCCTAGTCTCCTAACA	SNG	sampleB	10xv2	CD16+ monocyte
CNA_10xv2_2	ACAGCCGACACTAGGG	SNG	sampleB	10xv2	B cell
CNA_10xv2_2	ATGTTTCACCATCTTT	SNG	sampleA	10xv2	CD14+ monocyte
CNA_10xv2_2	GGCAGTAGATTCGTTT	SNG	sampleB	10xv2	CD14+ monocyte
CNA_10xv2_2	CCTCACATGTTGTTTC	SNG	sampleB	10xv2	CD4+ T cell
CNA_10xv2_2	TGCACGGACTGGGCCT	SNG	sampleB	10xv2	CD14+ monocyte
CNA_10xv2_2	TGCTAGTGACGGTACC	SNG	sampleB	10xv2	CD14+ monocyte
CNA_10xv2_2	ACCTATGGATAACGAA	SNG	sampleA	10xv2	CD14+ monocyte
CNA_10xv2_2	GTTCCTGTGCAGATTC	SNG	sampleB	10xv2	CD14+ monocyte
CNA_10xv2_2	TCTAACGGACAACGCC	SNG	sampleB	10xv2	B cell
CNA_10xv2_2	AACTAGCACCAATAGA	SNG	sampleB	10xv2	CD16+ monocyte
CNA_10xv2_2	AACTCACGAGCATGAG	SNG	sampleA	10xv2	CD14+ monocyte
CNA_10xv2_2	AAGAGAGGACGACATT	SNG	sampleA	10xv2	CD4+ T cell
CNA_10xv2_2	GGGTGTGCTCTCGATA	SNG	sampleB	10xv2	B cell
CNA_10xv2_2	CCAACACCTTCTGTGA	SNG	sampleA	10xv2	CD4+ T cell
CNA_10xv2_2	CTTGCGGGAGCAGTTT	SNG	sampleA	10xv2	Natural killer cell
CNA_10xv2_2	CTGGCCAGAATACGCT	SNG	sampleB	10xv2	CD14+ monocyte
CNA_10xv2_2	GGTGGAAACTAAGTAG	SNG	sampleB	10xv2	CD14+ monocyte
CNA_10xv2_2	GCATCACCTTGGCTGC	SNG	sampleA	10xv2	CD14+ monocyte
CNA_10xv2_2	CATTCAACTTCTGGGC	SNG	sampleB	10xv2	Cytotoxic T cell
CNA_10xv2_2	GTTTGAGACGCTACGC	SNG	sampleB	10xv2	B cell
CNA_10xv2_2	CACTTAGGATGATCAC	SNG	sampleA	10xv2	Cytotoxic T cell
CNA_10xv2_2	CAGTGGAGATTTGTCT	SNG	sampleB	10xv2	CD14+ monocyte
CNA_10xv2_2	TGTTATCACCCTCCTA	SNG	sampleA	10xv2	CD4+ T cell
CNA_10xv2_2	CAAACCTGATCTTTGT	SNG	sampleA	10xv2	CD14+ monocyte
CNA_10xv2_2	TAGCTCGCTGAAGGTC	SNG	sampleA	10xv2	Natural killer cell
CNA_10xv2_2	TGCTCGACTCGATTGT	SNG	sampleB	10xv2	CD4+ T cell
CNA_10xv2_2	GGCAGTAGATTGACAC	SNG	sampleA	10xv2	CD14+ monocyte
CNA_10xv2_2	CTCCGTAACCAAGTTC	SNG	sampleB	10xv2	CD14+ monocyte
CNA_10xv2_2	GGATGGAACTCGACAT	SNG	sampleA	10xv2	CD14+ monocyte
CNA_10xv2_2	TGTCGCTTGCCTCAAA	SNG	sampleA	10xv2	CD16+ monocyte
CNA_10xv2_2	GTTGAGTTGTTCGCCT	SNG	sampleA	10xv2	Cytotoxic T cell
CNA_10xv2_2	AGCTCGGACAGTCTAC	SNG	sampleB	10xv2	Cytotoxic T cell
CNA_10xv2_2	CGAATTTCTCTGTGCG	SNG	sampleB	10xv2	CD14+ monocyte
CNA_10xv2_2	GGTGGAAACCTAACGT	SNG	sampleB	10xv2	Cytotoxic T cell
CNA_10xv2_2	TCAGACCCTGACACCC	SNG	sampleB	10xv2	Cytotoxic T cell
CNA_10xv2_2	GGATCCCGACAGGGTA	SNG	sampleB	10xv2	CD14+ monocyte
CNA_10xv2_2	AGCTTGCCTCTGGAAG	SNG	sampleB	10xv2	CD4+ T cell
CNA_10xv2_2	TCGCATCACCGGAATG	SNG	sampleB	10xv2	Natural killer cell
CNA_10xv2_2	TTTAAGCCTCCTGTGG	SNG	sampleA	10xv2	CD4+ T cell
CNA_10xv2_2	CTCTTGGACATGTCAC	SNG	sampleB	10xv2	CD14+ monocyte
CNA_10xv2_2	AGGGACCCTCGCACTG	SNG	sampleB	10xv2	CD16+ monocyte
CNA_10xv2_2	CCCAGGATGTAGCTTG	SNG	sampleB	10xv2	Natural killer cell
CNA_10xv2_2	AATCGGACTGAGCCTC	SNG	sampleA	10xv2	B cell
CNA_10xv2_2	TGGTAAGCTAGTGAGC	SNG	sampleB	10xv2	Cytotoxic T cell
CNA_10xv2_2	TCCGTTGACGGTGTCC	SNG	sampleB	10xv2	CD4+ T cell
CNA_10xv2_2	GAACGTTTGTGACCTA	SNG	sampleB	10xv2	CD14+ monocyte
CNA_10xv2_2	TGGACGCACCCCGCAA	SNG	sampleB	10xv2	CD16+ monocyte
CNA_10xv2_2	CCCGACAGATTACGAC	SNG	sampleB	10xv2	CD4+ T cell
CNA_10xv2_2	GCACTGTCTCCGCAGT	SNG	sampleA	10xv2	Natural killer cell
CNA_10xv2_2	TGACCCTACGCTCAGC	SNG	sampleB	10xv2	Cytotoxic T cell
CNA_10xv2_2	AGGTATAGATTCGCCT	SNG	sampleB	10xv2	B cell
CNA_10xv2_2	GAGCATTTGGCTCTTC	SNG	sampleB	10xv2	CD4+ T cell
CNA_10xv2_2	TACCAGTGAATGTCCA	SNG	sampleA	10xv2	Natural killer cell
CNA_10xv2_2	TCCGAGCGAGCCCTTT	SNG	sampleA	10xv2	Cytotoxic T cell
CNA_10xv2_2	GTCACAAACGAACGTG	SNG	sampleA	10xv2	CD4+ T cell
CNA_10xv2_2	GATGAATGATTCTCGC	SNG	sampleB	10xv2	Cytotoxic T cell
CNA_10xv2_2	ATCGCAAACTGGCTTA	SNG	sampleB	10xv2	CD14+ monocyte
CNA_10xv2_2	TACTAACCTGAATGTA	SNG	sampleB	10xv2	CD14+ monocyte
CNA_10xv2_2	GTCTACCACGGTAGAC	SNG	sampleA	10xv2	CD4+ T cell
CNA_10xv2_2	TTCTACATGAACGTGG	SNG	sampleB	10xv2	CD4+ T cell
CNA_10xv2_2	GGATTTGACCCTCGTT	SNG	sampleB	10xv2	CD4+ T cell
CNA_10xv2_2	ATCTGTACTTTGTTTC	SNG	sampleA	10xv2	Cytotoxic T cell
CNA_10xv2_2	GGATTAAGACTGGCAC	SNG	sampleB	10xv2	Cytotoxic T cell
CNA_10xv2_2	GTTCCCATGTCCCGTT	SNG	sampleB	10xv2	CD14+ monocyte
CNA_10xv2_2	TCTGGCTTGCTTGTGA	SNG	sampleA	10xv2	Cytotoxic T cell
CNA_10xv2_2	CAGTCGTCTGCGGTAA	SNG	sampleA	10xv2	CD4+ T cell
CNA_10xv2_2	AGGAAGCACAATGCGG	SNG	sampleA	10xv2	CD14+ monocyte
CNA_10xv2_2	CCCACCTCTGCCCTAG	SNG	sampleB	10xv2	CD14+ monocyte
CNA_10xv2_2	TTGTCCCGAAGTAGGC	SNG	sampleA	10xv2	CD14+ monocyte
CNA_10xv2_2	GAAAGTAACGGGTTCC	SNG	sampleA	10xv2	CD14+ monocyte
CNA_10xv2_2	CGTGCTGGACATGCAT	SNG	sampleB	10xv2	CD4+ T cell
CNA_10xv2_2	AAGGATCCTGCCCAAC	SNG	sampleA	10xv2	CD4+ T cell
CNA_10xv2_2	CATTGTTACCATGATC	SNG	sampleB	10xv2	CD4+ T cell
CNA_10xv2_2	GCTTTCCGAGCTTTGA	SNG	sampleB	10xv2	Natural killer cell
CNA_10xv2_2	AGACGCAGAAGAGGCT	SNG	sampleB	10xv2	CD14+ monocyte
CNA_10xv2_2	CGCTTCCCTTCTGTGA	SNG	sampleA	10xv2	CD14+ monocyte
CNA_10xv2_2	GTTTCAGGAAATCCTG	SNG	sampleB	10xv2	CD4+ T cell
CNA_10xv2_2	AAGCCTAACTTGGTTG	SNG	sampleB	10xv2	CD16+ monocyte
CNA_10xv2_2	AATCGGACTCCATAAC	SNG	sampleB	10xv2	CD16+ monocyte
CNA_10xv2_2	GGGTATGGAAGGGAGG	SNG	sampleB	10xv2	Cytotoxic T cell
CNA_10xv2_2	ATGTGTGTGGATTAAG	SNG	sampleA	10xv2	CD14+ monocyte
CNA_10xv2_2	TGACTCAGACACTCAA	SNG	sampleA	10xv2	CD14+ monocyte
CNA_10xv2_2	CGTTATGGAGCCCAAC	SNG	sampleA	10xv2	Natural killer cell
CNA_10xv2_2	CAAGCAACTCAGCTGC	SNG	sampleA	10xv2	CD14+ monocyte
CNA_10xv2_2	GGTGTAACTAACCCGC	SNG	sampleB	10xv2	Natural killer cell
CNA_10xv2_2	AGCCCAGACGTCGGTC	SNG	sampleA	10xv2	CD4+ T cell
CNA_10xv2_2	GGTAGTTTGGTTAGAA	SNG	sampleA	10xv2	Cytotoxic T cell
CNA_10xv2_2	GGGTGAATGTTCAGTG	SNG	sampleB	10xv2	CD14+ monocyte
CNA_10xv2_2	TGGTCCTTGCCTGAGC	SNG	sampleA	10xv2	Natural killer cell
CNA_10xv2_2	GTAATCGACGAAACAT	SNG	sampleA	10xv2	CD4+ T cell
CNA_10xv2_2	CGTTGCACTTATTGCG	SNG	sampleA	10xv2	Cytotoxic T cell
CNA_10xv2_2	GGTTCACCTGAAGTTA	SNG	sampleB	10xv2	Natural killer cell
CNA_10xv2_2	TGGTAAGCTCGGAATG	SNG	sampleB	10xv2	Cytotoxic T cell
CNA_10xv2_2	GTAAGGCGACGAAGCA	SNG	sampleB	10xv2	Cytotoxic T cell
CNA_10xv2_2	GGGCAATGAGCTCAGC	SNG	sampleA	10xv2	CD4+ T cell
CNA_10xv2_2	GAACCATACAGCCATT	SNG	sampleB	10xv2	CD4+ T cell
CNA_10xv2_2	GCATCAATGACGAGCA	SNG	sampleA	10xv2	CD16+ monocyte
CNA_10xv2_2	CGAGGACCTTTATGGC	SNG	sampleA	10xv2	CD14+ monocyte
CNA_10xv2_2	CCGAGACACAACGCAG	SNG	sampleA	10xv2	CD14+ monocyte
CNA_10xv2_2	GACTACTGACCATGTA	SNG	sampleA	10xv2	CD4+ T cell
CNA_10xv2_2	CGTAGCGACATTGCCA	SNG	sampleB	10xv2	CD4+ T cell
CNA_10xv2_2	GTCCGAGTGCAGTCTA	SNG	sampleB	10xv2	CD4+ T cell
CNA_10xv2_2	TGCCGTGGATCTTTGT	SNG	sampleA	10xv2	CD14+ monocyte
CNA_10xv2_2	CAGGCGACTACCGTTA	SNG	sampleB	10xv2	CD4+ T cell
CNA_10xv2_2	AGTGTTCGAGAGCCTC	SNG	sampleB	10xv2	CD16+ monocyte
CNA_10xv2_2	GACTCCTTGGCCACGT	SNG	sampleA	10xv2	CD14+ monocyte
CNA_10xv2_2	ATCTCTTGAGCACCCA	SNG	sampleA	10xv2	CD4+ T cell
CNA_10xv2_2	GTTATGCGAACAGGTG	SNG	sampleB	10xv2	Cytotoxic T cell
CNA_10xv2_2	ATGATGGCTCACCTAA	SNG	sampleB	10xv2	Natural killer cell
CNA_10xv2_2	GACCTTGCTAGAGGCT	SNG	sampleA	10xv2	CD14+ monocyte
CNA_10xv2_2	GATCCAAACGGCCATC	SNG	sampleB	10xv2	Cytotoxic T cell
CNA_10xv2_2	TGGACAACTTTACGAC	SNG	sampleB	10xv2	CD14+ monocyte
CNA_10xv2_2	TTTCTCGCTACAGGCA	SNG	sampleB	10xv2	B cell
CNA_10xv2_2	AAGATCAGACCATGTA	SNG	sampleA	10xv2	CD14+ monocyte
CNA_10xv2_2	GTAACTCGATGGCTGC	SNG	sampleB	10xv2	CD14+ monocyte
CNA_10xv2_2	CTTTCGGTGGCTTACA	SNG	sampleB	10xv2	CD4+ T cell
CNA_10xv2_2	TTTGCGGCTCACTCAA	SNG	sampleB	10xv2	CD14+ monocyte
CNA_10xv2_2	TTTGACGGATAGCGAG	SNG	sampleA	10xv2	CD14+ monocyte
CNA_10xv2_2	AGGGCAAACTTACGAC	SNG	sampleA	10xv2	CD14+ monocyte
CNA_10xv2_2	TGGACGCACAAGTTAG	SNG	sampleB	10xv2	CD16+ monocyte
CNA_10xv2_2	CTATGTTACGCGAGTA	SNG	sampleB	10xv2	Cytotoxic T cell
CNA_10xv2_2	GCGGCTATGGGAATGC	SNG	sampleB	10xv2	Natural killer cell
CNA_10xv2_2	TCCATGGCTTAATCGC	SNG	sampleA	10xv2	CD14+ monocyte
CNA_10xv2_2	ACCCTTTCTTAACTCG	SNG	sampleA	10xv2	CD14+ monocyte
CNA_10xv2_2	GGATCCCGAGCTACGC	SNG	sampleA	10xv2	CD14+ monocyte
CNA_10xv2_2	CGTTTGCTGGAACGTG	SNG	sampleB	10xv2	B cell
CNA_10xv2_2	GTAGTGGGAGCAGGAT	SNG	sampleB	10xv2	CD14+ monocyte
CNA_10xv2_2	CTACTTTGACTTAAGC	SNG	sampleA	10xv2	CD14+ monocyte
CNA_10xv2_2	TTTCGCTCTTAGGAGC	SNG	sampleA	10xv2	Natural killer cell
CNA_10xv2_2	GCTGGAAGAAGGGCTA	SNG	sampleB	10xv2	Cytotoxic T cell
CNA_10xv2_2	CGAACATACCAAGTAA	SNG	sampleB	10xv2	CD16+ monocyte
CNA_10xv2_2	CCAAGTTGACTTTGTT	SNG	sampleB	10xv2	CD14+ monocyte
CNA_10xv2_2	TTTCGCTCTTAACTCG	SNG	sampleA	10xv2	Cytotoxic T cell
CNA_10xv2_2	TGGCAATTGCCTGAGC	SNG	sampleB	10xv2	CD16+ monocyte
CNA_10xv2_2	GGACGAATGAAGGCCA	SNG	sampleA	10xv2	CD4+ T cell
CNA_10xv2_2	TCCGAGTCTGGAATAT	SNG	sampleB	10xv2	Natural killer cell
CNA_10xv2_2	CGGTTCACTTCTGGGC	SNG	sampleB	10xv2	B cell
CNA_10xv2_2	TTCTATGACTCTATCT	SNG	sampleB	10xv2	CD16+ monocyte
CNA_10xv2_2	AGGGAGTTGACAGGCA	SNG	sampleA	10xv2	CD14+ monocyte
CNA_10xv2_2	TGTCGAAACTGGGCAA	SNG	sampleB	10xv2	B cell
CNA_10xv2_2	GGGAACCCTACCAAGG	SNG	sampleA	10xv2	CD4+ T cell
CNA_10xv2_2	ACACACTGAGAAATCA	SNG	sampleA	10xv2	Natural killer cell
CNA_10xv2_2	CTCGGCAGACAGACCC	SNG	sampleB	10xv2	Cytotoxic T cell
CNA_10xv2_2	CCTCCTGCTTTGACCA	SNG	sampleA	10xv2	Cytotoxic T cell
CNA_10xv2_2	ACTCGGGACCAGGCCT	SNG	sampleB	10xv2	CD16+ monocyte
CNA_10xv2_2	CACATGATGCCGCTAG	SNG	sampleB	10xv2	CD14+ monocyte
CNA_10xv2_2	CCTTCAGTGAAGGTGC	SNG	sampleB	10xv2	CD4+ T cell
CNA_10xv2_2	CAAGATAGATGGGCCT	SNG	sampleB	10xv2	CD14+ monocyte
CNA_10xv2_2	CACTATACTCCTACGG	SNG	sampleB	10xv2	CD16+ monocyte
CNA_10xv2_2	TAGCTGATGATCCTAG	SNG	sampleB	10xv2	CD14+ monocyte
CNA_10xv2_2	GCGCAGTTGGCCCTGA	SNG	sampleA	10xv2	CD16+ monocyte
CNA_10xv2_2	GTACTCAGATATCTGG	SNG	sampleB	10xv2	CD14+ monocyte
CNA_10xv2_2	GCACAATACACAGATA	SNG	sampleA	10xv2	CD4+ T cell
CNA_10xv2_2	GTGGCTGTGAAGCTAA	SNG	sampleA	10xv2	CD4+ T cell
CNA_10xv2_2	ATCAAGCACGCGCTGT	SNG	sampleB	10xv2	CD16+ monocyte
CNA_10xv2_2	GAACGCGCTACACAAA	SNG	sampleB	10xv2	CD16+ monocyte
CNA_10xv2_2	AGTTTCACTGGTTTGT	SNG	sampleA	10xv2	CD14+ monocyte
CNA_10xv2_2	GGTAGCAGATGCTGGC	SNG	sampleB	10xv2	CD14+ monocyte
CNA_10xv2_2	TGGTCAAACAATCCTG	SNG	sampleB	10xv2	CD14+ monocyte
CNA_10xv2_2	GAACAACCTTACCTGA	SNG	sampleA	10xv2	Natural killer cell
CNA_10xv2_2	GACTACTGAGGACAGT	SNG	sampleA	10xv2	Cytotoxic T cell
CNA_10xv2_2	GTGGCAGCTACTAGTC	SNG	sampleA	10xv2	CD4+ T cell
CNA_10xv2_2	GCAGGTCTGTGCATCA	SNG	sampleB	10xv2	B cell
CNA_10xv2_2	CGGACGTTGTTCTCGC	SNG	sampleB	10xv2	Cytotoxic T cell
CNA_10xv2_2	CCATGCTACTCTGTGA	SNG	sampleA	10xv2	CD4+ T cell
CNA_10xv2_2	CTGAAGTACTGCATCA	SNG	sampleA	10xv2	CD4+ T cell
CNA_10xv2_2	GCACGGACTTTCTGAG	SNG	sampleA	10xv2	Natural killer cell
CNA_10xv2_2	TGCGACGACACTAGGG	SNG	sampleA	10xv2	CD14+ monocyte
CNA_10xv2_2	AGTTCACGACCGGACT	SNG	sampleB	10xv2	CD16+ monocyte
CNA_10xv2_2	CTGTAACGAGCTTTGA	SNG	sampleB	10xv2	CD4+ T cell
CNA_10xv2_2	ATCCAGCCTTTACGAC	SNG	sampleB	10xv2	CD16+ monocyte
CNA_10xv2_2	GTTAATCCTATTAAGG	SNG	sampleA	10xv2	CD16+ monocyte
CNA_10xv2_2	CGATACATGCGGAATG	SNG	sampleA	10xv2	Cytotoxic T cell
CNA_10xv2_2	TCGACACCTAGCTGAG	SNG	sampleA	10xv2	CD16+ monocyte
CNA_10xv2_2	CTGCGACGATCTGTAG	SNG	sampleA	10xv2	CD14+ monocyte
CNA_10xv2_2	GCAGTATTGGACAAAT	SNG	sampleB	10xv2	Cytotoxic T cell
CNA_10xv2_2	TGCGGGACTCGTAGAG	SNG	sampleB	10xv2	CD14+ monocyte
CNA_10xv2_2	CTGCGACGACTCATTT	SNG	sampleB	10xv2	CD4+ T cell
CNA_10xv2_2	GTAGGTTTGAGCTGAG	SNG	sampleA	10xv2	CD14+ monocyte
CNA_10xv2_2	GGGTTGCTGTGGTGAG	SNG	sampleB	10xv2	Natural killer cell
CNA_10xv2_2	GATCCAAACGGACACA	SNG	sampleB	10xv2	CD4+ T cell
CNA_10xv2_2	CCCTCCTTGTGCGGCT	SNG	sampleB	10xv2	Natural killer cell
CNA_10xv2_2	TTGCTAACTCAGGGAT	SNG	sampleB	10xv2	Natural killer cell
CNA_10xv2_2	GAGTGTTACCGATTCA	SNG	sampleA	10xv2	CD14+ monocyte
CNA_10xv2_2	TGCTCGACTAAGACAT	SNG	sampleB	10xv2	B cell
CNA_10xv2_2	TCCTGTTCTGAGCCTC	SNG	sampleB	10xv2	B cell
CNA_10xv2_2	TACCCGGGATGTCACA	SNG	sampleB	10xv2	CD14+ monocyte
CNA_10xv2_2	TGCTAGTGAGGCCTGT	SNG	sampleB	10xv2	Cytotoxic T cell
CNA_10xv2_2	CTTGCTGACAGGTAAT	SNG	sampleA	10xv2	Cytotoxic T cell
CNA_10xv2_2	CCAGGCAACTGCTGGC	SNG	sampleB	10xv2	Dendritic cell
CNA_10xv2_2	TGGAATCACAAATGCA	SNG	sampleB	10xv2	CD14+ monocyte
CNA_10xv2_2	CTATGTTACTTGCGTA	SNG	sampleB	10xv2	Natural killer cell
CNA_10xv2_2	TGGAATGCTTGGGCAA	SNG	sampleA	10xv2	CD14+ monocyte
CNA_10xv2_2	TTCCTAAACGTCGGTC	SNG	sampleB	10xv2	B cell
CNA_10xv2_2	TCTTTCAGAAACGTAA	SNG	sampleA	10xv2	CD14+ monocyte
CNA_10xv2_2	ATTTCGACTTGTGCTA	SNG	sampleB	10xv2	Cytotoxic T cell
CNA_10xv2_2	GTGTTGTGATCCAGCG	SNG	sampleA	10xv2	Dendritic cell
CNA_10xv2_2	GTCTACAGATCGTAAC_TGTAGACACGTACTAC	SNG	sampleA	10xv2	CD14+ monocyte
CNA_10xv2_2	TTTCTGAACTACACTG	SNG	sampleB	10xv2	Cytotoxic T cell
CNA_10xv2_2	GTTCTTCCTTCGGGCT	SNG	sampleA	10xv2	B cell
CNA_10xv2_2	AACTAGCACCGCAACC	SNG	sampleB	10xv2	B cell
CNA_10xv2_2	AAATAGGTGCAGGCCT	SNG	sampleB	10xv2	CD16+ monocyte
CNA_10xv2_2	GGTGTAACTCTGGAAG	SNG	sampleB	10xv2	Cytotoxic T cell
CNA_10xv2_2	AGAACCTTGCTTAAGC	SNG	sampleB	10xv2	CD16+ monocyte
CNA_10xv2_2	GTGTTGTGAGCTACGC	SNG	sampleB	10xv2	Dendritic cell
CNA_10xv2_2	CGAGCACTGGTCTGGC	SNG	sampleB	10xv2	Cytotoxic T cell
CNA_10xv2_2	TATGGTTCTTTGTACG	SNG	sampleA	10xv2	CD4+ T cell
CNA_10xv2_2	AAGTACCACAGGACAC	SNG	sampleB	10xv2	B cell
CNA_10xv2_2	CGTCGTTTGTCGTCCT	SNG	sampleA	10xv2	Natural killer cell
CNA_10xv2_2	TCCGTGTTGCAGCACC	SNG	sampleA	10xv2	CD14+ monocyte
CNA_10xv2_2	GCTTCTGTGAAATCGA	SNG	sampleA	10xv2	CD14+ monocyte
CNA_10xv2_2	TTGGGTAACAACGTAA	SNG	sampleA	10xv2	Natural killer cell
CNA_10xv2_2	GGGAAAGCTAAAGTAC	SNG	sampleA	10xv2	CD14+ monocyte
CNA_10xv2_2	GGGCGATCTCAATGAA	SNG	sampleB	10xv2	CD4+ T cell
CNA_10xv2_2	CATTGGAACTGACCTA	SNG	sampleA	10xv2	CD14+ monocyte
CNA_10xv2_2	GAAGTGTCTGACTCGC	SNG	sampleA	10xv2	CD4+ T cell
CNA_10xv2_2	GAAGGACACTCCCGTT	SNG	sampleA	10xv2	CD4+ T cell
CNA_10xv2_2	GATCATGTGCTCATTT	SNG	sampleA	10xv2	Natural killer cell
CNA_10xv2_2	ACGATCATGTGATCAC	SNG	sampleA	10xv2	CD14+ monocyte
CNA_10xv2_2	TGCGTCTACGGCAGTA	SNG	sampleB	10xv2	Cytotoxic T cell
CNA_10xv2_2	AGGCGATGAGCACTTA	SNG	sampleA	10xv2	B cell
CNA_10xv2_2	AGATGGGTGTATGACC	SNG	sampleA	10xv2	CD4+ T cell
CNA_10xv2_2	AACTTGGACTGTCACA	SNG	sampleA	10xv2	CD4+ T cell
CNA_10xv2_2	TGTCCGTTGCCTGCGA	SNG	sampleB	10xv2	Natural killer cell
CNA_10xv2_2	ACTGATTCTGGTAGAC	SNG	sampleB	10xv2	Cytotoxic T cell
CNA_10xv2_2	TCAATGGACTGCTACA	SNG	sampleB	10xv2	CD16+ monocyte
CNA_10xv2_2	GCTCGATCTCAAGGTG	SNG	sampleB	10xv2	CD4+ T cell
CNA_10xv2_2	ACACTGCCTGAATTGA	SNG	sampleA	10xv2	CD4+ T cell
CNA_10xv2_2	CAATCAGTGGCGCACT	SNG	sampleB	10xv2	CD16+ monocyte
CNA_10xv2_2	GGTTGAACTAACGTAA	SNG	sampleB	10xv2	CD14+ monocyte
CNA_10xv2_2	TTCGACCACACGTAAA	SNG	sampleB	10xv2	CD16+ monocyte
CNA_10xv2_2	TGCGAGGCTTAGACAA	SNG	sampleA	10xv2	CD4+ T cell
CNA_10xv2_2	TCGATGATGACTAGTC	SNG	sampleA	10xv2	CD14+ monocyte
CNA_10xv2_2	CCTAACGCTCGTGCAC	SNG	sampleB	10xv2	Cytotoxic T cell
CNA_10xv2_2	CCCACAGGACGAGTTT	SNG	sampleA	10xv2	CD14+ monocyte
CNA_10xv2_2	CTTAGGCCTCAGGGTA	SNG	sampleB	10xv2	Cytotoxic T cell
CNA_10xv2_2	AGCACATTGCTTCACC	SNG	sampleB	10xv2	Cytotoxic T cell
CNA_10xv2_2	AAGCGCCACCTGTACA	SNG	sampleB	10xv2	CD14+ monocyte
CNA_10xv2_2	CCTCACATGGTTAGGG	SNG	sampleA	10xv2	Natural killer cell
CNA_10xv2_2	GCATAGTACGGACCTC	SNG	sampleB	10xv2	CD16+ monocyte
CNA_10xv2_2	CCAACTCACATCCTAG	SNG	sampleA	10xv2	CD14+ monocyte
CNA_10xv2_2	GCACGACACTGGTGAG	SNG	sampleA	10xv2	CD4+ T cell
CNA_10xv2_2	GGTTCCTTGCATCTTT	SNG	sampleB	10xv2	CD14+ monocyte
CNA_10xv2_2	GTCTGGCGAAGTAGGC	SNG	sampleA	10xv2	CD14+ monocyte
CNA_10xv2_2	TCGCGTACTGTTAGAA	SNG	sampleA	10xv2	CD14+ monocyte
CNA_10xv2_2	TGTCTGCACCTGGCAC	SNG	sampleB	10xv2	Natural killer cell
CNA_10xv2_2	ACTGTCCACATGTGGG	SNG	sampleB	10xv2	Cytotoxic T cell
CNA_10xv2_2	TTTCTGAACCGCTCGA	SNG	sampleA	10xv2	Natural killer cell
CNA_10xv2_2	GGAAGGACTCCTAACA	SNG	sampleB	10xv2	CD16+ monocyte
CNA_10xv2_2	TGGTAAGCTGCGCACT	SNG	sampleB	10xv2	CD16+ monocyte
CNA_10xv2_2	TTCTTAGACCGGGTAA	SNG	sampleB	10xv2	CD16+ monocyte
CNA_10xv2_2	CACCCATACAAACATG	SNG	sampleB	10xv2	B cell
CNA_10xv2_2	TGACTCAGATGGGCAA	SNG	sampleB	10xv2	CD14+ monocyte
CNA_10xv2_2	CTGCCATTGCATGCTA	SNG	sampleB	10xv2	B cell
CNA_10xv2_2	GGTAGTTTGCAGACCC	SNG	sampleB	10xv2	CD4+ T cell
CNA_10xv2_2	CAGTAGTTGCGAATCT	SNG	sampleA	10xv2	Cytotoxic T cell
CNA_10xv2_2	TAGGGACGAGTTCTCC	SNG	sampleB	10xv2	Dendritic cell
CNA_10xv2_2	AAGACAAACACACAAA	SNG	sampleB	10xv2	CD16+ monocyte
CNA_10xv2_2	CCCATGTACACGCCAC	SNG	sampleB	10xv2	CD14+ monocyte
CNA_10xv2_2	CTGCGAGTGCGGAAGT	SNG	sampleA	10xv2	B cell
CNA_10xv2_2	AGGTATGCTTGGCTGC	SNG	sampleA	10xv2	CD4+ T cell
CNA_10xv2_2	CGAGGACCTACCGTGC	SNG	sampleA	10xv2	Natural killer cell
CNA_10xv2_2	CGGCTAGTGGGAGTCA	SNG	sampleA	10xv2	B cell
CNA_10xv2_2	ACCGGCTGACCATAAC_TCCCTGTGAGAGCCTC	SNG	sampleB	10xv2	CD4+ T cell
CNA_10xv2_2	CAACACCCTGCGCTGT	SNG	sampleB	10xv2	Cytotoxic T cell
CNA_10xv2_2	CTTATTGTGGTCCCAG	SNG	sampleA	10xv2	CD4+ T cell
CNA_10xv2_2	ACCTCCATGCTCCTAC	SNG	sampleA	10xv2	Natural killer cell
CNA_10xv2_2	CGTGCAGACCGGAATG	SNG	sampleB	10xv2	CD4+ T cell
CNA_10xv2_2	GTACCCTTGAACGTGG	SNG	sampleB	10xv2	Dendritic cell
CNA_10xv2_2	CGCCCTTCTTAGGTTC	SNG	sampleA	10xv2	Cytotoxic T cell
CNA_10xv2_2	ATCGCAAACGGAATAT_CCTTCTTTGAACGTTC	SNG	sampleB	10xv2	CD14+ monocyte
CNA_10xv2_2	AATGATGGATGAACAA	SNG	sampleB	10xv2	B cell
CNA_10xv2_2	TAGCGCGACCGAGGTA	SNG	sampleB	10xv2	Natural killer cell
CNA_10xv2_2	GGGTAGAACATCCTAG	SNG	sampleB	10xv2	CD14+ monocyte
CNA_10xv2_2	GACGCACTGAAGTCTC	SNG	sampleB	10xv2	CD14+ monocyte
CNA_10xv2_2	AATGGTGCTAGAGGCT_ATCGCAAACGGAATAT	SNG	sampleB	10xv2	CD14+ monocyte
CNA_10xv2_2	AATGGTGCTAGAGGCT_ATCGCAAACGGAATAT_CCTTCTTTGAACGTTC	SNG	sampleB	10xv2	CD14+ monocyte
CNA_10xv2_2	TCCAAAGTGTACGTTG	SNG	sampleB	10xv2	CD4+ T cell
CNA_10xv2_2	AAAGTCAGAGGACCAA	SNG	sampleB	10xv2	CD16+ monocyte
CNA_10xv2_2	CCTAACGCTAATCGAA	SNG	sampleA	10xv2	CD14+ monocyte
CNA_10xv2_2	CGACATCCTGCTTCGG	SNG	sampleA	10xv2	CD14+ monocyte
CNA_10xv2_2	TCTGGCTTGAATGCTC	SNG	sampleA	10xv2	CD16+ monocyte
CNA_10xv2_2	TGTTAACCTATAACCC	SNG	sampleA	10xv2	CD14+ monocyte
CNA_10xv2_2	GTGAAGCGAGAACAGC	SNG	sampleA	10xv2	CD16+ monocyte
CNA_10xv2_2	TGTAGACACCCTACGG	SNG	sampleA	10xv2	CD14+ monocyte
CNA_10xv2_2	ATATTCGCTCCAACGC	SNG	sampleB	10xv2	CD14+ monocyte
CNA_10xv2_2	CCATCCATGCGACAAG	SNG	sampleB	10xv2	Natural killer cell
CNA_10xv2_2	TTAGCGATGGCCCAAC	SNG	sampleB	10xv2	CD14+ monocyte
CNA_10xv2_2	CCGACAGTGGCCGTTG	SNG	sampleA	10xv2	CD4+ T cell
CNA_10xv2_2	ACAAAGAACCGAGTGA	SNG	sampleA	10xv2	CD14+ monocyte
CNA_10xv2_2	TCACGGGACGACACCC	SNG	sampleA	10xv2	CD4+ T cell
CNA_10xv2_2	AGCGCAAGATGCAAGG	SNG	sampleB	10xv2	CD14+ monocyte
CNA_10xv2_2	AGCTATGACCATGCAT	SNG	sampleB	10xv2	Natural killer cell
CNA_10xv2_2	GTGGTTAACTCTATCT	SNG	sampleB	10xv2	CD14+ monocyte
CNA_10xv2_2	GTTGACTGACGAAGCA	SNG	sampleA	10xv2	CD14+ monocyte
CNA_10xv2_2	GGAACTACTGAAATCA	SNG	sampleA	10xv2	CD14+ monocyte
CNA_10xv2_2	ACCTCAGCTTGCATGT	SNG	sampleA	10xv2	CD14+ monocyte
CNA_10xv2_2	CTGGCCAGATTGCGCG	SNG	sampleA	10xv2	Natural killer cell
CNA_10xv2_2	AGCAACTTGCAGCAAG	SNG	sampleB	10xv2	B cell
CNA_10xv2_2	GTCGGCTGAGTGAGCA	SNG	sampleB	10xv2	B cell
CNA_10xv2_2	GGTAGTTTGACAACAA	SNG	sampleB	10xv2	CD4+ T cell
CNA_10xv2_2	CCTGAGGACTCGTAAC	SNG	sampleB	10xv2	Cytotoxic T cell
CNA_10xv2_2	AAGTTTCCTCTGGAAG	SNG	sampleB	10xv2	CD16+ monocyte
CNA_10xv2_2	CGATACCCTCGATCGC	SNG	sampleA	10xv2	CD14+ monocyte
CNA_10xv2_2	TGCAATGTGGTTGGTT	SNG	sampleA	10xv2	B cell
CNA_10xv2_2	CTCTGGACTGAACAGC	SNG	sampleB	10xv2	CD16+ monocyte
CNA_10xv2_2	AAGACAAACTGCTACA	SNG	sampleA	10xv2	Cytotoxic T cell
CNA_10xv2_2	TGGACCCGATTCTGGA	SNG	sampleB	10xv2	Cytotoxic T cell
CNA_10xv2_2	AATGGCTACCGTGCAC	SNG	sampleA	10xv2	CD4+ T cell
CNA_10xv2_2	CCACTTGTGCTGGAAG	SNG	sampleB	10xv2	CD14+ monocyte
CNA_10xv2_2	ATGTCCGCTCTGGGTC	SNG	sampleB	10xv2	Cytotoxic T cell
CNA_10xv2_2	GCTGGACACAGTGAGC	SNG	sampleA	10xv2	CD14+ monocyte
CNA_10xv2_2	CCTTGGTACGATTAAG	SNG	sampleB	10xv2	Natural killer cell
CNA_10xv2_2	GGTTGAACTTCCCGTT	SNG	sampleA	10xv2	CD14+ monocyte
CNA_10xv2_2	TTCTAACACTAGCAGG	SNG	sampleB	10xv2	Cytotoxic T cell
CNA_10xv2_2	TTGGTCCACAAACTGA	SNG	sampleB	10xv2	CD14+ monocyte
CNA_10xv2_2	AAGACAAACAGACAAT	SNG	sampleB	10xv2	Dendritic cell
CNA_10xv2_2	TAGTCCGCTCATGCAT	SNG	sampleB	10xv2	B cell
CNA_10xv2_2	GCAATCATGGACCGAA	SNG	sampleA	10xv2	CD14+ monocyte
CNA_10xv2_2	ACTGGGCACGTCGGTC	SNG	sampleB	10xv2	Natural killer cell
CNA_10xv2_2	TACACAGACTGCTTGA	SNG	sampleA	10xv2	CD14+ monocyte
CNA_10xv2_2	TAACGAAGAACAGATA	SNG	sampleA	10xv2	CD14+ monocyte
CNA_10xv2_2	GAAGCACGAACGTGCC	SNG	sampleB	10xv2	CD14+ monocyte
CNA_10xv2_2	AGCCAATTGATCACAC	SNG	sampleB	10xv2	CD16+ monocyte
CNA_10xv2_2	TGGGAGTGACCTAGTA	SNG	sampleA	10xv2	CD14+ monocyte
CNA_10xv2_2	GGTTCATGAAAGTTCC	SNG	sampleA	10xv2	CD4+ T cell
CNA_10xv2_2	GACGCGACTAAGTCTC	SNG	sampleA	10xv2	CD4+ T cell
CNA_10xv2_2	TGGACATACTGGCAAG	SNG	sampleA	10xv2	CD14+ monocyte
CNA_10xv2_2	CCTATCGACGCTACGC	SNG	sampleB	10xv2	B cell
CNA_10xv2_2	GACCTTAGATCGGGCT	SNG	sampleB	10xv2	CD16+ monocyte
CNA_10xv2_2	AGCCAGCACCGGTACC	SNG	sampleB	10xv2	CD14+ monocyte
CNA_10xv2_2	CTAATCACTTTTGGGT	SNG	sampleB	10xv2	CD14+ monocyte
CNA_10xv2_2	AGGTATGCTATCAGGG	SNG	sampleB	10xv2	B cell
CNA_10xv2_2	TACCGACCTGATTAAG	SNG	sampleA	10xv2	CD14+ monocyte
CNA_10xv2_2	CGCCCTTCTTTCTCGC	SNG	sampleB	10xv2	B cell
CNA_10xv2_2	TCGGACCGATCCCAGG	SNG	sampleA	10xv2	CD14+ monocyte
CNA_10xv2_2	TACCTCGACGGACACA	SNG	sampleA	10xv2	Cytotoxic T cell
CNA_10xv2_2	CGCATTCTGCGACTAT	SNG	sampleB	10xv2	CD14+ monocyte
CNA_10xv2_2	GTCGATAACGCACCCA	SNG	sampleA	10xv2	CD4+ T cell
CNA_10xv2_2	AGACTACTGAGGACCA	SNG	sampleB	10xv2	CD14+ monocyte
CNA_10xv2_2	GGTCAGAGAGCATGAG	SNG	sampleB	10xv2	CD4+ T cell
CNA_10xv2_2	CAATCGCCTTCTTTGT	SNG	sampleA	10xv2	CD16+ monocyte
CNA_10xv2_2	TTCCTACCTCAGACCC	SNG	sampleA	10xv2	Natural killer cell
CNA_10xv2_2	AACCAACACCAAGTTC	SNG	sampleA	10xv2	Cytotoxic T cell
CNA_10xv2_2	GAATCAGCTCCAACGC	SNG	sampleA	10xv2	Cytotoxic T cell
CNA_10xv2_2	GCCTAGTCTAATCCGT	SNG	sampleB	10xv2	Natural killer cell
CNA_10xv2_2	ACCAAGTTGTGCGGCT	SNG	sampleB	10xv2	Cytotoxic T cell
CNA_10xv2_2	TGGTTTGGATAACTCG	SNG	sampleA	10xv2	CD14+ monocyte
CNA_10xv2_2	TGACTTGGACGAACAG	SNG	sampleA	10xv2	Cytotoxic T cell
CNA_10xv2_2	AACGCGAGATTCAGTG	SNG	sampleB	10xv2	Natural killer cell
CNA_10xv2_2	GGACGCTTGGTTAGTC	SNG	sampleA	10xv2	CD4+ T cell
CNA_10xv2_2	CTATGTTACCAGGTGA	SNG	sampleB	10xv2	CD16+ monocyte
CNA_10xv2_2	TGCTAGTGACGTACAT	SNG	sampleA	10xv2	CD4+ T cell
CNA_10xv2_2	ACTTGCCTGAGTCGGA	SNG	sampleB	10xv2	Cytotoxic T cell
CNA_10xv2_2	CATCGAAACCGGAAGT	SNG	sampleB	10xv2	CD14+ monocyte
CNA_10xv2_2	GCTTCTGTGCCCGCAA	SNG	sampleA	10xv2	Natural killer cell
CNA_10xv2_2	GCGGCAACTGGAGTCA	SNG	sampleB	10xv2	CD16+ monocyte
CNA_10xv2_2	CCCAGGATGGGCCTGT	SNG	sampleA	10xv2	Natural killer cell
CNA_10xv2_2	GCGCAGTTGGCTTTGA	SNG	sampleB	10xv2	CD14+ monocyte
CNA_10xv2_2	CATTACACTATCGGTT	SNG	sampleB	10xv2	Cytotoxic T cell
CNA_10xv2_2	GACTATCGATATTGCG	SNG	sampleB	10xv2	Cytotoxic T cell
CNA_10xv2_2	AGATATGGACACAGTT	SNG	sampleB	10xv2	Cytotoxic T cell
CNA_10xv2_2	AAACATGGAATGTCAC	SNG	sampleB	10xv2	CD14+ monocyte
CNA_10xv2_2	CCTGCTATGCCTCGTT	SNG	sampleA	10xv2	CD14+ monocyte
CNA_10xv2_2	CCGATTCACGCCCTGA	SNG	sampleA	10xv2	CD14+ monocyte
CNA_10xv2_2	GTTGACTGAAAACTGA	SNG	sampleA	10xv2	CD14+ monocyte
CNA_10xv2_2	GATATCGTGAGTACGG	SNG	sampleA	10xv2	Natural killer cell
CNA_10xv2_2	GCCTCTTGAGTTAGAA	SNG	sampleB	10xv2	CD4+ T cell
CNA_10xv2_2	GCTGAATTGAGGACAC	SNG	sampleA	10xv2	B cell
CNA_10xv2_2	TAGCATTCTTGCTGGC	SNG	sampleA	10xv2	Cytotoxic T cell
CNA_10xv2_2	AGCGCAAGAAGGTGAC	SNG	sampleA	10xv2	Cytotoxic T cell
CNA_10xv2_2	GCTAGCGACGCTAGAG	SNG	sampleB	10xv2	Natural killer cell
CNA_10xv2_2	ATCGCAAACCTACTCC	SNG	sampleA	10xv2	CD16+ monocyte
CNA_10xv2_2	ATGGGTACTCTCCTAC	SNG	sampleB	10xv2	Cytotoxic T cell
CNA_10xv2_2	GGACGCTTGTCGCAGC	SNG	sampleA	10xv2	CD14+ monocyte
CNA_10xv2_2	ATACCTGGAGTCCCGA	SNG	sampleB	10xv2	CD14+ monocyte
CNA_10xv2_2	CCACTCTGAAGGCGTA	SNG	sampleB	10xv2	CD14+ monocyte
CNA_10xv2_2	TGGTAGGGAGAACCTT	SNG	sampleA	10xv2	CD14+ monocyte
CNA_10xv2_2	AACGCGAGACGAATCT	SNG	sampleB	10xv2	B cell
CNA_10xv2_2	CTATTCAACGGGTTCC	SNG	sampleB	10xv2	B cell
CNA_10xv2_2	TGTGTAGTGTCCCAGG	SNG	sampleB	10xv2	Cytotoxic T cell
CNA_10xv2_2	AGAGGGACTTGCAAGG_TCGTAATCTATAGCAA	SNG	sampleB	10xv2	CD14+ monocyte
